-- SUCURSAL

INSERT INTO sucursal(rfc,nombre,tel,horario,edo,calle,num,cp,alcMun,correo) VALUES ('QURU260117138','Marshal','8083340487','19:43','Guerrero','Waubesa',25,'35374','San Isidro','msellner0@webmd.com');
INSERT INTO sucursal(rfc,nombre,tel,horario,edo,calle,num,cp,alcMun,correo) VALUES ('XUQX6316033H9','Georgie','6263219575','19:18','Chihuahua','Golf',94537,'52771','Benito Juarez','gneal1@unc.edu');
INSERT INTO sucursal(rfc,nombre,tel,horario,edo,calle,num,cp,alcMun,correo) VALUES ('FAYW200836SC8','Lucia','1347622830','21:29','Tabasco','Bowman',091,'11487','Emiliano Zapata','lmassard2@xinhuanet.com');
INSERT INTO sucursal(rfc,nombre,tel,horario,edo,calle,num,cp,alcMun,correo) VALUES ('QUZL111830GG0','Dannye','4106293761','18:11','Morelos','Raven',956,'60104','Loma Bonita','dschorah3@dropbox.com');
INSERT INTO sucursal(rfc,nombre,tel,horario,edo,calle,num,cp,alcMun,correo) VALUES ('TUFA9801296O4','Mal','2017669368','19:54','Puebla','Buena Vista',6738,'61089','Alvaro Obregon','melliston4@soundcloud.com');
INSERT INTO sucursal(rfc,nombre,tel,horario,edo,calle,num,cp,alcMun,correo) VALUES ('KAHP29103995C','Rowen','8845236070','15:10','Hidalgo','Continental',26,'13603','Emiliano Zapata','rphlippi5@yandex.ru');
INSERT INTO sucursal(rfc,nombre,tel,horario,edo,calle,num,cp,alcMun,correo) VALUES ('IUYT290613116','Jeanne','7482720834','15:45','Sonora','Anniversary',57,'97162','Buenos Aires','jwalduck6@ocn.ne.jp');
INSERT INTO sucursal(rfc,nombre,tel,horario,edo,calle,num,cp,alcMun,correo) VALUES ('LUVK030421EIJ','Anders','4035553180','19:05','Tamaulipas','Fulton',11874,'35652','Los Pinos','abignal7@quantcast.com');
INSERT INTO sucursal(rfc,nombre,tel,horario,edo,calle,num,cp,alcMun,correo) VALUES ('YEAV261025N29','Tommi','4841268683','22:57','Tamaulipas','Ruskin',6354,'00726','Las Flores','twedderburn8@phoca.cz');
INSERT INTO sucursal(rfc,nombre,tel,horario,edo,calle,num,cp,alcMun,correo) VALUES ('KUEZ36143933T','Georgeanne','8512686602','15:01','Yucatan','Coleman',02,'36534','Santa Maria','gkausche9@google.com');
INSERT INTO sucursal(rfc,nombre,tel,horario,edo,calle,num,cp,alcMun,correo) VALUES ('SUXF421335376','Avictor','7731341317','12:34','Tamaulipas','Autumn Leaf',72,'06088','Magdaleno Aguilar','afilipponia@reddit.com');
INSERT INTO sucursal(rfc,nombre,tel,horario,edo,calle,num,cp,alcMun,correo) VALUES ('AOYI910101689','Tybi','9932321626','17:45','Veracruz Llave','Buhler',527,'58189','Ricardo Flores Magon','tdebeauchampb@telegraph.co.uk');
INSERT INTO sucursal(rfc,nombre,tel,horario,edo,calle,num,cp,alcMun,correo) VALUES ('JATS33101301U','Ase','1298950866','23:48','Sinaloa','Pearson',1865,'78058','Lazaro Cardenas','acatherickc@blog.com');
INSERT INTO sucursal(rfc,nombre,tel,horario,edo,calle,num,cp,alcMun,correo) VALUES ('VUYC561808C17','Gracia','2992952813','14:45','Coahuila De Zaragoza','Village',126,'44282','Chapultepec','gbaythorpd@canalblog.com');
INSERT INTO sucursal(rfc,nombre,tel,horario,edo,calle,num,cp,alcMun,correo) VALUES ('MESL7912270IQ','Silvia','7649284635','20:08','Jalisco','Eggendart',14,'42239','El Cerrito','stellinge@admin.ch');
INSERT INTO sucursal(rfc,nombre,tel,horario,edo,calle,num,cp,alcMun,correo) VALUES ('DAEO270010PT4','Rubie','8517431005','17:11','Puebla','Warner',271,'02747','Morelos','rglasscoef@cargocollective.com');
INSERT INTO sucursal(rfc,nombre,tel,horario,edo,calle,num,cp,alcMun,correo) VALUES ('MEGU930811TL3','Sara-ann','5199225060','16:56','Puebla','Talisman',2,'99266','Lazaro Cardenas','sharloweg@senate.gov');
INSERT INTO sucursal(rfc,nombre,tel,horario,edo,calle,num,cp,alcMun,correo) VALUES ('JOAC591637UC3','Shelby','8519245056','22:48','Veracruz Llave','Montana',8,'45767','Las Flores','srobbekeh@independent.co.uk');
INSERT INTO sucursal(rfc,nombre,tel,horario,edo,calle,num,cp,alcMun,correo) VALUES ('WURB800325UD8','Bing','6843595552','13:52','Veracruz Llave','Everett',48572,'35920','Los Pinos','bclarkewilliamsi@uiuc.edu');
INSERT INTO sucursal(rfc,nombre,tel,horario,edo,calle,num,cp,alcMun,correo) VALUES ('QOLH310124B3J','Camille','4887910585','12:09','Jalisco','Shopko',476,'69273','La Loma','cjennisonj@msn.com');

-- PROVEEDOR

INSERT INTO proveedor(rfc,nombre,tel,edo,calle,num,cp) VALUES ('TUWL6411306W2','Korney','6069870560','Jalisco','Toban',15113,'42002');
INSERT INTO proveedor(rfc,nombre,tel,edo,calle,num,cp) VALUES ('KIEM531712JVK','Evan','4856762337','Chihuahua','Toban',54,'59125');
INSERT INTO proveedor(rfc,nombre,tel,edo,calle,num,cp) VALUES ('KUOJ200129E6I','Dmitri','9602053887','Tamaulipas','7th',758,'99999');
INSERT INTO proveedor(rfc,nombre,tel,edo,calle,num,cp) VALUES ('BISZ0701202LM','Lianna','3919993051','Mexico','Rusk',752,'63239');
INSERT INTO proveedor(rfc,nombre,tel,edo,calle,num,cp) VALUES ('VURW071130210','Wright','8385148846','Chihuahua','Trailsway',80,'75478');
INSERT INTO proveedor(rfc,nombre,tel,edo,calle,num,cp) VALUES ('AIAM12043053R','Ainsley','4228345262','Mexico','Prairie Rose',65610,'87248');
INSERT INTO proveedor(rfc,nombre,tel,edo,calle,num,cp) VALUES ('POLR841038LWI','Massimo','2042532010','Oaxaca','Melvin',8,'55072');
INSERT INTO proveedor(rfc,nombre,tel,edo,calle,num,cp) VALUES ('UOZP860931VX7','Wenona','2229030292','Guerrero','Northport',1,'55305');
INSERT INTO proveedor(rfc,nombre,tel,edo,calle,num,cp) VALUES ('YIVE310938CS5','Raimundo','1116876416','Hidalgo','Towne',3420,'80051');
INSERT INTO proveedor(rfc,nombre,tel,edo,calle,num,cp) VALUES ('SUOF960233985','Jacquenette','5325482617','Guanajuato','John Wall',8,'52501');
INSERT INTO proveedor(rfc,nombre,tel,edo,calle,num,cp) VALUES ('HUNP020418007','Derick','2402772256','Chihuahua','Center',963,'07459');
INSERT INTO proveedor(rfc,nombre,tel,edo,calle,num,cp) VALUES ('KEFY581122J19','Scarface','1217146939','Guanajuato','Lunder',6,'54456');
INSERT INTO proveedor(rfc,nombre,tel,edo,calle,num,cp) VALUES ('EOZL730327367','Ailbert','4716148350','Coahuila De Zaragoza','Holy Cross',65,'52427');
INSERT INTO proveedor(rfc,nombre,tel,edo,calle,num,cp) VALUES ('REEC550607ZM8','Courtnay','2103355909','Puebla','Loomis',1,'58169');
INSERT INTO proveedor(rfc,nombre,tel,edo,calle,num,cp) VALUES ('PAWR031534IHL','Torrence','2949394780','Durango','Elmside',459,'53557');
INSERT INTO proveedor(rfc,nombre,tel,edo,calle,num,cp) VALUES ('MUKS8603277JC','Carola','5632125378','Guerrero','Monica',95,'61838');
INSERT INTO proveedor(rfc,nombre,tel,edo,calle,num,cp) VALUES ('UUKR341735D01','Idalia','6309082874','Guanajuato','Iowa',059,'78448');
INSERT INTO proveedor(rfc,nombre,tel,edo,calle,num,cp) VALUES ('TUNZ7410285HW','Nobe','2344915899','Guerrero','Mallard',96553,'69313');
INSERT INTO proveedor(rfc,nombre,tel,edo,calle,num,cp) VALUES ('LUUW73153172J','Katine','8095484040','Guerrero','Talmadge',619,'96762');
INSERT INTO proveedor(rfc,nombre,tel,edo,calle,num,cp) VALUES ('BITJ5517355F5','Lockwood','9581867261','Michoacan De Ocampo','Park Meadow',81229,'41657');
INSERT INTO proveedor(rfc,nombre,tel,edo,calle,num,cp) VALUES ('HOEH83133645A','Nealon','2393026108','Michoacan De Ocampo','Thierer',98453,'44276');
INSERT INTO proveedor(rfc,nombre,tel,edo,calle,num,cp) VALUES ('IULH43042839H','Frans','8915970277','Guanajuato','Claremont',819,'43170');
INSERT INTO proveedor(rfc,nombre,tel,edo,calle,num,cp) VALUES ('VOYD501532Q64','Constanta','5684669461','Nayarit','Ronald Regan',2428,'32011');
INSERT INTO proveedor(rfc,nombre,tel,edo,calle,num,cp) VALUES ('YIHQ62132192J','Dottie','7294285349','Michoacan De Ocampo','Nancy',9353,'72359');
INSERT INTO proveedor(rfc,nombre,tel,edo,calle,num,cp) VALUES ('FIPQ54113631P','Chucho','7955748182','Oaxaca','Reinke',39,'44290');
INSERT INTO proveedor(rfc,nombre,tel,edo,calle,num,cp) VALUES ('POZI9106252F1','Raimundo','7116243906','Chiapas','Butterfield',240,'65332');
INSERT INTO proveedor(rfc,nombre,tel,edo,calle,num,cp) VALUES ('EOYT051438W02','Pollyanna','4857562785','Chiapas','Doe Crossing',92883,'23228');
INSERT INTO proveedor(rfc,nombre,tel,edo,calle,num,cp) VALUES ('GOFU570936823','Stevy','9667759867','Guanajuato','Artisan',48386,'97727');
INSERT INTO proveedor(rfc,nombre,tel,edo,calle,num,cp) VALUES ('WUQF400734F0A','Janey','9995361403','Jalisco','Caliangt',625,'64598');
INSERT INTO proveedor(rfc,nombre,tel,edo,calle,num,cp) VALUES ('SUHG9719260V9','Norbie','1221128387','San Luis Potosi','Oak',8544,'38049');
INSERT INTO proveedor(rfc,nombre,tel,edo,calle,num,cp) VALUES ('COFO3506304LZ','Mollee','5221743046','Guerrero','Fallview',0,'84787');
INSERT INTO proveedor(rfc,nombre,tel,edo,calle,num,cp) VALUES ('UUEI680311NKI','Haley','6648418394','Mexico','Rowland',581,'26940');
INSERT INTO proveedor(rfc,nombre,tel,edo,calle,num,cp) VALUES ('SOCI6315052XY','Colman','4779140533','Durango','International',9,'56541');
INSERT INTO proveedor(rfc,nombre,tel,edo,calle,num,cp) VALUES ('QUCU20023189S','Baird','6505098160','Chiapas','Briar Crest',014,'45315');
INSERT INTO proveedor(rfc,nombre,tel,edo,calle,num,cp) VALUES ('DUHD301335462','Dirk','9083158255','Jalisco','Morningstar',1176,'89041');
INSERT INTO proveedor(rfc,nombre,tel,edo,calle,num,cp) VALUES ('NUDP3610348CL','Araldo','5484806206','Mexico','Dryden',8,'23409');
INSERT INTO proveedor(rfc,nombre,tel,edo,calle,num,cp) VALUES ('UIGJ991629N7V','Tirrell','1951016219','Chiapas','Center',044,'04068');
INSERT INTO proveedor(rfc,nombre,tel,edo,calle,num,cp) VALUES ('OEQU1512357NL','Babara','4356313222','Michoacan De Ocampo','Buell',831,'54167');
INSERT INTO proveedor(rfc,nombre,tel,edo,calle,num,cp) VALUES ('HUFP840616T8W','Braden','1006328551','Jalisco','Summer Ridge',14599,'09594');
INSERT INTO proveedor(rfc,nombre,tel,edo,calle,num,cp) VALUES ('BULM411622I91','Karmen','8676014372','Guerrero','Gulseth',7621,'86126');
INSERT INTO proveedor(rfc,nombre,tel,edo,calle,num,cp) VALUES ('RUDM370412RCT','Kennan','1659050576','Coahuila De Zaragoza','Badeau',440,'86040');
INSERT INTO proveedor(rfc,nombre,tel,edo,calle,num,cp) VALUES ('DOXW30123828A','Helge','7323128265','Guerrero','Armistice',365,'92733');
INSERT INTO proveedor(rfc,nombre,tel,edo,calle,num,cp) VALUES ('XUGD221936XU7','Monte','7128836107','Jalisco','Fremont',5367,'95718');
INSERT INTO proveedor(rfc,nombre,tel,edo,calle,num,cp) VALUES ('GUDO48173998D','Melva','2693114365','Oaxaca','Paget',51,'55859');
INSERT INTO proveedor(rfc,nombre,tel,edo,calle,num,cp) VALUES ('XOMO111309R8Y','Hilda','3498122629','Coahuila De Zaragoza','Huxley',025,'81491');
INSERT INTO proveedor(rfc,nombre,tel,edo,calle,num,cp) VALUES ('OUXF631525HX7','Valaria','6951268443','Chiapas','Logan',2,'27604');
INSERT INTO proveedor(rfc,nombre,tel,edo,calle,num,cp) VALUES ('YUHT7512357TF','Brook','3267773183','Jalisco','Vermont',3,'72358');
INSERT INTO proveedor(rfc,nombre,tel,edo,calle,num,cp) VALUES ('EOIV5809229CC','Haleigh','4553270294','Mexico','Bay',627,'42266');
INSERT INTO proveedor(rfc,nombre,tel,edo,calle,num,cp) VALUES ('AOVW7308179P5','Kippy','2248873912','Coahuila De Zaragoza','Nelson',83,'73609');
INSERT INTO proveedor(rfc,nombre,tel,edo,calle,num,cp) VALUES ('AANW3214357MR','Diane-marie','6231065747','Guanajuato','Bluejay',29258,'56447');
INSERT INTO proveedor(rfc,nombre,tel,edo,calle,num,cp) VALUES ('EUHQ2508370JL','Gertrude','9593570588','Guerrero','Holmberg',258,'75742');
INSERT INTO proveedor(rfc,nombre,tel,edo,calle,num,cp) VALUES ('OUOH631133G4Y','Vasili','8586895525','Guanajuato','Grasskamp',91,'69351');
INSERT INTO proveedor(rfc,nombre,tel,edo,calle,num,cp) VALUES ('QUTH110425C6I','Riobard','4606622539','Tabasco','Dayton',960,'69755');
INSERT INTO proveedor(rfc,nombre,tel,edo,calle,num,cp) VALUES ('SAEA150513FIH','Arleyne','9439718768','Chiapas','Stoughton',0209,'33294');
INSERT INTO proveedor(rfc,nombre,tel,edo,calle,num,cp) VALUES ('HOOG4712366D0','Roxane','1403374272','Nuevo Leon','Westerfield',6,'88918');
INSERT INTO proveedor(rfc,nombre,tel,edo,calle,num,cp) VALUES ('BIKT771939G90','Martelle','6506644610','Tamaulipas','Rieder',08,'16230');
INSERT INTO proveedor(rfc,nombre,tel,edo,calle,num,cp) VALUES ('NOXH030133V5O','Olga','1381523843','Tamaulipas','Bultman',70283,'07346');
INSERT INTO proveedor(rfc,nombre,tel,edo,calle,num,cp) VALUES ('ROOM670822165','Nels','9251278430','Michoacan De Ocampo','2nd',9,'68643');
INSERT INTO proveedor(rfc,nombre,tel,edo,calle,num,cp) VALUES ('BOZV270827K89','Maddy','5944706197','Puebla','International',475,'21805');
INSERT INTO proveedor(rfc,nombre,tel,edo,calle,num,cp) VALUES ('AALP3010373BG','Giulia','2781869906','Coahuila De Zaragoza','Rigney',22,'75315');
INSERT INTO proveedor(rfc,nombre,tel,edo,calle,num,cp) VALUES ('LEAN960123517','Ches','2494191623','Guerrero','Declaration',74,'42697');
INSERT INTO proveedor(rfc,nombre,tel,edo,calle,num,cp) VALUES ('XUDX240418Y3F','Karoline','7114180013','Tabasco','Linden',22476,'28978');
INSERT INTO proveedor(rfc,nombre,tel,edo,calle,num,cp) VALUES ('AIWS910738KBW','Thurston','4187002244','Chihuahua','Lakewood',0,'16778');
INSERT INTO proveedor(rfc,nombre,tel,edo,calle,num,cp) VALUES ('PEDO4504302O4','Alexia','1079537882','Durango','Welch',0,'54503');
INSERT INTO proveedor(rfc,nombre,tel,edo,calle,num,cp) VALUES ('LULV2901264S1','Kessia','2154550092','Sonora','Elka',1656,'50436');
INSERT INTO proveedor(rfc,nombre,tel,edo,calle,num,cp) VALUES ('OUDU700037565','Lorrie','7266244811','Tamaulipas','Grayhawk',6246,'80290');
INSERT INTO proveedor(rfc,nombre,tel,edo,calle,num,cp) VALUES ('YOEP841439148','Roderic','1116856111','Jalisco','Graedel',121,'95959');
INSERT INTO proveedor(rfc,nombre,tel,edo,calle,num,cp) VALUES ('FOVS89153293Y','Wake','7743165737','Tamaulipas','Lakewood',05,'86211');
INSERT INTO proveedor(rfc,nombre,tel,edo,calle,num,cp) VALUES ('MOWB431309824','Rourke','6244046186','Guerrero','Sutherland',14505,'40276');
INSERT INTO proveedor(rfc,nombre,tel,edo,calle,num,cp) VALUES ('FOFE9802378D4','Gloria','4606676423','Tamaulipas','Armistice',3592,'13768');
INSERT INTO proveedor(rfc,nombre,tel,edo,calle,num,cp) VALUES ('DUJC2416290ES','Miles','8709501102','Guerrero','Transport',97107,'54449');
INSERT INTO proveedor(rfc,nombre,tel,edo,calle,num,cp) VALUES ('KUZW491608EUO','Jamil','4323260059','Puebla','Fairfield',5,'95540');
INSERT INTO proveedor(rfc,nombre,tel,edo,calle,num,cp) VALUES ('VUCF3007388G1','Cleon','9841946692','Guanajuato','Monument',9,'57492');
INSERT INTO proveedor(rfc,nombre,tel,edo,calle,num,cp) VALUES ('QODA241130QMV','Kathie','4464800352','Coahuila De Zaragoza','Cottonwood',47419,'55095');
INSERT INTO proveedor(rfc,nombre,tel,edo,calle,num,cp) VALUES ('RUMD1001243X4','Darcey','9925330085','Guanajuato','Forster',828,'49691');
INSERT INTO proveedor(rfc,nombre,tel,edo,calle,num,cp) VALUES ('ROQK7708373NY','Lamar','8442573265','Tamaulipas','Village',92840,'69705');
INSERT INTO proveedor(rfc,nombre,tel,edo,calle,num,cp) VALUES ('PATA6910275ZJ','Louisette','6835817106','Mexico','Grasskamp',3,'07141');
INSERT INTO proveedor(rfc,nombre,tel,edo,calle,num,cp) VALUES ('GIAQ64183184X','Ase','2761181889','Jalisco','Summerview',038,'06665');
INSERT INTO proveedor(rfc,nombre,tel,edo,calle,num,cp) VALUES ('TUXY540039W9E','Helenelizabeth','8482497549','Sonora','Amoth',8262,'23474');
INSERT INTO proveedor(rfc,nombre,tel,edo,calle,num,cp) VALUES ('BUAT260936VG9','Madel','7128896672','Oaxaca','Esch',763,'74753');
INSERT INTO proveedor(rfc,nombre,tel,edo,calle,num,cp) VALUES ('DUJI921630CKD','Urban','6831592180','Mexico','Lakewood',95,'00776');
INSERT INTO proveedor(rfc,nombre,tel,edo,calle,num,cp) VALUES ('HASB5301332Q4','Gabriele','7573698753','Tamaulipas','Arapahoe',1,'88482');
INSERT INTO proveedor(rfc,nombre,tel,edo,calle,num,cp) VALUES ('XUVA931539P73','Rosabel','8595566133','Michoacan De Ocampo','Merrick',887,'01360');
INSERT INTO proveedor(rfc,nombre,tel,edo,calle,num,cp) VALUES ('UULO551339LG3','Maximilien','1808718563','Mexico','Shoshone',153,'14166');
INSERT INTO proveedor(rfc,nombre,tel,edo,calle,num,cp) VALUES ('VUEH89112804I','Tiffi','8621516495','Tamaulipas','Dottie',02232,'37183');
INSERT INTO proveedor(rfc,nombre,tel,edo,calle,num,cp) VALUES ('KUAR760026LB7','Decca','5243902056','Jalisco','Union',308,'30621');
INSERT INTO proveedor(rfc,nombre,tel,edo,calle,num,cp) VALUES ('DUXH430231J98','Gavrielle','8734251013','Chiapas','Everett',930,'59143');
INSERT INTO proveedor(rfc,nombre,tel,edo,calle,num,cp) VALUES ('SUCO110029661','Stanford','9014073267','Chihuahua','Carpenter',17,'05317');
INSERT INTO proveedor(rfc,nombre,tel,edo,calle,num,cp) VALUES ('ZUCH890911RPC','Heddie','3988664847','Durango','Cherokee',3033,'75024');
INSERT INTO proveedor(rfc,nombre,tel,edo,calle,num,cp) VALUES ('BOHV210530F4O','Diane','8018942773','Mexico','Bunting',544,'12790');
INSERT INTO proveedor(rfc,nombre,tel,edo,calle,num,cp) VALUES ('ZUCU340629W19','Hestia','4318122716','Oaxaca','Summerview',91188,'14006');
INSERT INTO proveedor(rfc,nombre,tel,edo,calle,num,cp) VALUES ('FOMR64122195H','Bordy','8098146262','Michoacan De Ocampo','Declaration',07,'54892');
INSERT INTO proveedor(rfc,nombre,tel,edo,calle,num,cp) VALUES ('IIRJ5818398O7','Gretna','6643543186','Puebla','Badeau',23,'74696');
INSERT INTO proveedor(rfc,nombre,tel,edo,calle,num,cp) VALUES ('KEOG6606261Y9','Linda','2834742851','Durango','Toban',3490,'21951');
INSERT INTO proveedor(rfc,nombre,tel,edo,calle,num,cp) VALUES ('VOWU100625194','Iain','6095893682','Mexico','Sycamore',7929,'13210');
INSERT INTO proveedor(rfc,nombre,tel,edo,calle,num,cp) VALUES ('JOFV5803385I3','Dimitry','1076836126','Tamaulipas','Dahle',46,'81977');
INSERT INTO proveedor(rfc,nombre,tel,edo,calle,num,cp) VALUES ('BOIR960234H7F','Adela','8573022163','Nuevo Leon','La Follette',8211,'48734');
INSERT INTO proveedor(rfc,nombre,tel,edo,calle,num,cp) VALUES ('ZUBI411438A1Q','Standford','4142630626','Tamaulipas','Linden',431,'72975');
INSERT INTO proveedor(rfc,nombre,tel,edo,calle,num,cp) VALUES ('MEOR620737761','Jeremie','5831414761','Coahuila De Zaragoza','Steensland',335,'65077');
INSERT INTO proveedor(rfc,nombre,tel,edo,calle,num,cp) VALUES ('RUNC3305356C0','Fairfax','4451638890','Jalisco','Vermont',0,'11128');

-- PROVEER

INSERT INTO proveer(rfcSucursal,rfcProveedor) VALUES ('JOAC591637UC3','VURW071130210');
INSERT INTO proveer(rfcSucursal,rfcProveedor) VALUES ('MESL7912270IQ','OUXF631525HX7');
INSERT INTO proveer(rfcSucursal,rfcProveedor) VALUES ('JATS33101301U','SOCI6315052XY');
INSERT INTO proveer(rfcSucursal,rfcProveedor) VALUES ('SUXF421335376','XUGD221936XU7');
INSERT INTO proveer(rfcSucursal,rfcProveedor) VALUES ('YEAV261025N29','YOEP841439148');
INSERT INTO proveer(rfcSucursal,rfcProveedor) VALUES ('KAHP29103995C','ZUBI411438A1Q');
INSERT INTO proveer(rfcSucursal,rfcProveedor) VALUES ('DAEO270010PT4','RUNC3305356C0');
INSERT INTO proveer(rfcSucursal,rfcProveedor) VALUES ('FAYW200836SC8','TUXY540039W9E');
INSERT INTO proveer(rfcSucursal,rfcProveedor) VALUES ('KUEZ36143933T','HASB5301332Q4');
INSERT INTO proveer(rfcSucursal,rfcProveedor) VALUES ('JOAC591637UC3','KEOG6606261Y9');
INSERT INTO proveer(rfcSucursal,rfcProveedor) VALUES ('YEAV261025N29','QUTH110425C6I');
INSERT INTO proveer(rfcSucursal,rfcProveedor) VALUES ('QOLH310124B3J','VUCF3007388G1');
INSERT INTO proveer(rfcSucursal,rfcProveedor) VALUES ('JOAC591637UC3','UIGJ991629N7V');
INSERT INTO proveer(rfcSucursal,rfcProveedor) VALUES ('QURU260117138','BULM411622I91');
INSERT INTO proveer(rfcSucursal,rfcProveedor) VALUES ('SUXF421335376','ROOM670822165');
INSERT INTO proveer(rfcSucursal,rfcProveedor) VALUES ('TUFA9801296O4','UULO551339LG3');
INSERT INTO proveer(rfcSucursal,rfcProveedor) VALUES ('KAHP29103995C','KEFY581122J19');
INSERT INTO proveer(rfcSucursal,rfcProveedor) VALUES ('XUQX6316033H9','ZUCU340629W19');
INSERT INTO proveer(rfcSucursal,rfcProveedor) VALUES ('QURU260117138','BULM411622I91');
INSERT INTO proveer(rfcSucursal,rfcProveedor) VALUES ('MEGU930811TL3','XUDX240418Y3F');
INSERT INTO proveer(rfcSucursal,rfcProveedor) VALUES ('IUYT290613116','RUNC3305356C0');
INSERT INTO proveer(rfcSucursal,rfcProveedor) VALUES ('JATS33101301U','SUHG9719260V9');
INSERT INTO proveer(rfcSucursal,rfcProveedor) VALUES ('SUXF421335376','AIAM12043053R');
INSERT INTO proveer(rfcSucursal,rfcProveedor) VALUES ('AOYI910101689','RUDM370412RCT');
INSERT INTO proveer(rfcSucursal,rfcProveedor) VALUES ('VUYC561808C17','GUDO48173998D');
INSERT INTO proveer(rfcSucursal,rfcProveedor) VALUES ('YEAV261025N29','YIHQ62132192J');
INSERT INTO proveer(rfcSucursal,rfcProveedor) VALUES ('QOLH310124B3J','GIAQ64183184X');
INSERT INTO proveer(rfcSucursal,rfcProveedor) VALUES ('JOAC591637UC3','KUZW491608EUO');
INSERT INTO proveer(rfcSucursal,rfcProveedor) VALUES ('KAHP29103995C','KEFY581122J19');
INSERT INTO proveer(rfcSucursal,rfcProveedor) VALUES ('SUXF421335376','FOMR64122195H');
INSERT INTO proveer(rfcSucursal,rfcProveedor) VALUES ('FAYW200836SC8','UUKR341735D01');
INSERT INTO proveer(rfcSucursal,rfcProveedor) VALUES ('JOAC591637UC3','FOMR64122195H');
INSERT INTO proveer(rfcSucursal,rfcProveedor) VALUES ('KAHP29103995C','AOVW7308179P5');
INSERT INTO proveer(rfcSucursal,rfcProveedor) VALUES ('KUEZ36143933T','LEAN960123517');
INSERT INTO proveer(rfcSucursal,rfcProveedor) VALUES ('AOYI910101689','BITJ5517355F5');
INSERT INTO proveer(rfcSucursal,rfcProveedor) VALUES ('QURU260117138','RUMD1001243X4');
INSERT INTO proveer(rfcSucursal,rfcProveedor) VALUES ('SUXF421335376','QUTH110425C6I');
INSERT INTO proveer(rfcSucursal,rfcProveedor) VALUES ('JOAC591637UC3','IIRJ5818398O7');
INSERT INTO proveer(rfcSucursal,rfcProveedor) VALUES ('JATS33101301U','FOVS89153293Y');
INSERT INTO proveer(rfcSucursal,rfcProveedor) VALUES ('IUYT290613116','UIGJ991629N7V');
INSERT INTO proveer(rfcSucursal,rfcProveedor) VALUES ('KUEZ36143933T','FIPQ54113631P');
INSERT INTO proveer(rfcSucursal,rfcProveedor) VALUES ('MEGU930811TL3','NUDP3610348CL');
INSERT INTO proveer(rfcSucursal,rfcProveedor) VALUES ('AOYI910101689','BULM411622I91');
INSERT INTO proveer(rfcSucursal,rfcProveedor) VALUES ('FAYW200836SC8','VUCF3007388G1');
INSERT INTO proveer(rfcSucursal,rfcProveedor) VALUES ('DAEO270010PT4','KUAR760026LB7');
INSERT INTO proveer(rfcSucursal,rfcProveedor) VALUES ('MEGU930811TL3','RUNC3305356C0');
INSERT INTO proveer(rfcSucursal,rfcProveedor) VALUES ('KAHP29103995C','AIWS910738KBW');
INSERT INTO proveer(rfcSucursal,rfcProveedor) VALUES ('WURB800325UD8','KIEM531712JVK');
INSERT INTO proveer(rfcSucursal,rfcProveedor) VALUES ('YEAV261025N29','EOIV5809229CC');
INSERT INTO proveer(rfcSucursal,rfcProveedor) VALUES ('DAEO270010PT4','PAWR031534IHL');
INSERT INTO proveer(rfcSucursal,rfcProveedor) VALUES ('IUYT290613116','NOXH030133V5O');
INSERT INTO proveer(rfcSucursal,rfcProveedor) VALUES ('MEGU930811TL3','SOCI6315052XY');
INSERT INTO proveer(rfcSucursal,rfcProveedor) VALUES ('MESL7912270IQ','ZUCU340629W19');
INSERT INTO proveer(rfcSucursal,rfcProveedor) VALUES ('WURB800325UD8','ZUBI411438A1Q');
INSERT INTO proveer(rfcSucursal,rfcProveedor) VALUES ('KAHP29103995C','QODA241130QMV');
INSERT INTO proveer(rfcSucursal,rfcProveedor) VALUES ('XUQX6316033H9','PATA6910275ZJ');
INSERT INTO proveer(rfcSucursal,rfcProveedor) VALUES ('WURB800325UD8','COFO3506304LZ');
INSERT INTO proveer(rfcSucursal,rfcProveedor) VALUES ('VUYC561808C17','POLR841038LWI');
INSERT INTO proveer(rfcSucursal,rfcProveedor) VALUES ('MEGU930811TL3','RUMD1001243X4');
INSERT INTO proveer(rfcSucursal,rfcProveedor) VALUES ('SUXF421335376','UUEI680311NKI');
INSERT INTO proveer(rfcSucursal,rfcProveedor) VALUES ('VUYC561808C17','REEC550607ZM8');
INSERT INTO proveer(rfcSucursal,rfcProveedor) VALUES ('TUFA9801296O4','HASB5301332Q4');
INSERT INTO proveer(rfcSucursal,rfcProveedor) VALUES ('QUZL111830GG0','TUXY540039W9E');
INSERT INTO proveer(rfcSucursal,rfcProveedor) VALUES ('MESL7912270IQ','BISZ0701202LM');
INSERT INTO proveer(rfcSucursal,rfcProveedor) VALUES ('WURB800325UD8','EOYT051438W02');
INSERT INTO proveer(rfcSucursal,rfcProveedor) VALUES ('VUYC561808C17','BOIR960234H7F');
INSERT INTO proveer(rfcSucursal,rfcProveedor) VALUES ('DAEO270010PT4','BUAT260936VG9');
INSERT INTO proveer(rfcSucursal,rfcProveedor) VALUES ('XUQX6316033H9','RUMD1001243X4');
INSERT INTO proveer(rfcSucursal,rfcProveedor) VALUES ('MESL7912270IQ','UIGJ991629N7V');
INSERT INTO proveer(rfcSucursal,rfcProveedor) VALUES ('MEGU930811TL3','BULM411622I91');
INSERT INTO proveer(rfcSucursal,rfcProveedor) VALUES ('KAHP29103995C','EOZL730327367');
INSERT INTO proveer(rfcSucursal,rfcProveedor) VALUES ('QUZL111830GG0','OUXF631525HX7');
INSERT INTO proveer(rfcSucursal,rfcProveedor) VALUES ('LUVK030421EIJ','PEDO4504302O4');
INSERT INTO proveer(rfcSucursal,rfcProveedor) VALUES ('WURB800325UD8','MOWB431309824');
INSERT INTO proveer(rfcSucursal,rfcProveedor) VALUES ('YEAV261025N29','ZUCH890911RPC');
INSERT INTO proveer(rfcSucursal,rfcProveedor) VALUES ('WURB800325UD8','YOEP841439148');
INSERT INTO proveer(rfcSucursal,rfcProveedor) VALUES ('JOAC591637UC3','UOZP860931VX7');
INSERT INTO proveer(rfcSucursal,rfcProveedor) VALUES ('DAEO270010PT4','UULO551339LG3');
INSERT INTO proveer(rfcSucursal,rfcProveedor) VALUES ('FAYW200836SC8','BOHV210530F4O');
INSERT INTO proveer(rfcSucursal,rfcProveedor) VALUES ('QOLH310124B3J','LEAN960123517');
INSERT INTO proveer(rfcSucursal,rfcProveedor) VALUES ('XUQX6316033H9','KUAR760026LB7');
INSERT INTO proveer(rfcSucursal,rfcProveedor) VALUES ('VUYC561808C17','SOCI6315052XY');
INSERT INTO proveer(rfcSucursal,rfcProveedor) VALUES ('WURB800325UD8','GUDO48173998D');
INSERT INTO proveer(rfcSucursal,rfcProveedor) VALUES ('QURU260117138','UUKR341735D01');
INSERT INTO proveer(rfcSucursal,rfcProveedor) VALUES ('SUXF421335376','XOMO111309R8Y');
INSERT INTO proveer(rfcSucursal,rfcProveedor) VALUES ('YEAV261025N29','AIAM12043053R');
INSERT INTO proveer(rfcSucursal,rfcProveedor) VALUES ('QURU260117138','FOFE9802378D4');
INSERT INTO proveer(rfcSucursal,rfcProveedor) VALUES ('KAHP29103995C','SUHG9719260V9');
INSERT INTO proveer(rfcSucursal,rfcProveedor) VALUES ('TUFA9801296O4','SAEA150513FIH');
INSERT INTO proveer(rfcSucursal,rfcProveedor) VALUES ('AOYI910101689','NUDP3610348CL');
INSERT INTO proveer(rfcSucursal,rfcProveedor) VALUES ('MESL7912270IQ','QUCU20023189S');
INSERT INTO proveer(rfcSucursal,rfcProveedor) VALUES ('QOLH310124B3J','SOCI6315052XY');
INSERT INTO proveer(rfcSucursal,rfcProveedor) VALUES ('TUFA9801296O4','UULO551339LG3');
INSERT INTO proveer(rfcSucursal,rfcProveedor) VALUES ('KAHP29103995C','GUDO48173998D');
INSERT INTO proveer(rfcSucursal,rfcProveedor) VALUES ('JATS33101301U','IULH43042839H');
INSERT INTO proveer(rfcSucursal,rfcProveedor) VALUES ('MEGU930811TL3','QUTH110425C6I');
INSERT INTO proveer(rfcSucursal,rfcProveedor) VALUES ('MESL7912270IQ','AIWS910738KBW');
INSERT INTO proveer(rfcSucursal,rfcProveedor) VALUES ('JATS33101301U','EOZL730327367');
INSERT INTO proveer(rfcSucursal,rfcProveedor) VALUES ('WURB800325UD8','YIHQ62132192J');
INSERT INTO proveer(rfcSucursal,rfcProveedor) VALUES ('VUYC561808C17','BOIR960234H7F');

-- INGREDIENTE

INSERT INTO ingrediente(idInventario,rfc,cantidad,fechaCaduc,marca,diaCompra,precio) VALUES (1,'IUYT290613116',23,'2025-07-24','la costeña','2021-06-01',1197.14);
INSERT INTO ingrediente(idInventario,rfc,cantidad,fechaCaduc,marca,diaCompra,precio) VALUES (2,'XUQX6316033H9',62,'2028-08-07','pepsi','2021-12-13',9894.6);
INSERT INTO ingrediente(idInventario,rfc,cantidad,fechaCaduc,marca,diaCompra,precio) VALUES (3,'QUZL111830GG0',14,'2026-08-26','bonafont','2020-10-02',1762.61);
INSERT INTO ingrediente(idInventario,rfc,cantidad,fechaCaduc,marca,diaCompra,precio) VALUES (4,'JATS33101301U',28,'2025-04-16','bonafont','2021-06-28',8981.01);
INSERT INTO ingrediente(idInventario,rfc,cantidad,fechaCaduc,marca,diaCompra,precio) VALUES (5,'TUFA9801296O4',31,'2025-02-06','bonafont','2020-12-06',8863.22);
INSERT INTO ingrediente(idInventario,rfc,cantidad,fechaCaduc,marca,diaCompra,precio) VALUES (6,'AOYI910101689',28,'2025-10-29','la costeña','2021-10-25',5654.0);
INSERT INTO ingrediente(idInventario,rfc,cantidad,fechaCaduc,marca,diaCompra,precio) VALUES (7,'MEGU930811TL3',81,'2025-01-06','bonafont','2021-05-31',6258.24);
INSERT INTO ingrediente(idInventario,rfc,cantidad,fechaCaduc,marca,diaCompra,precio) VALUES (8,'FAYW200836SC8',2,'2026-01-21','valentina','2021-01-20',8495.12);
INSERT INTO ingrediente(idInventario,rfc,cantidad,fechaCaduc,marca,diaCompra,precio) VALUES (9,'WURB800325UD8',86,'2028-12-17','mcCormick','2020-07-11',1939.67);
INSERT INTO ingrediente(idInventario,rfc,cantidad,fechaCaduc,marca,diaCompra,precio) VALUES (10,'YEAV261025N29',46,'2028-06-17','bonafont','2020-11-01',9206.65);
INSERT INTO ingrediente(idInventario,rfc,cantidad,fechaCaduc,marca,diaCompra,precio) VALUES (11,'LUVK030421EIJ',15,'2026-11-21','pepsi','2020-08-08',5129.37);
INSERT INTO ingrediente(idInventario,rfc,cantidad,fechaCaduc,marca,diaCompra,precio) VALUES (12,'DAEO270010PT4',27,'2025-01-18','mcCormick','2021-05-21',9195.73);
INSERT INTO ingrediente(idInventario,rfc,cantidad,fechaCaduc,marca,diaCompra,precio) VALUES (13,'QURU260117138',67,'2030-02-10','la costeña','2021-08-31',3526.59);
INSERT INTO ingrediente(idInventario,rfc,cantidad,fechaCaduc,marca,diaCompra,precio) VALUES (14,'KUEZ36143933T',39,'2026-05-06','bonafont','2021-01-08',393.35);
INSERT INTO ingrediente(idInventario,rfc,cantidad,fechaCaduc,marca,diaCompra,precio) VALUES (15,'KAHP29103995C',10,'2028-09-24','bonafont','2021-11-05',2698.57);
INSERT INTO ingrediente(idInventario,rfc,cantidad,fechaCaduc,marca,diaCompra,precio) VALUES (16,'JOAC591637UC3',2,'2028-07-16','la costeña','2021-06-11',1562.83);
INSERT INTO ingrediente(idInventario,rfc,cantidad,fechaCaduc,marca,diaCompra,precio) VALUES (17,'MESL7912270IQ',33,'2028-12-10','bonafont','2020-10-07',4718.36);
INSERT INTO ingrediente(idInventario,rfc,cantidad,fechaCaduc,marca,diaCompra,precio) VALUES (18,'SUXF421335376',7,'2025-07-26','la costeña','2021-03-16',9574.06);
INSERT INTO ingrediente(idInventario,rfc,cantidad,fechaCaduc,marca,diaCompra,precio) VALUES (19,'VUYC561808C17',71,'2030-03-07','mcCormick','2020-11-07',6347.63);
INSERT INTO ingrediente(idInventario,rfc,cantidad,fechaCaduc,marca,diaCompra,precio) VALUES (20,'QOLH310124B3J',28,'2029-01-20','pepsi','2021-02-07',4161.16);
INSERT INTO ingrediente(idInventario,rfc,cantidad,fechaCaduc,marca,diaCompra,precio) VALUES (21,'JATS33101301U',64,'2025-01-03','la costeña','2020-08-29',1379.23);
INSERT INTO ingrediente(idInventario,rfc,cantidad,fechaCaduc,marca,diaCompra,precio) VALUES (22,'SUXF421335376',89,'2025-09-29','pepsi','2021-07-08',7224.46);
INSERT INTO ingrediente(idInventario,rfc,cantidad,fechaCaduc,marca,diaCompra,precio) VALUES (23,'IUYT290613116',40,'2023-01-03','valentina','2021-04-16',8818.88);
INSERT INTO ingrediente(idInventario,rfc,cantidad,fechaCaduc,marca,diaCompra,precio) VALUES (24,'KUEZ36143933T',41,'2024-05-11','bonafont','2021-08-15',7578.0);
INSERT INTO ingrediente(idInventario,rfc,cantidad,fechaCaduc,marca,diaCompra,precio) VALUES (25,'TUFA9801296O4',11,'2024-10-13','la costeña','2021-05-25',7121.82);
INSERT INTO ingrediente(idInventario,rfc,cantidad,fechaCaduc,marca,diaCompra,precio) VALUES (26,'MESL7912270IQ',29,'2025-03-31','mcCormick','2021-07-05',1867.32);
INSERT INTO ingrediente(idInventario,rfc,cantidad,fechaCaduc,marca,diaCompra,precio) VALUES (27,'AOYI910101689',79,'2025-09-29','la costeña','2021-01-11',8400.29);
INSERT INTO ingrediente(idInventario,rfc,cantidad,fechaCaduc,marca,diaCompra,precio) VALUES (28,'QUZL111830GG0',98,'2029-10-04','pepsi','2021-11-11',4450.95);
INSERT INTO ingrediente(idInventario,rfc,cantidad,fechaCaduc,marca,diaCompra,precio) VALUES (29,'FAYW200836SC8',82,'2025-04-05','mcCormick','2021-08-12',4835.58);
INSERT INTO ingrediente(idInventario,rfc,cantidad,fechaCaduc,marca,diaCompra,precio) VALUES (30,'WURB800325UD8',32,'2028-03-13','mcCormick','2021-11-06',9699.02);
INSERT INTO ingrediente(idInventario,rfc,cantidad,fechaCaduc,marca,diaCompra,precio) VALUES (31,'QURU260117138',7,'2028-12-22','mcCormick','2021-07-05',6503.57);
INSERT INTO ingrediente(idInventario,rfc,cantidad,fechaCaduc,marca,diaCompra,precio) VALUES (32,'VUYC561808C17',63,'2025-01-13','pepsi','2021-07-10',8670.15);
INSERT INTO ingrediente(idInventario,rfc,cantidad,fechaCaduc,marca,diaCompra,precio) VALUES (33,'YEAV261025N29',47,'2026-07-02','bonafont','2021-06-10',7873.75);
INSERT INTO ingrediente(idInventario,rfc,cantidad,fechaCaduc,marca,diaCompra,precio) VALUES (34,'QOLH310124B3J',89,'2024-05-06','mcCormick','2021-10-26',9281.34);
INSERT INTO ingrediente(idInventario,rfc,cantidad,fechaCaduc,marca,diaCompra,precio) VALUES (35,'MEGU930811TL3',59,'2024-02-27','bonafont','2020-11-16',2648.09);
INSERT INTO ingrediente(idInventario,rfc,cantidad,fechaCaduc,marca,diaCompra,precio) VALUES (36,'JATS33101301U',13,'2028-12-16','mcCormick','2021-01-27',1202.59);
INSERT INTO ingrediente(idInventario,rfc,cantidad,fechaCaduc,marca,diaCompra,precio) VALUES (37,'LUVK030421EIJ',86,'2027-07-30','mcCormick','2021-04-30',4321.49);
INSERT INTO ingrediente(idInventario,rfc,cantidad,fechaCaduc,marca,diaCompra,precio) VALUES (38,'VUYC561808C17',49,'2024-04-13','bonafont','2020-06-15',3076.98);
INSERT INTO ingrediente(idInventario,rfc,cantidad,fechaCaduc,marca,diaCompra,precio) VALUES (39,'KUEZ36143933T',54,'2023-11-03','mcCormick','2021-09-19',1270.54);
INSERT INTO ingrediente(idInventario,rfc,cantidad,fechaCaduc,marca,diaCompra,precio) VALUES (40,'QURU260117138',32,'2026-05-14','mcCormick','2021-09-19',893.56);
INSERT INTO ingrediente(idInventario,rfc,cantidad,fechaCaduc,marca,diaCompra,precio) VALUES (41,'XUQX6316033H9',23,'2027-01-21','bonafont','2021-05-04',2179.52);
INSERT INTO ingrediente(idInventario,rfc,cantidad,fechaCaduc,marca,diaCompra,precio) VALUES (42,'YEAV261025N29',77,'2026-06-08','bonafont','2020-09-24',9227.04);
INSERT INTO ingrediente(idInventario,rfc,cantidad,fechaCaduc,marca,diaCompra,precio) VALUES (43,'TUFA9801296O4',20,'2030-05-18','valentina','2021-06-12',8704.37);
INSERT INTO ingrediente(idInventario,rfc,cantidad,fechaCaduc,marca,diaCompra,precio) VALUES (44,'KAHP29103995C',19,'2028-03-05','la costeña','2021-03-26',1604.48);
INSERT INTO ingrediente(idInventario,rfc,cantidad,fechaCaduc,marca,diaCompra,precio) VALUES (45,'QUZL111830GG0',79,'2027-06-12','la costeña','2021-04-07',8132.68);
INSERT INTO ingrediente(idInventario,rfc,cantidad,fechaCaduc,marca,diaCompra,precio) VALUES (46,'DAEO270010PT4',22,'2026-07-02','mcCormick','2021-12-24',2784.27);
INSERT INTO ingrediente(idInventario,rfc,cantidad,fechaCaduc,marca,diaCompra,precio) VALUES (47,'MEGU930811TL3',57,'2026-06-29','pepsi','2021-12-30',343.78);
INSERT INTO ingrediente(idInventario,rfc,cantidad,fechaCaduc,marca,diaCompra,precio) VALUES (48,'FAYW200836SC8',39,'2023-05-25','valentina','2020-06-14',8025.1);
INSERT INTO ingrediente(idInventario,rfc,cantidad,fechaCaduc,marca,diaCompra,precio) VALUES (49,'WURB800325UD8',41,'2028-05-14','bonafont','2021-12-09',6387.6);
INSERT INTO ingrediente(idInventario,rfc,cantidad,fechaCaduc,marca,diaCompra,precio) VALUES (50,'IUYT290613116',52,'2023-10-26','valentina','2020-08-19',701.45);
INSERT INTO ingrediente(idInventario,rfc,cantidad,fechaCaduc,marca,diaCompra,precio) VALUES (51,'JOAC591637UC3',68,'2028-07-07','mcCormick','2020-12-16',649.18);
INSERT INTO ingrediente(idInventario,rfc,cantidad,fechaCaduc,marca,diaCompra,precio) VALUES (52,'AOYI910101689',100,'2024-07-05','la costeña','2020-12-06',4759.1);
INSERT INTO ingrediente(idInventario,rfc,cantidad,fechaCaduc,marca,diaCompra,precio) VALUES (53,'QOLH310124B3J',11,'2026-03-11','valentina','2020-09-11',2833.78);
INSERT INTO ingrediente(idInventario,rfc,cantidad,fechaCaduc,marca,diaCompra,precio) VALUES (54,'MESL7912270IQ',48,'2029-07-06','pepsi','2021-05-03',8571.37);
INSERT INTO ingrediente(idInventario,rfc,cantidad,fechaCaduc,marca,diaCompra,precio) VALUES (55,'SUXF421335376',72,'2025-08-13','pepsi','2020-11-13',1690.64);
INSERT INTO ingrediente(idInventario,rfc,cantidad,fechaCaduc,marca,diaCompra,precio) VALUES (56,'VUYC561808C17',1,'2027-04-20','bonafont','2021-10-01',8864.04);
INSERT INTO ingrediente(idInventario,rfc,cantidad,fechaCaduc,marca,diaCompra,precio) VALUES (57,'KAHP29103995C',2,'2028-07-03','pepsi','2021-04-22',2287.99);
INSERT INTO ingrediente(idInventario,rfc,cantidad,fechaCaduc,marca,diaCompra,precio) VALUES (58,'JATS33101301U',18,'2029-08-17','bonafont','2021-09-06',7530.85);
INSERT INTO ingrediente(idInventario,rfc,cantidad,fechaCaduc,marca,diaCompra,precio) VALUES (59,'XUQX6316033H9',95,'2028-07-06','pepsi','2021-03-15',4248.42);
INSERT INTO ingrediente(idInventario,rfc,cantidad,fechaCaduc,marca,diaCompra,precio) VALUES (60,'AOYI910101689',70,'2027-02-14','bonafont','2020-09-08',7262.57);
INSERT INTO ingrediente(idInventario,rfc,cantidad,fechaCaduc,marca,diaCompra,precio) VALUES (61,'LUVK030421EIJ',47,'2025-07-26','mcCormick','2021-05-02',3787.61);
INSERT INTO ingrediente(idInventario,rfc,cantidad,fechaCaduc,marca,diaCompra,precio) VALUES (62,'FAYW200836SC8',80,'2025-09-24','valentina','2021-04-07',4312.55);
INSERT INTO ingrediente(idInventario,rfc,cantidad,fechaCaduc,marca,diaCompra,precio) VALUES (63,'QUZL111830GG0',86,'2027-08-27','mcCormick','2021-11-10',5649.01);
INSERT INTO ingrediente(idInventario,rfc,cantidad,fechaCaduc,marca,diaCompra,precio) VALUES (64,'MEGU930811TL3',26,'2024-09-12','mcCormick','2020-10-03',9209.93);
INSERT INTO ingrediente(idInventario,rfc,cantidad,fechaCaduc,marca,diaCompra,precio) VALUES (65,'QOLH310124B3J',27,'2023-01-25','pepsi','2020-07-19',2708.32);
INSERT INTO ingrediente(idInventario,rfc,cantidad,fechaCaduc,marca,diaCompra,precio) VALUES (66,'TUFA9801296O4',28,'2025-05-18','mcCormick','2021-08-12',5061.4);
INSERT INTO ingrediente(idInventario,rfc,cantidad,fechaCaduc,marca,diaCompra,precio) VALUES (67,'QURU260117138',20,'2023-10-27','mcCormick','2021-07-07',1082.61);
INSERT INTO ingrediente(idInventario,rfc,cantidad,fechaCaduc,marca,diaCompra,precio) VALUES (68,'WURB800325UD8',61,'2025-12-20','valentina','2021-02-21',8754.38);
INSERT INTO ingrediente(idInventario,rfc,cantidad,fechaCaduc,marca,diaCompra,precio) VALUES (69,'KUEZ36143933T',58,'2023-01-05','bonafont','2021-03-17',943.86);
INSERT INTO ingrediente(idInventario,rfc,cantidad,fechaCaduc,marca,diaCompra,precio) VALUES (70,'DAEO270010PT4',39,'2029-10-28','mcCormick','2021-09-22',4721.18);
INSERT INTO ingrediente(idInventario,rfc,cantidad,fechaCaduc,marca,diaCompra,precio) VALUES (71,'QUZL111830GG0',85,'2026-07-10','mcCormick','2021-01-23',2200.73);
INSERT INTO ingrediente(idInventario,rfc,cantidad,fechaCaduc,marca,diaCompra,precio) VALUES (72,'JATS33101301U',28,'2030-03-10','mcCormick','2020-09-19',8624.8);
INSERT INTO ingrediente(idInventario,rfc,cantidad,fechaCaduc,marca,diaCompra,precio) VALUES (73,'AOYI910101689',87,'2024-02-25','pepsi','2020-10-07',1945.52);
INSERT INTO ingrediente(idInventario,rfc,cantidad,fechaCaduc,marca,diaCompra,precio) VALUES (74,'QOLH310124B3J',22,'2026-08-04','valentina','2020-07-09',6081.11);
INSERT INTO ingrediente(idInventario,rfc,cantidad,fechaCaduc,marca,diaCompra,precio) VALUES (75,'WURB800325UD8',100,'2026-12-23','bonafont','2020-10-24',7655.55);
INSERT INTO ingrediente(idInventario,rfc,cantidad,fechaCaduc,marca,diaCompra,precio) VALUES (76,'LUVK030421EIJ',10,'2029-09-29','valentina','2021-03-15',324.31);
INSERT INTO ingrediente(idInventario,rfc,cantidad,fechaCaduc,marca,diaCompra,precio) VALUES (77,'DAEO270010PT4',65,'2023-10-16','valentina','2021-10-15',3140.6);
INSERT INTO ingrediente(idInventario,rfc,cantidad,fechaCaduc,marca,diaCompra,precio) VALUES (78,'TUFA9801296O4',67,'2024-09-24','bonafont','2020-07-27',8477.65);
INSERT INTO ingrediente(idInventario,rfc,cantidad,fechaCaduc,marca,diaCompra,precio) VALUES (79,'XUQX6316033H9',83,'2026-08-17','pepsi','2021-03-17',888.62);
INSERT INTO ingrediente(idInventario,rfc,cantidad,fechaCaduc,marca,diaCompra,precio) VALUES (80,'FAYW200836SC8',31,'2026-02-11','la costeña','2021-02-14',3224.73);
INSERT INTO ingrediente(idInventario,rfc,cantidad,fechaCaduc,marca,diaCompra,precio) VALUES (81,'MESL7912270IQ',74,'2025-01-27','valentina','2020-07-05',2503.63);
INSERT INTO ingrediente(idInventario,rfc,cantidad,fechaCaduc,marca,diaCompra,precio) VALUES (82,'SUXF421335376',32,'2027-06-12','la costeña','2021-03-01',1118.49);
INSERT INTO ingrediente(idInventario,rfc,cantidad,fechaCaduc,marca,diaCompra,precio) VALUES (83,'JOAC591637UC3',85,'2027-05-05','bonafont','2020-10-13',8579.04);
INSERT INTO ingrediente(idInventario,rfc,cantidad,fechaCaduc,marca,diaCompra,precio) VALUES (84,'IUYT290613116',20,'2026-12-30','bonafont','2021-06-10',6440.68);
INSERT INTO ingrediente(idInventario,rfc,cantidad,fechaCaduc,marca,diaCompra,precio) VALUES (85,'VUYC561808C17',44,'2025-08-06','mcCormick','2021-03-27',2076.26);
INSERT INTO ingrediente(idInventario,rfc,cantidad,fechaCaduc,marca,diaCompra,precio) VALUES (86,'KAHP29103995C',36,'2025-01-25','la costeña','2021-04-25',2814.6);
INSERT INTO ingrediente(idInventario,rfc,cantidad,fechaCaduc,marca,diaCompra,precio) VALUES (87,'KUEZ36143933T',41,'2024-12-28','mcCormick','2020-10-21',2233.35);
INSERT INTO ingrediente(idInventario,rfc,cantidad,fechaCaduc,marca,diaCompra,precio) VALUES (88,'QURU260117138',8,'2026-12-01','bonafont','2020-10-19',4174.03);
INSERT INTO ingrediente(idInventario,rfc,cantidad,fechaCaduc,marca,diaCompra,precio) VALUES (89,'MEGU930811TL3',44,'2024-08-16','mcCormick','2020-12-16',844.96);
INSERT INTO ingrediente(idInventario,rfc,cantidad,fechaCaduc,marca,diaCompra,precio) VALUES (90,'YEAV261025N29',56,'2023-08-30','la costeña','2020-09-09',6133.96);
INSERT INTO ingrediente(idInventario,rfc,cantidad,fechaCaduc,marca,diaCompra,precio) VALUES (91,'JOAC591637UC3',5,'2028-11-14','bonafont','2020-09-13',6886.82);
INSERT INTO ingrediente(idInventario,rfc,cantidad,fechaCaduc,marca,diaCompra,precio) VALUES (92,'SUXF421335376',89,'2025-05-13','pepsi','2020-07-14',5492.17);
INSERT INTO ingrediente(idInventario,rfc,cantidad,fechaCaduc,marca,diaCompra,precio) VALUES (93,'DAEO270010PT4',81,'2024-03-14','la costeña','2021-09-28',5846.39);
INSERT INTO ingrediente(idInventario,rfc,cantidad,fechaCaduc,marca,diaCompra,precio) VALUES (94,'LUVK030421EIJ',74,'2025-03-17','pepsi','2020-09-19',302.85);
INSERT INTO ingrediente(idInventario,rfc,cantidad,fechaCaduc,marca,diaCompra,precio) VALUES (95,'TUFA9801296O4',3,'2028-10-29','bonafont','2021-07-11',3322.82);
INSERT INTO ingrediente(idInventario,rfc,cantidad,fechaCaduc,marca,diaCompra,precio) VALUES (96,'VUYC561808C17',24,'2025-07-05','valentina','2021-09-29',7933.77);
INSERT INTO ingrediente(idInventario,rfc,cantidad,fechaCaduc,marca,diaCompra,precio) VALUES (97,'FAYW200836SC8',21,'2028-10-03','la costeña','2021-06-22',5628.4);
INSERT INTO ingrediente(idInventario,rfc,cantidad,fechaCaduc,marca,diaCompra,precio) VALUES (98,'JATS33101301U',12,'2027-08-20','la costeña','2020-07-13',6880.44);
INSERT INTO ingrediente(idInventario,rfc,cantidad,fechaCaduc,marca,diaCompra,precio) VALUES (99,'MESL7912270IQ',53,'2026-09-25','mcCormick','2021-03-06',6793.44);
INSERT INTO ingrediente(idInventario,rfc,cantidad,fechaCaduc,marca,diaCompra,precio) VALUES (100,'QOLH310124B3J',53,'2029-01-29','bonafont','2020-12-10',395.73);
INSERT INTO ingrediente(idInventario,rfc,cantidad,fechaCaduc,marca,diaCompra,precio) VALUES (101,'AOYI910101689',39,'2027-05-16','la costeña','2021-03-11',5983.78);
INSERT INTO ingrediente(idInventario,rfc,cantidad,fechaCaduc,marca,diaCompra,precio) VALUES (102,'IUYT290613116',80,'2028-01-16','la costeña','2021-03-11',1524.12);
INSERT INTO ingrediente(idInventario,rfc,cantidad,fechaCaduc,marca,diaCompra,precio) VALUES (103,'WURB800325UD8',59,'2028-11-28','pepsi','2021-08-10',1330.36);
INSERT INTO ingrediente(idInventario,rfc,cantidad,fechaCaduc,marca,diaCompra,precio) VALUES (104,'QUZL111830GG0',36,'2026-06-22','mcCormick','2021-05-26',9854.05);
INSERT INTO ingrediente(idInventario,rfc,cantidad,fechaCaduc,marca,diaCompra,precio) VALUES (105,'KAHP29103995C',48,'2026-02-20','valentina','2020-09-04',5284.41);
INSERT INTO ingrediente(idInventario,rfc,cantidad,fechaCaduc,marca,diaCompra,precio) VALUES (106,'QUZL111830GG0',55,'2025-12-25','mcCormick','2021-02-19',4434.0);
INSERT INTO ingrediente(idInventario,rfc,cantidad,fechaCaduc,marca,diaCompra,precio) VALUES (107,'IUYT290613116',65,'2027-03-29','la costeña','2021-11-10',3804.84);
INSERT INTO ingrediente(idInventario,rfc,cantidad,fechaCaduc,marca,diaCompra,precio) VALUES (108,'JOAC591637UC3',91,'2023-12-28','mcCormick','2021-03-04',7083.41);
INSERT INTO ingrediente(idInventario,rfc,cantidad,fechaCaduc,marca,diaCompra,precio) VALUES (109,'TUFA9801296O4',41,'2023-09-24','bonafont','2021-08-10',7359.03);
INSERT INTO ingrediente(idInventario,rfc,cantidad,fechaCaduc,marca,diaCompra,precio) VALUES (110,'MESL7912270IQ',5,'2025-05-06','valentina','2021-01-16',8225.22);
INSERT INTO ingrediente(idInventario,rfc,cantidad,fechaCaduc,marca,diaCompra,precio) VALUES (111,'KUEZ36143933T',22,'2023-04-09','bonafont','2021-12-19',9423.64);
INSERT INTO ingrediente(idInventario,rfc,cantidad,fechaCaduc,marca,diaCompra,precio) VALUES (112,'JATS33101301U',9,'2025-10-18','valentina','2021-05-26',3528.77);
INSERT INTO ingrediente(idInventario,rfc,cantidad,fechaCaduc,marca,diaCompra,precio) VALUES (113,'LUVK030421EIJ',95,'2023-11-06','la costeña','2021-08-04',7870.18);
INSERT INTO ingrediente(idInventario,rfc,cantidad,fechaCaduc,marca,diaCompra,precio) VALUES (114,'QOLH310124B3J',79,'2026-06-20','valentina','2020-12-29',2370.14);
INSERT INTO ingrediente(idInventario,rfc,cantidad,fechaCaduc,marca,diaCompra,precio) VALUES (115,'SUXF421335376',97,'2026-05-07','mcCormick','2021-03-06',5001.72);
INSERT INTO ingrediente(idInventario,rfc,cantidad,fechaCaduc,marca,diaCompra,precio) VALUES (116,'WURB800325UD8',7,'2029-01-07','pepsi','2021-06-06',8468.33);
INSERT INTO ingrediente(idInventario,rfc,cantidad,fechaCaduc,marca,diaCompra,precio) VALUES (117,'QURU260117138',20,'2026-04-08','valentina','2020-10-08',730.5);
INSERT INTO ingrediente(idInventario,rfc,cantidad,fechaCaduc,marca,diaCompra,precio) VALUES (118,'FAYW200836SC8',68,'2025-10-23','bonafont','2021-08-09',4197.84);
INSERT INTO ingrediente(idInventario,rfc,cantidad,fechaCaduc,marca,diaCompra,precio) VALUES (119,'MEGU930811TL3',96,'2023-12-28','valentina','2021-05-09',8136.14);
INSERT INTO ingrediente(idInventario,rfc,cantidad,fechaCaduc,marca,diaCompra,precio) VALUES (120,'AOYI910101689',82,'2027-11-15','la costeña','2020-10-29',2835.99);
INSERT INTO ingrediente(idInventario,rfc,cantidad,fechaCaduc,marca,diaCompra,precio) VALUES (121,'DAEO270010PT4',32,'2024-12-18','mcCormick','2021-01-14',8813.84);
INSERT INTO ingrediente(idInventario,rfc,cantidad,fechaCaduc,marca,diaCompra,precio) VALUES (122,'KAHP29103995C',79,'2024-07-08','bonafont','2020-10-01',2181.85);
INSERT INTO ingrediente(idInventario,rfc,cantidad,fechaCaduc,marca,diaCompra,precio) VALUES (123,'VUYC561808C17',79,'2024-08-04','bonafont','2021-04-25',5634.33);
INSERT INTO ingrediente(idInventario,rfc,cantidad,fechaCaduc,marca,diaCompra,precio) VALUES (124,'YEAV261025N29',82,'2023-04-02','valentina','2021-11-22',5394.66);
INSERT INTO ingrediente(idInventario,rfc,cantidad,fechaCaduc,marca,diaCompra,precio) VALUES (125,'XUQX6316033H9',50,'2026-06-13','la costeña','2020-09-12',1044.11);
INSERT INTO ingrediente(idInventario,rfc,cantidad,fechaCaduc,marca,diaCompra,precio) VALUES (126,'KUEZ36143933T',3,'2029-04-27','bonafont','2021-02-28',9111.01);
INSERT INTO ingrediente(idInventario,rfc,cantidad,fechaCaduc,marca,diaCompra,precio) VALUES (127,'SUXF421335376',66,'2023-04-23','bonafont','2021-04-12',9588.63);
INSERT INTO ingrediente(idInventario,rfc,cantidad,fechaCaduc,marca,diaCompra,precio) VALUES (128,'QUZL111830GG0',9,'2029-01-06','la costeña','2021-12-28',7693.83);
INSERT INTO ingrediente(idInventario,rfc,cantidad,fechaCaduc,marca,diaCompra,precio) VALUES (129,'JOAC591637UC3',24,'2029-07-06','la costeña','2021-01-25',9410.72);
INSERT INTO ingrediente(idInventario,rfc,cantidad,fechaCaduc,marca,diaCompra,precio) VALUES (130,'YEAV261025N29',52,'2026-08-15','valentina','2020-08-30',5425.46);
INSERT INTO ingrediente(idInventario,rfc,cantidad,fechaCaduc,marca,diaCompra,precio) VALUES (131,'AOYI910101689',19,'2023-01-01','bonafont','2021-11-27',9834.83);
INSERT INTO ingrediente(idInventario,rfc,cantidad,fechaCaduc,marca,diaCompra,precio) VALUES (132,'TUFA9801296O4',41,'2029-08-26','valentina','2020-08-18',513.14);
INSERT INTO ingrediente(idInventario,rfc,cantidad,fechaCaduc,marca,diaCompra,precio) VALUES (133,'MESL7912270IQ',3,'2029-04-23','valentina','2021-10-11',2957.76);
INSERT INTO ingrediente(idInventario,rfc,cantidad,fechaCaduc,marca,diaCompra,precio) VALUES (134,'WURB800325UD8',49,'2024-11-21','mcCormick','2021-03-15',1307.7);
INSERT INTO ingrediente(idInventario,rfc,cantidad,fechaCaduc,marca,diaCompra,precio) VALUES (135,'VUYC561808C17',69,'2026-01-26','la costeña','2020-12-16',4023.53);
INSERT INTO ingrediente(idInventario,rfc,cantidad,fechaCaduc,marca,diaCompra,precio) VALUES (136,'DAEO270010PT4',21,'2028-06-08','bonafont','2020-10-12',7141.37);
INSERT INTO ingrediente(idInventario,rfc,cantidad,fechaCaduc,marca,diaCompra,precio) VALUES (137,'QOLH310124B3J',13,'2023-02-10','bonafont','2020-11-24',8146.32);
INSERT INTO ingrediente(idInventario,rfc,cantidad,fechaCaduc,marca,diaCompra,precio) VALUES (138,'KAHP29103995C',6,'2025-05-17','pepsi','2020-08-08',5183.14);
INSERT INTO ingrediente(idInventario,rfc,cantidad,fechaCaduc,marca,diaCompra,precio) VALUES (139,'IUYT290613116',74,'2023-02-22','valentina','2020-09-05',3442.71);
INSERT INTO ingrediente(idInventario,rfc,cantidad,fechaCaduc,marca,diaCompra,precio) VALUES (140,'QURU260117138',10,'2024-07-14','la costeña','2021-06-14',3091.68);
INSERT INTO ingrediente(idInventario,rfc,cantidad,fechaCaduc,marca,diaCompra,precio) VALUES (141,'AOYI910101689',78,'2024-06-30','pepsi','2021-09-15',4717.0);
INSERT INTO ingrediente(idInventario,rfc,cantidad,fechaCaduc,marca,diaCompra,precio) VALUES (142,'QUZL111830GG0',35,'2029-05-17','la costeña','2021-02-02',7552.96);
INSERT INTO ingrediente(idInventario,rfc,cantidad,fechaCaduc,marca,diaCompra,precio) VALUES (143,'QOLH310124B3J',64,'2023-12-14','mcCormick','2021-09-05',3466.34);
INSERT INTO ingrediente(idInventario,rfc,cantidad,fechaCaduc,marca,diaCompra,precio) VALUES (144,'TUFA9801296O4',47,'2024-07-13','valentina','2021-10-11',2812.95);
INSERT INTO ingrediente(idInventario,rfc,cantidad,fechaCaduc,marca,diaCompra,precio) VALUES (145,'JOAC591637UC3',88,'2029-03-23','bonafont','2021-02-08',9902.73);
INSERT INTO ingrediente(idInventario,rfc,cantidad,fechaCaduc,marca,diaCompra,precio) VALUES (146,'YEAV261025N29',98,'2025-12-07','bonafont','2021-02-01',717.29);
INSERT INTO ingrediente(idInventario,rfc,cantidad,fechaCaduc,marca,diaCompra,precio) VALUES (147,'LUVK030421EIJ',71,'2024-05-19','mcCormick','2020-12-06',2664.04);
INSERT INTO ingrediente(idInventario,rfc,cantidad,fechaCaduc,marca,diaCompra,precio) VALUES (148,'WURB800325UD8',81,'2027-03-25','bonafont','2021-11-16',5998.95);
INSERT INTO ingrediente(idInventario,rfc,cantidad,fechaCaduc,marca,diaCompra,precio) VALUES (149,'MESL7912270IQ',18,'2025-05-08','la costeña','2020-11-16',457.57);
INSERT INTO ingrediente(idInventario,rfc,cantidad,fechaCaduc,marca,diaCompra,precio) VALUES (150,'SUXF421335376',38,'2026-07-01','mcCormick','2021-11-15',9011.36);
INSERT INTO ingrediente(idInventario,rfc,cantidad,fechaCaduc,marca,diaCompra,precio) VALUES (151,'DAEO270010PT4',31,'2025-08-20','mcCormick','2021-04-03',8554.13);
INSERT INTO ingrediente(idInventario,rfc,cantidad,fechaCaduc,marca,diaCompra,precio) VALUES (152,'JATS33101301U',83,'2028-09-21','valentina','2020-06-09',8057.27);
INSERT INTO ingrediente(idInventario,rfc,cantidad,fechaCaduc,marca,diaCompra,precio) VALUES (153,'QURU260117138',80,'2024-10-21','pepsi','2021-05-03',7394.42);
INSERT INTO ingrediente(idInventario,rfc,cantidad,fechaCaduc,marca,diaCompra,precio) VALUES (154,'FAYW200836SC8',14,'2030-01-16','la costeña','2020-07-03',8747.38);
INSERT INTO ingrediente(idInventario,rfc,cantidad,fechaCaduc,marca,diaCompra,precio) VALUES (155,'VUYC561808C17',83,'2024-01-11','pepsi','2021-09-02',6443.24);
INSERT INTO ingrediente(idInventario,rfc,cantidad,fechaCaduc,marca,diaCompra,precio) VALUES (156,'KAHP29103995C',50,'2028-02-13','bonafont','2021-04-17',1791.1);
INSERT INTO ingrediente(idInventario,rfc,cantidad,fechaCaduc,marca,diaCompra,precio) VALUES (157,'KUEZ36143933T',54,'2026-07-13','valentina','2020-06-17',6164.13);
INSERT INTO ingrediente(idInventario,rfc,cantidad,fechaCaduc,marca,diaCompra,precio) VALUES (158,'XUQX6316033H9',87,'2023-10-25','valentina','2020-10-25',8139.91);
INSERT INTO ingrediente(idInventario,rfc,cantidad,fechaCaduc,marca,diaCompra,precio) VALUES (159,'MEGU930811TL3',57,'2028-07-18','la costeña','2020-08-11',2393.28);
INSERT INTO ingrediente(idInventario,rfc,cantidad,fechaCaduc,marca,diaCompra,precio) VALUES (160,'IUYT290613116',12,'2029-06-17','mcCormick','2021-01-18',5192.54);
INSERT INTO ingrediente(idInventario,rfc,cantidad,fechaCaduc,marca,diaCompra,precio) VALUES (161,'JATS33101301U',45,'2026-07-07','valentina','2021-11-28',6011.95);
INSERT INTO ingrediente(idInventario,rfc,cantidad,fechaCaduc,marca,diaCompra,precio) VALUES (162,'YEAV261025N29',81,'2026-11-23','bonafont','2021-05-26',948.92);
INSERT INTO ingrediente(idInventario,rfc,cantidad,fechaCaduc,marca,diaCompra,precio) VALUES (163,'IUYT290613116',87,'2024-01-21','valentina','2021-03-30',7245.09);
INSERT INTO ingrediente(idInventario,rfc,cantidad,fechaCaduc,marca,diaCompra,precio) VALUES (164,'FAYW200836SC8',100,'2028-04-25','mcCormick','2021-12-23',2089.35);
INSERT INTO ingrediente(idInventario,rfc,cantidad,fechaCaduc,marca,diaCompra,precio) VALUES (165,'WURB800325UD8',71,'2023-11-21','bonafont','2020-11-15',559.07);
INSERT INTO ingrediente(idInventario,rfc,cantidad,fechaCaduc,marca,diaCompra,precio) VALUES (166,'KAHP29103995C',67,'2029-04-22','pepsi','2020-11-23',9005.32);
INSERT INTO ingrediente(idInventario,rfc,cantidad,fechaCaduc,marca,diaCompra,precio) VALUES (167,'DAEO270010PT4',19,'2025-08-15','la costeña','2020-10-01',8337.87);
INSERT INTO ingrediente(idInventario,rfc,cantidad,fechaCaduc,marca,diaCompra,precio) VALUES (168,'QUZL111830GG0',35,'2025-10-29','pepsi','2021-10-14',8614.83);
INSERT INTO ingrediente(idInventario,rfc,cantidad,fechaCaduc,marca,diaCompra,precio) VALUES (169,'TUFA9801296O4',52,'2024-12-20','bonafont','2021-10-04',7791.9);
INSERT INTO ingrediente(idInventario,rfc,cantidad,fechaCaduc,marca,diaCompra,precio) VALUES (170,'XUQX6316033H9',42,'2029-01-07','bonafont','2020-08-31',2141.43);
INSERT INTO ingrediente(idInventario,rfc,cantidad,fechaCaduc,marca,diaCompra,precio) VALUES (171,'JOAC591637UC3',89,'2024-08-14','valentina','2021-08-23',7949.23);
INSERT INTO ingrediente(idInventario,rfc,cantidad,fechaCaduc,marca,diaCompra,precio) VALUES (172,'MEGU930811TL3',56,'2025-08-29','mcCormick','2020-09-24',6124.79);
INSERT INTO ingrediente(idInventario,rfc,cantidad,fechaCaduc,marca,diaCompra,precio) VALUES (173,'LUVK030421EIJ',33,'2025-01-30','mcCormick','2021-12-23',9062.85);
INSERT INTO ingrediente(idInventario,rfc,cantidad,fechaCaduc,marca,diaCompra,precio) VALUES (174,'KUEZ36143933T',99,'2030-05-27','mcCormick','2020-07-01',496.03);
INSERT INTO ingrediente(idInventario,rfc,cantidad,fechaCaduc,marca,diaCompra,precio) VALUES (175,'VUYC561808C17',94,'2028-01-27','mcCormick','2020-07-20',7166.78);
INSERT INTO ingrediente(idInventario,rfc,cantidad,fechaCaduc,marca,diaCompra,precio) VALUES (176,'AOYI910101689',99,'2023-09-11','la costeña','2020-08-21',2349.91);
INSERT INTO ingrediente(idInventario,rfc,cantidad,fechaCaduc,marca,diaCompra,precio) VALUES (177,'YEAV261025N29',74,'2030-01-29','mcCormick','2020-07-15',5772.33);
INSERT INTO ingrediente(idInventario,rfc,cantidad,fechaCaduc,marca,diaCompra,precio) VALUES (178,'SUXF421335376',71,'2029-08-19','bonafont','2020-07-29',8901.61);
INSERT INTO ingrediente(idInventario,rfc,cantidad,fechaCaduc,marca,diaCompra,precio) VALUES (179,'DAEO270010PT4',82,'2027-10-09','pepsi','2021-06-24',7320.94);
INSERT INTO ingrediente(idInventario,rfc,cantidad,fechaCaduc,marca,diaCompra,precio) VALUES (180,'MEGU930811TL3',21,'2025-10-23','la costeña','2021-12-15',7997.83);
INSERT INTO ingrediente(idInventario,rfc,cantidad,fechaCaduc,marca,diaCompra,precio) VALUES (181,'TUFA9801296O4',49,'2023-02-25','valentina','2020-06-19',2389.83);
INSERT INTO ingrediente(idInventario,rfc,cantidad,fechaCaduc,marca,diaCompra,precio) VALUES (182,'MESL7912270IQ',19,'2023-12-01','la costeña','2021-12-20',6433.93);
INSERT INTO ingrediente(idInventario,rfc,cantidad,fechaCaduc,marca,diaCompra,precio) VALUES (183,'LUVK030421EIJ',21,'2024-11-03','pepsi','2020-06-10',9500.64);
INSERT INTO ingrediente(idInventario,rfc,cantidad,fechaCaduc,marca,diaCompra,precio) VALUES (184,'WURB800325UD8',98,'2027-02-26','bonafont','2020-10-23',6519.77);
INSERT INTO ingrediente(idInventario,rfc,cantidad,fechaCaduc,marca,diaCompra,precio) VALUES (185,'KAHP29103995C',53,'2026-10-26','bonafont','2020-06-14',6528.83);
INSERT INTO ingrediente(idInventario,rfc,cantidad,fechaCaduc,marca,diaCompra,precio) VALUES (186,'QUZL111830GG0',47,'2026-02-22','pepsi','2021-09-06',4694.01);
INSERT INTO ingrediente(idInventario,rfc,cantidad,fechaCaduc,marca,diaCompra,precio) VALUES (187,'VUYC561808C17',95,'2026-02-01','bonafont','2020-06-30',370.98);
INSERT INTO ingrediente(idInventario,rfc,cantidad,fechaCaduc,marca,diaCompra,precio) VALUES (188,'QOLH310124B3J',11,'2029-09-09','bonafont','2020-10-26',7209.33);
INSERT INTO ingrediente(idInventario,rfc,cantidad,fechaCaduc,marca,diaCompra,precio) VALUES (189,'JATS33101301U',85,'2026-08-07','valentina','2020-07-20',1789.02);
INSERT INTO ingrediente(idInventario,rfc,cantidad,fechaCaduc,marca,diaCompra,precio) VALUES (190,'QURU260117138',46,'2025-06-28','bonafont','2020-10-22',1588.93);
INSERT INTO ingrediente(idInventario,rfc,cantidad,fechaCaduc,marca,diaCompra,precio) VALUES (191,'XUQX6316033H9',93,'2029-09-03','pepsi','2021-02-16',9355.14);
INSERT INTO ingrediente(idInventario,rfc,cantidad,fechaCaduc,marca,diaCompra,precio) VALUES (192,'KUEZ36143933T',14,'2029-10-01','valentina','2021-01-11',1639.19);
INSERT INTO ingrediente(idInventario,rfc,cantidad,fechaCaduc,marca,diaCompra,precio) VALUES (193,'IUYT290613116',64,'2023-10-23','valentina','2021-01-25',5190.56);
INSERT INTO ingrediente(idInventario,rfc,cantidad,fechaCaduc,marca,diaCompra,precio) VALUES (194,'JOAC591637UC3',4,'2029-10-05','valentina','2021-03-29',7964.58);
INSERT INTO ingrediente(idInventario,rfc,cantidad,fechaCaduc,marca,diaCompra,precio) VALUES (195,'FAYW200836SC8',86,'2023-09-02','la costeña','2021-01-22',3945.4);
INSERT INTO ingrediente(idInventario,rfc,cantidad,fechaCaduc,marca,diaCompra,precio) VALUES (196,'TUFA9801296O4',27,'2029-07-24','mcCormick','2021-07-31',1728.16);
INSERT INTO ingrediente(idInventario,rfc,cantidad,fechaCaduc,marca,diaCompra,precio) VALUES (197,'XUQX6316033H9',19,'2026-08-20','pepsi','2021-02-05',4605.55);
INSERT INTO ingrediente(idInventario,rfc,cantidad,fechaCaduc,marca,diaCompra,precio) VALUES (198,'MESL7912270IQ',68,'2023-10-23','bonafont','2021-08-05',1021.34);
INSERT INTO ingrediente(idInventario,rfc,cantidad,fechaCaduc,marca,diaCompra,precio) VALUES (199,'LUVK030421EIJ',83,'2028-12-15','la costeña','2021-07-11',3719.12);
INSERT INTO ingrediente(idInventario,rfc,cantidad,fechaCaduc,marca,diaCompra,precio) VALUES (200,'JATS33101301U',36,'2024-08-26','la costeña','2021-01-14',8360.95);
INSERT INTO ingrediente(idInventario,rfc,cantidad,fechaCaduc,marca,diaCompra,precio) VALUES (201,'YEAV261025N29',62,'2029-03-17','mcCormick','2021-11-15',1168.03);
INSERT INTO ingrediente(idInventario,rfc,cantidad,fechaCaduc,marca,diaCompra,precio) VALUES (202,'QUZL111830GG0',23,'2030-05-14','pepsi','2021-11-11',3733.04);
INSERT INTO ingrediente(idInventario,rfc,cantidad,fechaCaduc,marca,diaCompra,precio) VALUES (203,'QOLH310124B3J',82,'2027-11-17','la costeña','2021-04-12',579.29);
INSERT INTO ingrediente(idInventario,rfc,cantidad,fechaCaduc,marca,diaCompra,precio) VALUES (204,'DAEO270010PT4',40,'2030-02-07','valentina','2021-07-11',6396.91);
INSERT INTO ingrediente(idInventario,rfc,cantidad,fechaCaduc,marca,diaCompra,precio) VALUES (205,'IUYT290613116',31,'2029-06-03','bonafont','2020-07-30',9382.37);
INSERT INTO ingrediente(idInventario,rfc,cantidad,fechaCaduc,marca,diaCompra,precio) VALUES (206,'WURB800325UD8',49,'2026-07-03','pepsi','2020-10-18',9034.09);
INSERT INTO ingrediente(idInventario,rfc,cantidad,fechaCaduc,marca,diaCompra,precio) VALUES (207,'MEGU930811TL3',97,'2027-01-14','mcCormick','2021-11-13',725.43);
INSERT INTO ingrediente(idInventario,rfc,cantidad,fechaCaduc,marca,diaCompra,precio) VALUES (208,'KUEZ36143933T',58,'2027-09-14','mcCormick','2021-05-05',2777.3);
INSERT INTO ingrediente(idInventario,rfc,cantidad,fechaCaduc,marca,diaCompra,precio) VALUES (209,'QURU260117138',22,'2025-03-24','pepsi','2020-09-07',5462.63);
INSERT INTO ingrediente(idInventario,rfc,cantidad,fechaCaduc,marca,diaCompra,precio) VALUES (210,'JOAC591637UC3',83,'2028-02-10','pepsi','2021-01-29',1378.78);
INSERT INTO ingrediente(idInventario,rfc,cantidad,fechaCaduc,marca,diaCompra,precio) VALUES (211,'KUEZ36143933T',0,'2028-11-17','la costeña','2021-12-19',9794.59);
INSERT INTO ingrediente(idInventario,rfc,cantidad,fechaCaduc,marca,diaCompra,precio) VALUES (212,'MESL7912270IQ',98,'2028-10-31','mcCormick','2021-03-15',9076.78);
INSERT INTO ingrediente(idInventario,rfc,cantidad,fechaCaduc,marca,diaCompra,precio) VALUES (213,'IUYT290613116',78,'2028-07-02','mcCormick','2021-08-16',900.46);
INSERT INTO ingrediente(idInventario,rfc,cantidad,fechaCaduc,marca,diaCompra,precio) VALUES (214,'JOAC591637UC3',26,'2027-03-17','valentina','2021-06-28',6793.54);
INSERT INTO ingrediente(idInventario,rfc,cantidad,fechaCaduc,marca,diaCompra,precio) VALUES (215,'YEAV261025N29',0,'2023-12-04','mcCormick','2021-08-19',6217.4);
INSERT INTO ingrediente(idInventario,rfc,cantidad,fechaCaduc,marca,diaCompra,precio) VALUES (216,'FAYW200836SC8',63,'2027-01-25','valentina','2021-10-22',2569.29);
INSERT INTO ingrediente(idInventario,rfc,cantidad,fechaCaduc,marca,diaCompra,precio) VALUES (217,'LUVK030421EIJ',1,'2023-03-24','bonafont','2021-07-22',1399.13);
INSERT INTO ingrediente(idInventario,rfc,cantidad,fechaCaduc,marca,diaCompra,precio) VALUES (218,'QOLH310124B3J',65,'2029-02-25','pepsi','2020-12-03',7271.96);
INSERT INTO ingrediente(idInventario,rfc,cantidad,fechaCaduc,marca,diaCompra,precio) VALUES (219,'QUZL111830GG0',39,'2026-08-09','pepsi','2021-06-20',7146.84);
INSERT INTO ingrediente(idInventario,rfc,cantidad,fechaCaduc,marca,diaCompra,precio) VALUES (220,'SUXF421335376',77,'2026-08-29','bonafont','2021-08-18',2265.79);
INSERT INTO ingrediente(idInventario,rfc,cantidad,fechaCaduc,marca,diaCompra,precio) VALUES (221,'VUYC561808C17',92,'2025-08-21','pepsi','2021-06-30',2253.16);
INSERT INTO ingrediente(idInventario,rfc,cantidad,fechaCaduc,marca,diaCompra,precio) VALUES (222,'WURB800325UD8',4,'2025-05-22','bonafont','2021-10-01',7288.84);
INSERT INTO ingrediente(idInventario,rfc,cantidad,fechaCaduc,marca,diaCompra,precio) VALUES (223,'MEGU930811TL3',77,'2023-10-14','bonafont','2020-11-18',2779.87);
INSERT INTO ingrediente(idInventario,rfc,cantidad,fechaCaduc,marca,diaCompra,precio) VALUES (224,'AOYI910101689',99,'2028-01-27','valentina','2021-12-07',2524.95);
INSERT INTO ingrediente(idInventario,rfc,cantidad,fechaCaduc,marca,diaCompra,precio) VALUES (225,'TUFA9801296O4',25,'2030-02-25','la costeña','2020-06-13',4133.83);
INSERT INTO ingrediente(idInventario,rfc,cantidad,fechaCaduc,marca,diaCompra,precio) VALUES (226,'XUQX6316033H9',69,'2025-07-03','la costeña','2021-03-19',9396.87);
INSERT INTO ingrediente(idInventario,rfc,cantidad,fechaCaduc,marca,diaCompra,precio) VALUES (227,'DAEO270010PT4',72,'2023-03-12','valentina','2020-06-23',4594.94);
INSERT INTO ingrediente(idInventario,rfc,cantidad,fechaCaduc,marca,diaCompra,precio) VALUES (228,'QURU260117138',5,'2027-11-07','bonafont','2021-09-11',2185.05);
INSERT INTO ingrediente(idInventario,rfc,cantidad,fechaCaduc,marca,diaCompra,precio) VALUES (229,'KAHP29103995C',83,'2026-07-04','mcCormick','2021-04-18',1363.89);
INSERT INTO ingrediente(idInventario,rfc,cantidad,fechaCaduc,marca,diaCompra,precio) VALUES (230,'JATS33101301U',22,'2029-06-29','pepsi','2020-06-27',8123.87);
INSERT INTO ingrediente(idInventario,rfc,cantidad,fechaCaduc,marca,diaCompra,precio) VALUES (231,'TUFA9801296O4',39,'2024-06-26','bonafont','2021-09-24',9941.79);
INSERT INTO ingrediente(idInventario,rfc,cantidad,fechaCaduc,marca,diaCompra,precio) VALUES (232,'IUYT290613116',22,'2029-04-16','pepsi','2021-12-23',3702.06);
INSERT INTO ingrediente(idInventario,rfc,cantidad,fechaCaduc,marca,diaCompra,precio) VALUES (233,'FAYW200836SC8',88,'2028-10-29','la costeña','2021-07-14',1401.28);
INSERT INTO ingrediente(idInventario,rfc,cantidad,fechaCaduc,marca,diaCompra,precio) VALUES (234,'LUVK030421EIJ',69,'2024-05-29','mcCormick','2021-08-31',6248.69);
INSERT INTO ingrediente(idInventario,rfc,cantidad,fechaCaduc,marca,diaCompra,precio) VALUES (235,'JOAC591637UC3',70,'2028-05-08','la costeña','2021-01-07',9332.03);
INSERT INTO ingrediente(idInventario,rfc,cantidad,fechaCaduc,marca,diaCompra,precio) VALUES (236,'MEGU930811TL3',25,'2028-10-02','bonafont','2020-06-23',4765.54);
INSERT INTO ingrediente(idInventario,rfc,cantidad,fechaCaduc,marca,diaCompra,precio) VALUES (237,'AOYI910101689',84,'2029-03-14','la costeña','2021-06-09',8951.24);
INSERT INTO ingrediente(idInventario,rfc,cantidad,fechaCaduc,marca,diaCompra,precio) VALUES (238,'MESL7912270IQ',75,'2027-03-17','bonafont','2020-08-24',3128.97);
INSERT INTO ingrediente(idInventario,rfc,cantidad,fechaCaduc,marca,diaCompra,precio) VALUES (239,'QOLH310124B3J',19,'2027-11-08','mcCormick','2020-10-26',7415.7);
INSERT INTO ingrediente(idInventario,rfc,cantidad,fechaCaduc,marca,diaCompra,precio) VALUES (240,'DAEO270010PT4',37,'2023-09-23','pepsi','2020-07-29',9524.36);
INSERT INTO ingrediente(idInventario,rfc,cantidad,fechaCaduc,marca,diaCompra,precio) VALUES (241,'QUZL111830GG0',4,'2027-12-20','mcCormick','2021-04-28',5865.1);
INSERT INTO ingrediente(idInventario,rfc,cantidad,fechaCaduc,marca,diaCompra,precio) VALUES (242,'QURU260117138',53,'2028-05-15','pepsi','2021-08-17',3494.47);
INSERT INTO ingrediente(idInventario,rfc,cantidad,fechaCaduc,marca,diaCompra,precio) VALUES (243,'KAHP29103995C',14,'2024-10-11','valentina','2021-03-07',2482.91);
INSERT INTO ingrediente(idInventario,rfc,cantidad,fechaCaduc,marca,diaCompra,precio) VALUES (244,'XUQX6316033H9',50,'2025-10-19','la costeña','2021-11-30',6716.13);
INSERT INTO ingrediente(idInventario,rfc,cantidad,fechaCaduc,marca,diaCompra,precio) VALUES (245,'SUXF421335376',6,'2026-07-21','mcCormick','2021-02-05',9839.84);
INSERT INTO ingrediente(idInventario,rfc,cantidad,fechaCaduc,marca,diaCompra,precio) VALUES (246,'XUQX6316033H9',56,'2025-08-25','pepsi','2021-05-04',8528.23);
INSERT INTO ingrediente(idInventario,rfc,cantidad,fechaCaduc,marca,diaCompra,precio) VALUES (247,'VUYC561808C17',5,'2024-11-09','valentina','2021-12-26',9157.12);
INSERT INTO ingrediente(idInventario,rfc,cantidad,fechaCaduc,marca,diaCompra,precio) VALUES (248,'TUFA9801296O4',18,'2024-10-10','bonafont','2020-07-14',7927.12);
INSERT INTO ingrediente(idInventario,rfc,cantidad,fechaCaduc,marca,diaCompra,precio) VALUES (249,'JATS33101301U',71,'2027-03-02','la costeña','2020-10-13',2396.34);
INSERT INTO ingrediente(idInventario,rfc,cantidad,fechaCaduc,marca,diaCompra,precio) VALUES (250,'IUYT290613116',0,'2023-02-10','la costeña','2020-12-05',2165.21);
INSERT INTO ingrediente(idInventario,rfc,cantidad,fechaCaduc,marca,diaCompra,precio) VALUES (251,'QOLH310124B3J',71,'2029-11-12','mcCormick','2021-10-03',2270.53);
INSERT INTO ingrediente(idInventario,rfc,cantidad,fechaCaduc,marca,diaCompra,precio) VALUES (252,'KAHP29103995C',12,'2030-01-13','valentina','2020-12-02',6970.86);
INSERT INTO ingrediente(idInventario,rfc,cantidad,fechaCaduc,marca,diaCompra,precio) VALUES (253,'QUZL111830GG0',76,'2027-01-14','mcCormick','2021-06-04',5155.24);
INSERT INTO ingrediente(idInventario,rfc,cantidad,fechaCaduc,marca,diaCompra,precio) VALUES (254,'DAEO270010PT4',38,'2026-09-16','valentina','2020-09-21',2635.76);
INSERT INTO ingrediente(idInventario,rfc,cantidad,fechaCaduc,marca,diaCompra,precio) VALUES (255,'FAYW200836SC8',38,'2026-10-08','mcCormick','2021-01-19',1374.33);
INSERT INTO ingrediente(idInventario,rfc,cantidad,fechaCaduc,marca,diaCompra,precio) VALUES (256,'KUEZ36143933T',33,'2029-12-06','bonafont','2020-07-15',7643.35);
INSERT INTO ingrediente(idInventario,rfc,cantidad,fechaCaduc,marca,diaCompra,precio) VALUES (257,'MEGU930811TL3',11,'2029-02-25','valentina','2020-12-14',1690.37);
INSERT INTO ingrediente(idInventario,rfc,cantidad,fechaCaduc,marca,diaCompra,precio) VALUES (258,'SUXF421335376',42,'2028-05-19','bonafont','2021-10-29',7500.88);
INSERT INTO ingrediente(idInventario,rfc,cantidad,fechaCaduc,marca,diaCompra,precio) VALUES (259,'QURU260117138',64,'2025-11-13','valentina','2020-06-10',7094.84);
INSERT INTO ingrediente(idInventario,rfc,cantidad,fechaCaduc,marca,diaCompra,precio) VALUES (260,'AOYI910101689',41,'2027-02-04','bonafont','2021-08-18',7465.59);
INSERT INTO ingrediente(idInventario,rfc,cantidad,fechaCaduc,marca,diaCompra,precio) VALUES (261,'WURB800325UD8',21,'2029-11-23','pepsi','2021-03-06',685.33);
INSERT INTO ingrediente(idInventario,rfc,cantidad,fechaCaduc,marca,diaCompra,precio) VALUES (262,'YEAV261025N29',67,'2029-08-04','bonafont','2020-08-05',3851.49);
INSERT INTO ingrediente(idInventario,rfc,cantidad,fechaCaduc,marca,diaCompra,precio) VALUES (263,'JOAC591637UC3',96,'2025-03-05','pepsi','2021-07-27',1906.7);
INSERT INTO ingrediente(idInventario,rfc,cantidad,fechaCaduc,marca,diaCompra,precio) VALUES (264,'LUVK030421EIJ',30,'2025-01-11','valentina','2021-07-28',9846.87);
INSERT INTO ingrediente(idInventario,rfc,cantidad,fechaCaduc,marca,diaCompra,precio) VALUES (265,'MESL7912270IQ',37,'2029-04-08','pepsi','2020-08-02',5141.86);
INSERT INTO ingrediente(idInventario,rfc,cantidad,fechaCaduc,marca,diaCompra,precio) VALUES (266,'KUEZ36143933T',25,'2029-02-10','pepsi','2021-09-14',2782.73);
INSERT INTO ingrediente(idInventario,rfc,cantidad,fechaCaduc,marca,diaCompra,precio) VALUES (267,'IUYT290613116',16,'2029-09-25','valentina','2020-11-02',6567.3);
INSERT INTO ingrediente(idInventario,rfc,cantidad,fechaCaduc,marca,diaCompra,precio) VALUES (268,'QURU260117138',13,'2027-12-31','bonafont','2021-09-12',4279.37);
INSERT INTO ingrediente(idInventario,rfc,cantidad,fechaCaduc,marca,diaCompra,precio) VALUES (269,'XUQX6316033H9',94,'2026-05-18','pepsi','2020-09-02',7803.31);
INSERT INTO ingrediente(idInventario,rfc,cantidad,fechaCaduc,marca,diaCompra,precio) VALUES (270,'AOYI910101689',72,'2025-05-03','valentina','2020-08-01',5454.67);
INSERT INTO ingrediente(idInventario,rfc,cantidad,fechaCaduc,marca,diaCompra,precio) VALUES (271,'VUYC561808C17',30,'2024-01-18','bonafont','2020-07-16',404.36);
INSERT INTO ingrediente(idInventario,rfc,cantidad,fechaCaduc,marca,diaCompra,precio) VALUES (272,'WURB800325UD8',12,'2030-02-06','la costeña','2021-08-29',7194.41);
INSERT INTO ingrediente(idInventario,rfc,cantidad,fechaCaduc,marca,diaCompra,precio) VALUES (273,'DAEO270010PT4',57,'2026-07-15','pepsi','2020-06-29',7472.9);
INSERT INTO ingrediente(idInventario,rfc,cantidad,fechaCaduc,marca,diaCompra,precio) VALUES (274,'MEGU930811TL3',7,'2026-06-16','la costeña','2020-11-09',8930.63);
INSERT INTO ingrediente(idInventario,rfc,cantidad,fechaCaduc,marca,diaCompra,precio) VALUES (275,'SUXF421335376',52,'2029-01-22','la costeña','2021-11-03',2212.4);
INSERT INTO ingrediente(idInventario,rfc,cantidad,fechaCaduc,marca,diaCompra,precio) VALUES (276,'KAHP29103995C',62,'2023-12-10','pepsi','2021-07-01',8172.72);
INSERT INTO ingrediente(idInventario,rfc,cantidad,fechaCaduc,marca,diaCompra,precio) VALUES (277,'YEAV261025N29',41,'2026-02-24','la costeña','2020-12-28',5015.15);
INSERT INTO ingrediente(idInventario,rfc,cantidad,fechaCaduc,marca,diaCompra,precio) VALUES (278,'QUZL111830GG0',16,'2023-02-10','pepsi','2020-12-05',3491.02);
INSERT INTO ingrediente(idInventario,rfc,cantidad,fechaCaduc,marca,diaCompra,precio) VALUES (279,'FAYW200836SC8',60,'2026-09-27','bonafont','2021-08-11',6456.91);
INSERT INTO ingrediente(idInventario,rfc,cantidad,fechaCaduc,marca,diaCompra,precio) VALUES (280,'LUVK030421EIJ',42,'2025-12-08','valentina','2020-06-15',1821.12);
INSERT INTO ingrediente(idInventario,rfc,cantidad,fechaCaduc,marca,diaCompra,precio) VALUES (281,'FAYW200836SC8',58,'2024-08-08','mcCormick','2021-05-21',8080.18);
INSERT INTO ingrediente(idInventario,rfc,cantidad,fechaCaduc,marca,diaCompra,precio) VALUES (282,'JOAC591637UC3',85,'2030-04-15','pepsi','2021-10-31',8673.72);
INSERT INTO ingrediente(idInventario,rfc,cantidad,fechaCaduc,marca,diaCompra,precio) VALUES (283,'LUVK030421EIJ',24,'2027-07-07','bonafont','2021-02-12',8539.48);
INSERT INTO ingrediente(idInventario,rfc,cantidad,fechaCaduc,marca,diaCompra,precio) VALUES (284,'WURB800325UD8',71,'2029-11-06','la costeña','2020-06-14',4873.49);
INSERT INTO ingrediente(idInventario,rfc,cantidad,fechaCaduc,marca,diaCompra,precio) VALUES (285,'QOLH310124B3J',18,'2029-08-09','valentina','2020-06-15',8939.59);
INSERT INTO ingrediente(idInventario,rfc,cantidad,fechaCaduc,marca,diaCompra,precio) VALUES (286,'MESL7912270IQ',93,'2027-01-14','valentina','2021-03-20',3232.22);
INSERT INTO ingrediente(idInventario,rfc,cantidad,fechaCaduc,marca,diaCompra,precio) VALUES (287,'AOYI910101689',59,'2028-10-07','valentina','2021-08-29',5687.2);
INSERT INTO ingrediente(idInventario,rfc,cantidad,fechaCaduc,marca,diaCompra,precio) VALUES (288,'SUXF421335376',58,'2030-03-07','valentina','2020-09-04',8839.54);
INSERT INTO ingrediente(idInventario,rfc,cantidad,fechaCaduc,marca,diaCompra,precio) VALUES (289,'TUFA9801296O4',32,'2028-09-17','valentina','2021-02-26',8992.5);
INSERT INTO ingrediente(idInventario,rfc,cantidad,fechaCaduc,marca,diaCompra,precio) VALUES (290,'MEGU930811TL3',25,'2027-06-12','bonafont','2021-07-24',2307.33);
INSERT INTO ingrediente(idInventario,rfc,cantidad,fechaCaduc,marca,diaCompra,precio) VALUES (291,'JATS33101301U',19,'2024-12-26','pepsi','2021-06-29',8324.51);
INSERT INTO ingrediente(idInventario,rfc,cantidad,fechaCaduc,marca,diaCompra,precio) VALUES (292,'IUYT290613116',18,'2030-03-18','la costeña','2020-11-30',1975.08);
INSERT INTO ingrediente(idInventario,rfc,cantidad,fechaCaduc,marca,diaCompra,precio) VALUES (293,'VUYC561808C17',92,'2026-02-23','valentina','2021-11-11',9622.49);
INSERT INTO ingrediente(idInventario,rfc,cantidad,fechaCaduc,marca,diaCompra,precio) VALUES (294,'YEAV261025N29',69,'2026-03-09','valentina','2021-09-21',9270.49);
INSERT INTO ingrediente(idInventario,rfc,cantidad,fechaCaduc,marca,diaCompra,precio) VALUES (295,'QURU260117138',44,'2030-02-21','mcCormick','2020-12-26',955.83);
INSERT INTO ingrediente(idInventario,rfc,cantidad,fechaCaduc,marca,diaCompra,precio) VALUES (296,'KUEZ36143933T',60,'2029-07-25','valentina','2020-11-12',4547.06);
INSERT INTO ingrediente(idInventario,rfc,cantidad,fechaCaduc,marca,diaCompra,precio) VALUES (297,'QUZL111830GG0',100,'2028-12-17','mcCormick','2021-07-07',1782.13);
INSERT INTO ingrediente(idInventario,rfc,cantidad,fechaCaduc,marca,diaCompra,precio) VALUES (298,'KAHP29103995C',31,'2026-03-05','bonafont','2020-09-27',4176.97);
INSERT INTO ingrediente(idInventario,rfc,cantidad,fechaCaduc,marca,diaCompra,precio) VALUES (299,'XUQX6316033H9',49,'2028-01-01','pepsi','2021-08-23',6730.83);
INSERT INTO ingrediente(idInventario,rfc,cantidad,fechaCaduc,marca,diaCompra,precio) VALUES (300,'DAEO270010PT4',20,'2026-02-02','mcCormick','2020-08-20',6081.55);
INSERT INTO ingrediente(idInventario,rfc,cantidad,fechaCaduc,marca,diaCompra,precio) VALUES (301,'KUEZ36143933T',31,'2023-05-26','valentina','2020-09-12',3240.05);
INSERT INTO ingrediente(idInventario,rfc,cantidad,fechaCaduc,marca,diaCompra,precio) VALUES (302,'XUQX6316033H9',54,'2025-06-06','pepsi','2020-07-14',8625.22);
INSERT INTO ingrediente(idInventario,rfc,cantidad,fechaCaduc,marca,diaCompra,precio) VALUES (303,'QOLH310124B3J',85,'2025-04-15','bonafont','2020-10-23',6555.3);
INSERT INTO ingrediente(idInventario,rfc,cantidad,fechaCaduc,marca,diaCompra,precio) VALUES (304,'JOAC591637UC3',5,'2024-04-29','mcCormick','2020-10-05',8751.49);
INSERT INTO ingrediente(idInventario,rfc,cantidad,fechaCaduc,marca,diaCompra,precio) VALUES (305,'VUYC561808C17',71,'2026-09-10','la costeña','2020-06-20',5645.46);
INSERT INTO ingrediente(idInventario,rfc,cantidad,fechaCaduc,marca,diaCompra,precio) VALUES (306,'QUZL111830GG0',73,'2029-02-15','bonafont','2021-07-22',9176.52);
INSERT INTO ingrediente(idInventario,rfc,cantidad,fechaCaduc,marca,diaCompra,precio) VALUES (307,'MESL7912270IQ',20,'2028-04-01','mcCormick','2021-04-25',6591.84);
INSERT INTO ingrediente(idInventario,rfc,cantidad,fechaCaduc,marca,diaCompra,precio) VALUES (308,'IUYT290613116',64,'2028-01-09','pepsi','2021-01-14',7707.61);
INSERT INTO ingrediente(idInventario,rfc,cantidad,fechaCaduc,marca,diaCompra,precio) VALUES (309,'JATS33101301U',84,'2030-03-02','valentina','2021-02-25',528.73);
INSERT INTO ingrediente(idInventario,rfc,cantidad,fechaCaduc,marca,diaCompra,precio) VALUES (310,'FAYW200836SC8',46,'2024-04-02','valentina','2020-11-30',677.15);
INSERT INTO ingrediente(idInventario,rfc,cantidad,fechaCaduc,marca,diaCompra,precio) VALUES (311,'YEAV261025N29',33,'2026-06-23','pepsi','2020-09-11',4377.83);
INSERT INTO ingrediente(idInventario,rfc,cantidad,fechaCaduc,marca,diaCompra,precio) VALUES (312,'WURB800325UD8',89,'2030-01-08','bonafont','2020-07-03',5112.5);
INSERT INTO ingrediente(idInventario,rfc,cantidad,fechaCaduc,marca,diaCompra,precio) VALUES (313,'TUFA9801296O4',92,'2023-06-10','valentina','2020-08-07',5975.56);
INSERT INTO ingrediente(idInventario,rfc,cantidad,fechaCaduc,marca,diaCompra,precio) VALUES (314,'KAHP29103995C',38,'2027-09-20','la costeña','2021-02-16',6135.98);
INSERT INTO ingrediente(idInventario,rfc,cantidad,fechaCaduc,marca,diaCompra,precio) VALUES (315,'SUXF421335376',57,'2029-05-28','mcCormick','2021-07-14',7248.75);
INSERT INTO ingrediente(idInventario,rfc,cantidad,fechaCaduc,marca,diaCompra,precio) VALUES (316,'TUFA9801296O4',44,'2024-11-06','mcCormick','2021-12-11',5617.54);
INSERT INTO ingrediente(idInventario,rfc,cantidad,fechaCaduc,marca,diaCompra,precio) VALUES (317,'QOLH310124B3J',69,'2025-03-06','pepsi','2020-07-18',5988.05);
INSERT INTO ingrediente(idInventario,rfc,cantidad,fechaCaduc,marca,diaCompra,precio) VALUES (318,'MESL7912270IQ',89,'2024-06-21','valentina','2020-12-31',6814.4);
INSERT INTO ingrediente(idInventario,rfc,cantidad,fechaCaduc,marca,diaCompra,precio) VALUES (319,'WURB800325UD8',90,'2023-12-08','bonafont','2020-09-18',8194.52);
INSERT INTO ingrediente(idInventario,rfc,cantidad,fechaCaduc,marca,diaCompra,precio) VALUES (320,'XUQX6316033H9',12,'2028-08-09','bonafont','2021-08-16',3410.46);
INSERT INTO ingrediente(idInventario,rfc,cantidad,fechaCaduc,marca,diaCompra,precio) VALUES (321,'QUZL111830GG0',14,'2024-01-03','mcCormick','2021-10-01',8038.49);
INSERT INTO ingrediente(idInventario,rfc,cantidad,fechaCaduc,marca,diaCompra,precio) VALUES (322,'AOYI910101689',95,'2027-12-26','valentina','2020-09-06',8426.28);
INSERT INTO ingrediente(idInventario,rfc,cantidad,fechaCaduc,marca,diaCompra,precio) VALUES (323,'VUYC561808C17',28,'2030-05-28','valentina','2021-07-13',921.19);
INSERT INTO ingrediente(idInventario,rfc,cantidad,fechaCaduc,marca,diaCompra,precio) VALUES (324,'DAEO270010PT4',6,'2023-01-20','mcCormick','2020-10-12',6887.58);
INSERT INTO ingrediente(idInventario,rfc,cantidad,fechaCaduc,marca,diaCompra,precio) VALUES (325,'SUXF421335376',7,'2030-03-25','la costeña','2021-12-09',7241.07);
INSERT INTO ingrediente(idInventario,rfc,cantidad,fechaCaduc,marca,diaCompra,precio) VALUES (326,'FAYW200836SC8',87,'2027-05-26','valentina','2020-07-01',409.53);
INSERT INTO ingrediente(idInventario,rfc,cantidad,fechaCaduc,marca,diaCompra,precio) VALUES (327,'JATS33101301U',44,'2030-06-07','la costeña','2020-07-26',1442.8);
INSERT INTO ingrediente(idInventario,rfc,cantidad,fechaCaduc,marca,diaCompra,precio) VALUES (328,'JOAC591637UC3',74,'2027-02-18','valentina','2021-09-10',5535.13);
INSERT INTO ingrediente(idInventario,rfc,cantidad,fechaCaduc,marca,diaCompra,precio) VALUES (329,'YEAV261025N29',58,'2026-01-27','mcCormick','2021-10-24',3924.73);
INSERT INTO ingrediente(idInventario,rfc,cantidad,fechaCaduc,marca,diaCompra,precio) VALUES (330,'IUYT290613116',39,'2026-09-17','bonafont','2020-09-22',1594.34);
INSERT INTO ingrediente(idInventario,rfc,cantidad,fechaCaduc,marca,diaCompra,precio) VALUES (331,'KAHP29103995C',44,'2026-09-18','valentina','2021-04-13',3806.22);
INSERT INTO ingrediente(idInventario,rfc,cantidad,fechaCaduc,marca,diaCompra,precio) VALUES (332,'MEGU930811TL3',34,'2026-03-28','mcCormick','2021-02-09',9589.0);
INSERT INTO ingrediente(idInventario,rfc,cantidad,fechaCaduc,marca,diaCompra,precio) VALUES (333,'LUVK030421EIJ',3,'2024-12-18','pepsi','2021-01-22',9742.18);
INSERT INTO ingrediente(idInventario,rfc,cantidad,fechaCaduc,marca,diaCompra,precio) VALUES (334,'KUEZ36143933T',39,'2024-02-28','pepsi','2021-03-26',5204.76);
INSERT INTO ingrediente(idInventario,rfc,cantidad,fechaCaduc,marca,diaCompra,precio) VALUES (335,'QURU260117138',38,'2029-12-15','la costeña','2021-10-02',4268.13);
INSERT INTO ingrediente(idInventario,rfc,cantidad,fechaCaduc,marca,diaCompra,precio) VALUES (336,'FAYW200836SC8',33,'2024-12-01','bonafont','2021-11-18',9819.29);
INSERT INTO ingrediente(idInventario,rfc,cantidad,fechaCaduc,marca,diaCompra,precio) VALUES (337,'SUXF421335376',4,'2027-10-01','la costeña','2021-01-16',7654.56);
INSERT INTO ingrediente(idInventario,rfc,cantidad,fechaCaduc,marca,diaCompra,precio) VALUES (338,'JATS33101301U',78,'2029-11-14','mcCormick','2021-03-07',413.45);
INSERT INTO ingrediente(idInventario,rfc,cantidad,fechaCaduc,marca,diaCompra,precio) VALUES (339,'QUZL111830GG0',38,'2028-05-07','la costeña','2021-10-18',8693.54);
INSERT INTO ingrediente(idInventario,rfc,cantidad,fechaCaduc,marca,diaCompra,precio) VALUES (340,'VUYC561808C17',13,'2026-11-11','mcCormick','2021-01-05',5155.35);
INSERT INTO ingrediente(idInventario,rfc,cantidad,fechaCaduc,marca,diaCompra,precio) VALUES (341,'MESL7912270IQ',25,'2024-06-13','la costeña','2021-10-15',8759.82);
INSERT INTO ingrediente(idInventario,rfc,cantidad,fechaCaduc,marca,diaCompra,precio) VALUES (342,'KUEZ36143933T',53,'2029-04-26','pepsi','2020-10-06',710.6);
INSERT INTO ingrediente(idInventario,rfc,cantidad,fechaCaduc,marca,diaCompra,precio) VALUES (343,'YEAV261025N29',92,'2030-02-06','la costeña','2020-09-24',1912.96);
INSERT INTO ingrediente(idInventario,rfc,cantidad,fechaCaduc,marca,diaCompra,precio) VALUES (344,'IUYT290613116',7,'2028-12-06','pepsi','2021-12-09',4066.34);
INSERT INTO ingrediente(idInventario,rfc,cantidad,fechaCaduc,marca,diaCompra,precio) VALUES (345,'WURB800325UD8',68,'2024-03-21','bonafont','2020-07-18',8119.0);
INSERT INTO ingrediente(idInventario,rfc,cantidad,fechaCaduc,marca,diaCompra,precio) VALUES (346,'TUFA9801296O4',80,'2026-08-28','la costeña','2020-11-19',6788.93);
INSERT INTO ingrediente(idInventario,rfc,cantidad,fechaCaduc,marca,diaCompra,precio) VALUES (347,'MEGU930811TL3',61,'2028-03-20','mcCormick','2021-03-17',8342.15);
INSERT INTO ingrediente(idInventario,rfc,cantidad,fechaCaduc,marca,diaCompra,precio) VALUES (348,'JOAC591637UC3',9,'2025-04-29','mcCormick','2021-05-05',9543.27);
INSERT INTO ingrediente(idInventario,rfc,cantidad,fechaCaduc,marca,diaCompra,precio) VALUES (349,'LUVK030421EIJ',64,'2025-10-09','valentina','2021-01-21',4367.1);
INSERT INTO ingrediente(idInventario,rfc,cantidad,fechaCaduc,marca,diaCompra,precio) VALUES (350,'KAHP29103995C',45,'2030-05-27','la costeña','2020-06-23',3682.5);
INSERT INTO ingrediente(idInventario,rfc,cantidad,fechaCaduc,marca,diaCompra,precio) VALUES (351,'KUEZ36143933T',22,'2023-07-17','valentina','2020-07-09',8233.3);
INSERT INTO ingrediente(idInventario,rfc,cantidad,fechaCaduc,marca,diaCompra,precio) VALUES (352,'VUYC561808C17',18,'2024-10-04','valentina','2021-08-25',3481.26);
INSERT INTO ingrediente(idInventario,rfc,cantidad,fechaCaduc,marca,diaCompra,precio) VALUES (353,'IUYT290613116',6,'2028-06-11','pepsi','2020-07-31',7893.23);
INSERT INTO ingrediente(idInventario,rfc,cantidad,fechaCaduc,marca,diaCompra,precio) VALUES (354,'MEGU930811TL3',36,'2024-02-08','bonafont','2021-02-24',4648.35);
INSERT INTO ingrediente(idInventario,rfc,cantidad,fechaCaduc,marca,diaCompra,precio) VALUES (355,'SUXF421335376',0,'2027-10-20','bonafont','2021-10-07',8063.61);
INSERT INTO ingrediente(idInventario,rfc,cantidad,fechaCaduc,marca,diaCompra,precio) VALUES (356,'JOAC591637UC3',96,'2030-03-03','pepsi','2021-03-24',8728.17);
INSERT INTO ingrediente(idInventario,rfc,cantidad,fechaCaduc,marca,diaCompra,precio) VALUES (357,'LUVK030421EIJ',13,'2024-01-06','mcCormick','2021-11-30',4981.43);
INSERT INTO ingrediente(idInventario,rfc,cantidad,fechaCaduc,marca,diaCompra,precio) VALUES (358,'YEAV261025N29',73,'2024-06-03','valentina','2020-11-26',7997.89);
INSERT INTO ingrediente(idInventario,rfc,cantidad,fechaCaduc,marca,diaCompra,precio) VALUES (359,'MESL7912270IQ',58,'2029-04-03','la costeña','2021-07-03',9456.34);
INSERT INTO ingrediente(idInventario,rfc,cantidad,fechaCaduc,marca,diaCompra,precio) VALUES (360,'FAYW200836SC8',75,'2023-09-08','la costeña','2021-05-01',3147.93);
INSERT INTO ingrediente(idInventario,rfc,cantidad,fechaCaduc,marca,diaCompra,precio) VALUES (361,'QUZL111830GG0',47,'2027-04-14','mcCormick','2020-10-16',3595.87);
INSERT INTO ingrediente(idInventario,rfc,cantidad,fechaCaduc,marca,diaCompra,precio) VALUES (362,'DAEO270010PT4',27,'2025-09-11','la costeña','2021-10-08',1815.94);
INSERT INTO ingrediente(idInventario,rfc,cantidad,fechaCaduc,marca,diaCompra,precio) VALUES (363,'KAHP29103995C',18,'2027-04-27','mcCormick','2020-10-23',790.31);
INSERT INTO ingrediente(idInventario,rfc,cantidad,fechaCaduc,marca,diaCompra,precio) VALUES (364,'AOYI910101689',19,'2026-07-14','bonafont','2021-08-07',6052.41);
INSERT INTO ingrediente(idInventario,rfc,cantidad,fechaCaduc,marca,diaCompra,precio) VALUES (365,'QOLH310124B3J',15,'2027-01-11','bonafont','2020-06-22',1229.26);
INSERT INTO ingrediente(idInventario,rfc,cantidad,fechaCaduc,marca,diaCompra,precio) VALUES (366,'TUFA9801296O4',16,'2028-06-01','la costeña','2021-09-27',9241.16);
INSERT INTO ingrediente(idInventario,rfc,cantidad,fechaCaduc,marca,diaCompra,precio) VALUES (367,'JATS33101301U',65,'2025-02-23','pepsi','2021-11-29',1252.61);
INSERT INTO ingrediente(idInventario,rfc,cantidad,fechaCaduc,marca,diaCompra,precio) VALUES (368,'WURB800325UD8',89,'2025-12-02','la costeña','2021-11-29',6391.8);
INSERT INTO ingrediente(idInventario,rfc,cantidad,fechaCaduc,marca,diaCompra,precio) VALUES (369,'XUQX6316033H9',1,'2027-02-09','valentina','2021-09-21',7028.0);
INSERT INTO ingrediente(idInventario,rfc,cantidad,fechaCaduc,marca,diaCompra,precio) VALUES (370,'QURU260117138',36,'2030-04-24','valentina','2021-10-05',8603.77);
INSERT INTO ingrediente(idInventario,rfc,cantidad,fechaCaduc,marca,diaCompra,precio) VALUES (371,'KUEZ36143933T',78,'2024-12-04','pepsi','2020-11-25',4278.45);
INSERT INTO ingrediente(idInventario,rfc,cantidad,fechaCaduc,marca,diaCompra,precio) VALUES (372,'VUYC561808C17',50,'2026-02-07','bonafont','2020-09-10',3473.38);
INSERT INTO ingrediente(idInventario,rfc,cantidad,fechaCaduc,marca,diaCompra,precio) VALUES (373,'LUVK030421EIJ',25,'2029-09-28','mcCormick','2020-06-18',3435.18);
INSERT INTO ingrediente(idInventario,rfc,cantidad,fechaCaduc,marca,diaCompra,precio) VALUES (374,'QUZL111830GG0',20,'2027-09-21','bonafont','2020-09-08',9590.0);
INSERT INTO ingrediente(idInventario,rfc,cantidad,fechaCaduc,marca,diaCompra,precio) VALUES (375,'WURB800325UD8',67,'2030-03-02','mcCormick','2021-04-02',7354.25);
INSERT INTO ingrediente(idInventario,rfc,cantidad,fechaCaduc,marca,diaCompra,precio) VALUES (376,'XUQX6316033H9',78,'2028-06-12','valentina','2021-07-20',8890.63);
INSERT INTO ingrediente(idInventario,rfc,cantidad,fechaCaduc,marca,diaCompra,precio) VALUES (377,'QURU260117138',31,'2023-06-21','valentina','2020-06-14',3136.51);
INSERT INTO ingrediente(idInventario,rfc,cantidad,fechaCaduc,marca,diaCompra,precio) VALUES (378,'QOLH310124B3J',35,'2029-01-25','bonafont','2020-10-20',7173.84);
INSERT INTO ingrediente(idInventario,rfc,cantidad,fechaCaduc,marca,diaCompra,precio) VALUES (379,'JATS33101301U',81,'2023-10-14','pepsi','2020-10-31',6548.53);
INSERT INTO ingrediente(idInventario,rfc,cantidad,fechaCaduc,marca,diaCompra,precio) VALUES (380,'AOYI910101689',5,'2023-12-23','pepsi','2021-06-22',7542.96);
INSERT INTO ingrediente(idInventario,rfc,cantidad,fechaCaduc,marca,diaCompra,precio) VALUES (381,'IUYT290613116',33,'2027-11-04','valentina','2021-12-10',5713.66);
INSERT INTO ingrediente(idInventario,rfc,cantidad,fechaCaduc,marca,diaCompra,precio) VALUES (382,'MEGU930811TL3',25,'2026-02-11','valentina','2020-11-20',3738.27);
INSERT INTO ingrediente(idInventario,rfc,cantidad,fechaCaduc,marca,diaCompra,precio) VALUES (383,'MESL7912270IQ',4,'2027-03-12','bonafont','2020-12-25',761.01);
INSERT INTO ingrediente(idInventario,rfc,cantidad,fechaCaduc,marca,diaCompra,precio) VALUES (384,'TUFA9801296O4',30,'2024-09-19','valentina','2021-06-21',9693.13);
INSERT INTO ingrediente(idInventario,rfc,cantidad,fechaCaduc,marca,diaCompra,precio) VALUES (385,'FAYW200836SC8',18,'2023-01-05','valentina','2021-01-07',5027.5);
INSERT INTO ingrediente(idInventario,rfc,cantidad,fechaCaduc,marca,diaCompra,precio) VALUES (386,'WURB800325UD8',88,'2030-01-09','pepsi','2020-08-10',3200.47);
INSERT INTO ingrediente(idInventario,rfc,cantidad,fechaCaduc,marca,diaCompra,precio) VALUES (387,'QURU260117138',3,'2028-08-15','valentina','2020-09-28',3875.08);
INSERT INTO ingrediente(idInventario,rfc,cantidad,fechaCaduc,marca,diaCompra,precio) VALUES (388,'KUEZ36143933T',62,'2029-03-19','pepsi','2021-03-31',7918.67);
INSERT INTO ingrediente(idInventario,rfc,cantidad,fechaCaduc,marca,diaCompra,precio) VALUES (389,'VUYC561808C17',32,'2026-08-16','bonafont','2020-06-14',2978.67);
INSERT INTO ingrediente(idInventario,rfc,cantidad,fechaCaduc,marca,diaCompra,precio) VALUES (390,'IUYT290613116',51,'2029-11-01','pepsi','2021-03-06',3475.22);
INSERT INTO ingrediente(idInventario,rfc,cantidad,fechaCaduc,marca,diaCompra,precio) VALUES (391,'TUFA9801296O4',22,'2025-11-23','valentina','2021-11-18',5502.84);
INSERT INTO ingrediente(idInventario,rfc,cantidad,fechaCaduc,marca,diaCompra,precio) VALUES (392,'JOAC591637UC3',36,'2028-05-17','valentina','2021-12-22',1251.5);
INSERT INTO ingrediente(idInventario,rfc,cantidad,fechaCaduc,marca,diaCompra,precio) VALUES (393,'QOLH310124B3J',57,'2029-10-31','valentina','2021-03-08',3188.13);
INSERT INTO ingrediente(idInventario,rfc,cantidad,fechaCaduc,marca,diaCompra,precio) VALUES (394,'YEAV261025N29',36,'2024-05-06','mcCormick','2021-02-01',7695.15);
INSERT INTO ingrediente(idInventario,rfc,cantidad,fechaCaduc,marca,diaCompra,precio) VALUES (395,'XUQX6316033H9',46,'2029-07-01','valentina','2021-01-11',4436.75);
INSERT INTO ingrediente(idInventario,rfc,cantidad,fechaCaduc,marca,diaCompra,precio) VALUES (396,'FAYW200836SC8',57,'2029-08-11','mcCormick','2020-10-04',4964.01);
INSERT INTO ingrediente(idInventario,rfc,cantidad,fechaCaduc,marca,diaCompra,precio) VALUES (397,'SUXF421335376',80,'2026-06-27','valentina','2020-10-03',4220.37);
INSERT INTO ingrediente(idInventario,rfc,cantidad,fechaCaduc,marca,diaCompra,precio) VALUES (398,'JATS33101301U',14,'2028-08-26','mcCormick','2021-05-22',9694.2);
INSERT INTO ingrediente(idInventario,rfc,cantidad,fechaCaduc,marca,diaCompra,precio) VALUES (399,'MESL7912270IQ',32,'2023-02-26','valentina','2021-06-14',7196.31);
INSERT INTO ingrediente(idInventario,rfc,cantidad,fechaCaduc,marca,diaCompra,precio) VALUES (400,'KAHP29103995C',93,'2028-03-15','valentina','2021-03-19',4481.9);
INSERT INTO ingrediente(idInventario,rfc,cantidad,fechaCaduc,marca,diaCompra,precio) VALUES (401,'AOYI910101689',22,'2029-01-13','la costeña','2021-06-17',4313.84);
INSERT INTO ingrediente(idInventario,rfc,cantidad,fechaCaduc,marca,diaCompra,precio) VALUES (402,'MEGU930811TL3',96,'2023-10-29','mcCormick','2021-10-14',5918.11);
INSERT INTO ingrediente(idInventario,rfc,cantidad,fechaCaduc,marca,diaCompra,precio) VALUES (403,'QUZL111830GG0',59,'2026-10-19','pepsi','2020-09-13',7252.8);
INSERT INTO ingrediente(idInventario,rfc,cantidad,fechaCaduc,marca,diaCompra,precio) VALUES (404,'LUVK030421EIJ',83,'2027-07-07','la costeña','2020-12-03',900.57);
INSERT INTO ingrediente(idInventario,rfc,cantidad,fechaCaduc,marca,diaCompra,precio) VALUES (405,'DAEO270010PT4',28,'2025-05-16','mcCormick','2021-01-16',3681.74);
INSERT INTO ingrediente(idInventario,rfc,cantidad,fechaCaduc,marca,diaCompra,precio) VALUES (406,'LUVK030421EIJ',9,'2030-01-10','la costeña','2021-02-01',8600.77);
INSERT INTO ingrediente(idInventario,rfc,cantidad,fechaCaduc,marca,diaCompra,precio) VALUES (407,'TUFA9801296O4',82,'2030-03-29','mcCormick','2020-11-04',1674.48);
INSERT INTO ingrediente(idInventario,rfc,cantidad,fechaCaduc,marca,diaCompra,precio) VALUES (408,'QUZL111830GG0',12,'2024-04-08','valentina','2020-10-22',5955.51);
INSERT INTO ingrediente(idInventario,rfc,cantidad,fechaCaduc,marca,diaCompra,precio) VALUES (409,'VUYC561808C17',98,'2026-07-17','mcCormick','2021-03-30',9243.64);
INSERT INTO ingrediente(idInventario,rfc,cantidad,fechaCaduc,marca,diaCompra,precio) VALUES (410,'FAYW200836SC8',67,'2026-12-19','valentina','2021-10-15',7843.58);
INSERT INTO ingrediente(idInventario,rfc,cantidad,fechaCaduc,marca,diaCompra,precio) VALUES (411,'QOLH310124B3J',17,'2027-12-03','mcCormick','2021-09-26',5755.49);
INSERT INTO ingrediente(idInventario,rfc,cantidad,fechaCaduc,marca,diaCompra,precio) VALUES (412,'KAHP29103995C',92,'2023-07-13','valentina','2020-11-05',5874.85);
INSERT INTO ingrediente(idInventario,rfc,cantidad,fechaCaduc,marca,diaCompra,precio) VALUES (413,'KUEZ36143933T',23,'2029-06-16','mcCormick','2021-10-01',2642.51);
INSERT INTO ingrediente(idInventario,rfc,cantidad,fechaCaduc,marca,diaCompra,precio) VALUES (414,'QURU260117138',95,'2028-02-12','la costeña','2021-07-12',1414.86);
INSERT INTO ingrediente(idInventario,rfc,cantidad,fechaCaduc,marca,diaCompra,precio) VALUES (415,'SUXF421335376',24,'2025-05-29','la costeña','2020-10-09',2742.31);
INSERT INTO ingrediente(idInventario,rfc,cantidad,fechaCaduc,marca,diaCompra,precio) VALUES (416,'XUQX6316033H9',98,'2026-09-27','valentina','2020-09-28',2739.4);
INSERT INTO ingrediente(idInventario,rfc,cantidad,fechaCaduc,marca,diaCompra,precio) VALUES (417,'MESL7912270IQ',65,'2027-01-21','la costeña','2021-02-28',742.04);
INSERT INTO ingrediente(idInventario,rfc,cantidad,fechaCaduc,marca,diaCompra,precio) VALUES (418,'AOYI910101689',93,'2024-06-12','bonafont','2020-10-11',8553.53);
INSERT INTO ingrediente(idInventario,rfc,cantidad,fechaCaduc,marca,diaCompra,precio) VALUES (419,'DAEO270010PT4',2,'2023-01-25','pepsi','2021-03-19',6001.44);
INSERT INTO ingrediente(idInventario,rfc,cantidad,fechaCaduc,marca,diaCompra,precio) VALUES (420,'YEAV261025N29',62,'2028-11-18','mcCormick','2021-02-26',6798.5);
INSERT INTO ingrediente(idInventario,rfc,cantidad,fechaCaduc,marca,diaCompra,precio) VALUES (421,'KAHP29103995C',13,'2030-05-05','bonafont','2020-12-06',6335.62);
INSERT INTO ingrediente(idInventario,rfc,cantidad,fechaCaduc,marca,diaCompra,precio) VALUES (422,'JATS33101301U',6,'2027-11-29','pepsi','2021-11-10',3594.55);
INSERT INTO ingrediente(idInventario,rfc,cantidad,fechaCaduc,marca,diaCompra,precio) VALUES (423,'WURB800325UD8',97,'2027-03-05','bonafont','2021-03-04',3906.53);
INSERT INTO ingrediente(idInventario,rfc,cantidad,fechaCaduc,marca,diaCompra,precio) VALUES (424,'MEGU930811TL3',12,'2027-09-12','mcCormick','2021-03-11',9991.77);
INSERT INTO ingrediente(idInventario,rfc,cantidad,fechaCaduc,marca,diaCompra,precio) VALUES (425,'MESL7912270IQ',66,'2025-09-09','bonafont','2020-07-03',4393.39);
INSERT INTO ingrediente(idInventario,rfc,cantidad,fechaCaduc,marca,diaCompra,precio) VALUES (426,'JOAC591637UC3',10,'2023-11-24','la costeña','2020-11-16',5032.1);
INSERT INTO ingrediente(idInventario,rfc,cantidad,fechaCaduc,marca,diaCompra,precio) VALUES (427,'KUEZ36143933T',32,'2029-11-03','valentina','2020-12-09',9304.08);
INSERT INTO ingrediente(idInventario,rfc,cantidad,fechaCaduc,marca,diaCompra,precio) VALUES (428,'QOLH310124B3J',5,'2026-08-19','pepsi','2021-05-26',6930.65);
INSERT INTO ingrediente(idInventario,rfc,cantidad,fechaCaduc,marca,diaCompra,precio) VALUES (429,'LUVK030421EIJ',26,'2026-11-14','pepsi','2020-10-03',1249.68);
INSERT INTO ingrediente(idInventario,rfc,cantidad,fechaCaduc,marca,diaCompra,precio) VALUES (430,'DAEO270010PT4',44,'2025-01-25','valentina','2021-08-25',5449.2);
INSERT INTO ingrediente(idInventario,rfc,cantidad,fechaCaduc,marca,diaCompra,precio) VALUES (431,'AOYI910101689',21,'2026-10-11','mcCormick','2021-12-14',9064.27);
INSERT INTO ingrediente(idInventario,rfc,cantidad,fechaCaduc,marca,diaCompra,precio) VALUES (432,'VUYC561808C17',3,'2030-06-09','la costeña','2021-01-08',4696.66);
INSERT INTO ingrediente(idInventario,rfc,cantidad,fechaCaduc,marca,diaCompra,precio) VALUES (433,'YEAV261025N29',78,'2023-06-18','la costeña','2021-10-04',1404.72);
INSERT INTO ingrediente(idInventario,rfc,cantidad,fechaCaduc,marca,diaCompra,precio) VALUES (434,'SUXF421335376',56,'2028-01-15','la costeña','2021-03-30',9789.58);
INSERT INTO ingrediente(idInventario,rfc,cantidad,fechaCaduc,marca,diaCompra,precio) VALUES (435,'XUQX6316033H9',39,'2028-05-09','valentina','2021-05-30',1587.28);
INSERT INTO ingrediente(idInventario,rfc,cantidad,fechaCaduc,marca,diaCompra,precio) VALUES (436,'FAYW200836SC8',8,'2023-01-06','la costeña','2021-10-06',3905.41);
INSERT INTO ingrediente(idInventario,rfc,cantidad,fechaCaduc,marca,diaCompra,precio) VALUES (437,'QUZL111830GG0',52,'2024-09-12','valentina','2021-05-30',2331.81);
INSERT INTO ingrediente(idInventario,rfc,cantidad,fechaCaduc,marca,diaCompra,precio) VALUES (438,'QURU260117138',43,'2024-12-05','pepsi','2021-09-11',9597.76);
INSERT INTO ingrediente(idInventario,rfc,cantidad,fechaCaduc,marca,diaCompra,precio) VALUES (439,'TUFA9801296O4',25,'2024-06-16','mcCormick','2020-08-15',6354.37);
INSERT INTO ingrediente(idInventario,rfc,cantidad,fechaCaduc,marca,diaCompra,precio) VALUES (440,'IUYT290613116',4,'2026-03-07','mcCormick','2021-05-03',7981.52);
INSERT INTO ingrediente(idInventario,rfc,cantidad,fechaCaduc,marca,diaCompra,precio) VALUES (441,'AOYI910101689',32,'2023-04-28','bonafont','2020-08-04',7615.9);
INSERT INTO ingrediente(idInventario,rfc,cantidad,fechaCaduc,marca,diaCompra,precio) VALUES (442,'MEGU930811TL3',75,'2025-11-09','valentina','2021-05-07',6972.13);
INSERT INTO ingrediente(idInventario,rfc,cantidad,fechaCaduc,marca,diaCompra,precio) VALUES (443,'FAYW200836SC8',69,'2029-11-29','valentina','2021-08-27',3675.63);
INSERT INTO ingrediente(idInventario,rfc,cantidad,fechaCaduc,marca,diaCompra,precio) VALUES (444,'YEAV261025N29',60,'2023-01-17','valentina','2021-01-04',6174.11);
INSERT INTO ingrediente(idInventario,rfc,cantidad,fechaCaduc,marca,diaCompra,precio) VALUES (445,'IUYT290613116',53,'2028-06-19','mcCormick','2020-09-07',420.74);
INSERT INTO ingrediente(idInventario,rfc,cantidad,fechaCaduc,marca,diaCompra,precio) VALUES (446,'JATS33101301U',9,'2026-05-25','valentina','2020-06-23',8532.7);
INSERT INTO ingrediente(idInventario,rfc,cantidad,fechaCaduc,marca,diaCompra,precio) VALUES (447,'VUYC561808C17',59,'2028-04-27','mcCormick','2021-11-11',7333.0);
INSERT INTO ingrediente(idInventario,rfc,cantidad,fechaCaduc,marca,diaCompra,precio) VALUES (448,'QUZL111830GG0',29,'2025-07-09','valentina','2021-02-15',6214.0);
INSERT INTO ingrediente(idInventario,rfc,cantidad,fechaCaduc,marca,diaCompra,precio) VALUES (449,'QURU260117138',9,'2027-09-28','bonafont','2021-12-02',6629.38);
INSERT INTO ingrediente(idInventario,rfc,cantidad,fechaCaduc,marca,diaCompra,precio) VALUES (450,'TUFA9801296O4',93,'2027-08-13','bonafont','2020-07-31',3952.87);
INSERT INTO ingrediente(idInventario,rfc,cantidad,fechaCaduc,marca,diaCompra,precio) VALUES (451,'KAHP29103995C',47,'2028-03-11','mcCormick','2020-10-20',8065.01);
INSERT INTO ingrediente(idInventario,rfc,cantidad,fechaCaduc,marca,diaCompra,precio) VALUES (452,'XUQX6316033H9',45,'2025-08-07','la costeña','2021-09-25',7255.84);
INSERT INTO ingrediente(idInventario,rfc,cantidad,fechaCaduc,marca,diaCompra,precio) VALUES (453,'KUEZ36143933T',59,'2024-09-27','mcCormick','2021-05-08',7396.16);
INSERT INTO ingrediente(idInventario,rfc,cantidad,fechaCaduc,marca,diaCompra,precio) VALUES (454,'MESL7912270IQ',31,'2026-07-11','valentina','2020-09-20',5157.05);
INSERT INTO ingrediente(idInventario,rfc,cantidad,fechaCaduc,marca,diaCompra,precio) VALUES (455,'WURB800325UD8',89,'2028-08-21','la costeña','2020-10-08',5739.19);
INSERT INTO ingrediente(idInventario,rfc,cantidad,fechaCaduc,marca,diaCompra,precio) VALUES (456,'FAYW200836SC8',81,'2028-08-07','pepsi','2020-08-07',2905.98);
INSERT INTO ingrediente(idInventario,rfc,cantidad,fechaCaduc,marca,diaCompra,precio) VALUES (457,'XUQX6316033H9',24,'2029-08-06','valentina','2020-12-24',9594.41);
INSERT INTO ingrediente(idInventario,rfc,cantidad,fechaCaduc,marca,diaCompra,precio) VALUES (458,'SUXF421335376',8,'2027-08-09','pepsi','2021-05-12',810.97);
INSERT INTO ingrediente(idInventario,rfc,cantidad,fechaCaduc,marca,diaCompra,precio) VALUES (459,'KAHP29103995C',43,'2030-05-04','mcCormick','2020-06-12',1010.87);
INSERT INTO ingrediente(idInventario,rfc,cantidad,fechaCaduc,marca,diaCompra,precio) VALUES (460,'QOLH310124B3J',14,'2024-07-21','la costeña','2020-07-15',7552.72);
INSERT INTO ingrediente(idInventario,rfc,cantidad,fechaCaduc,marca,diaCompra,precio) VALUES (461,'QURU260117138',39,'2028-01-24','la costeña','2021-07-24',4448.19);
INSERT INTO ingrediente(idInventario,rfc,cantidad,fechaCaduc,marca,diaCompra,precio) VALUES (462,'YEAV261025N29',42,'2024-07-21','la costeña','2020-10-27',6570.21);
INSERT INTO ingrediente(idInventario,rfc,cantidad,fechaCaduc,marca,diaCompra,precio) VALUES (463,'MEGU930811TL3',39,'2027-01-24','mcCormick','2021-03-21',712.08);
INSERT INTO ingrediente(idInventario,rfc,cantidad,fechaCaduc,marca,diaCompra,precio) VALUES (464,'AOYI910101689',7,'2028-03-05','la costeña','2020-09-30',5608.01);
INSERT INTO ingrediente(idInventario,rfc,cantidad,fechaCaduc,marca,diaCompra,precio) VALUES (465,'MESL7912270IQ',23,'2024-11-13','pepsi','2021-10-28',3786.76);
INSERT INTO ingrediente(idInventario,rfc,cantidad,fechaCaduc,marca,diaCompra,precio) VALUES (466,'QUZL111830GG0',61,'2026-09-12','mcCormick','2020-10-10',461.43);
INSERT INTO ingrediente(idInventario,rfc,cantidad,fechaCaduc,marca,diaCompra,precio) VALUES (467,'VUYC561808C17',20,'2024-02-22','mcCormick','2021-06-24',2030.88);
INSERT INTO ingrediente(idInventario,rfc,cantidad,fechaCaduc,marca,diaCompra,precio) VALUES (468,'WURB800325UD8',72,'2027-05-13','bonafont','2020-11-28',1035.29);
INSERT INTO ingrediente(idInventario,rfc,cantidad,fechaCaduc,marca,diaCompra,precio) VALUES (469,'KUEZ36143933T',26,'2024-03-08','valentina','2020-08-03',5203.57);
INSERT INTO ingrediente(idInventario,rfc,cantidad,fechaCaduc,marca,diaCompra,precio) VALUES (470,'JOAC591637UC3',36,'2029-02-18','pepsi','2020-12-11',3431.97);
INSERT INTO ingrediente(idInventario,rfc,cantidad,fechaCaduc,marca,diaCompra,precio) VALUES (471,'IUYT290613116',35,'2024-01-17','pepsi','2021-08-22',8300.69);
INSERT INTO ingrediente(idInventario,rfc,cantidad,fechaCaduc,marca,diaCompra,precio) VALUES (472,'JATS33101301U',69,'2029-11-01','mcCormick','2021-03-26',2162.24);
INSERT INTO ingrediente(idInventario,rfc,cantidad,fechaCaduc,marca,diaCompra,precio) VALUES (473,'LUVK030421EIJ',7,'2027-01-20','pepsi','2020-11-14',6501.55);
INSERT INTO ingrediente(idInventario,rfc,cantidad,fechaCaduc,marca,diaCompra,precio) VALUES (474,'TUFA9801296O4',22,'2025-03-03','valentina','2021-03-18',8669.26);
INSERT INTO ingrediente(idInventario,rfc,cantidad,fechaCaduc,marca,diaCompra,precio) VALUES (475,'DAEO270010PT4',34,'2026-02-08','mcCormick','2021-04-24',4843.35);
INSERT INTO ingrediente(idInventario,rfc,cantidad,fechaCaduc,marca,diaCompra,precio) VALUES (476,'TUFA9801296O4',7,'2028-01-27','mcCormick','2021-05-18',7421.31);
INSERT INTO ingrediente(idInventario,rfc,cantidad,fechaCaduc,marca,diaCompra,precio) VALUES (477,'JOAC591637UC3',57,'2023-03-12','valentina','2021-09-03',2986.29);
INSERT INTO ingrediente(idInventario,rfc,cantidad,fechaCaduc,marca,diaCompra,precio) VALUES (478,'QOLH310124B3J',53,'2024-03-27','valentina','2020-11-19',5455.58);
INSERT INTO ingrediente(idInventario,rfc,cantidad,fechaCaduc,marca,diaCompra,precio) VALUES (479,'XUQX6316033H9',74,'2027-11-23','valentina','2021-12-23',500.14);
INSERT INTO ingrediente(idInventario,rfc,cantidad,fechaCaduc,marca,diaCompra,precio) VALUES (480,'MEGU930811TL3',36,'2023-03-30','valentina','2021-01-24',7973.92);
INSERT INTO ingrediente(idInventario,rfc,cantidad,fechaCaduc,marca,diaCompra,precio) VALUES (481,'FAYW200836SC8',35,'2023-10-31','pepsi','2021-11-26',4840.47);
INSERT INTO ingrediente(idInventario,rfc,cantidad,fechaCaduc,marca,diaCompra,precio) VALUES (482,'QUZL111830GG0',1,'2023-04-23','la costeña','2021-06-10',3257.55);
INSERT INTO ingrediente(idInventario,rfc,cantidad,fechaCaduc,marca,diaCompra,precio) VALUES (483,'JATS33101301U',17,'2029-11-03','valentina','2021-03-10',1697.53);
INSERT INTO ingrediente(idInventario,rfc,cantidad,fechaCaduc,marca,diaCompra,precio) VALUES (484,'AOYI910101689',57,'2026-10-17','la costeña','2021-12-27',4569.32);
INSERT INTO ingrediente(idInventario,rfc,cantidad,fechaCaduc,marca,diaCompra,precio) VALUES (485,'WURB800325UD8',67,'2026-08-09','mcCormick','2021-03-20',6911.51);
INSERT INTO ingrediente(idInventario,rfc,cantidad,fechaCaduc,marca,diaCompra,precio) VALUES (486,'LUVK030421EIJ',7,'2023-05-14','mcCormick','2020-09-14',9454.18);
INSERT INTO ingrediente(idInventario,rfc,cantidad,fechaCaduc,marca,diaCompra,precio) VALUES (487,'SUXF421335376',37,'2029-09-22','bonafont','2021-08-28',1304.73);
INSERT INTO ingrediente(idInventario,rfc,cantidad,fechaCaduc,marca,diaCompra,precio) VALUES (488,'YEAV261025N29',58,'2029-10-27','la costeña','2021-08-25',5813.32);
INSERT INTO ingrediente(idInventario,rfc,cantidad,fechaCaduc,marca,diaCompra,precio) VALUES (489,'MESL7912270IQ',65,'2024-01-20','pepsi','2021-06-10',8333.42);
INSERT INTO ingrediente(idInventario,rfc,cantidad,fechaCaduc,marca,diaCompra,precio) VALUES (490,'VUYC561808C17',11,'2025-07-31','la costeña','2021-05-06',6758.7);
INSERT INTO ingrediente(idInventario,rfc,cantidad,fechaCaduc,marca,diaCompra,precio) VALUES (491,'WURB800325UD8',42,'2025-10-07','la costeña','2020-09-09',2220.86);
INSERT INTO ingrediente(idInventario,rfc,cantidad,fechaCaduc,marca,diaCompra,precio) VALUES (492,'VUYC561808C17',3,'2029-07-07','bonafont','2020-09-03',9427.54);
INSERT INTO ingrediente(idInventario,rfc,cantidad,fechaCaduc,marca,diaCompra,precio) VALUES (493,'SUXF421335376',73,'2025-09-11','valentina','2020-12-11',2460.41);
INSERT INTO ingrediente(idInventario,rfc,cantidad,fechaCaduc,marca,diaCompra,precio) VALUES (494,'FAYW200836SC8',23,'2029-01-24','valentina','2020-07-30',753.18);
INSERT INTO ingrediente(idInventario,rfc,cantidad,fechaCaduc,marca,diaCompra,precio) VALUES (495,'LUVK030421EIJ',57,'2029-11-14','la costeña','2021-05-09',3961.07);
INSERT INTO ingrediente(idInventario,rfc,cantidad,fechaCaduc,marca,diaCompra,precio) VALUES (496,'QUZL111830GG0',61,'2024-02-06','valentina','2021-09-24',7657.03);
INSERT INTO ingrediente(idInventario,rfc,cantidad,fechaCaduc,marca,diaCompra,precio) VALUES (497,'MESL7912270IQ',72,'2027-07-05','la costeña','2021-12-09',4837.27);
INSERT INTO ingrediente(idInventario,rfc,cantidad,fechaCaduc,marca,diaCompra,precio) VALUES (498,'MEGU930811TL3',92,'2026-07-28','pepsi','2021-09-14',1251.28);
INSERT INTO ingrediente(idInventario,rfc,cantidad,fechaCaduc,marca,diaCompra,precio) VALUES (499,'DAEO270010PT4',56,'2023-01-25','bonafont','2021-03-28',2342.82);
INSERT INTO ingrediente(idInventario,rfc,cantidad,fechaCaduc,marca,diaCompra,precio) VALUES (500,'KUEZ36143933T',29,'2024-09-15','mcCormick','2020-07-07',5337.33);
INSERT INTO ingrediente(idInventario,rfc,cantidad,fechaCaduc,marca,diaCompra,precio) VALUES (501,'IUYT290613116',37,'2027-05-31','la costeña','2021-09-04',6236.79);
INSERT INTO ingrediente(idInventario,rfc,cantidad,fechaCaduc,marca,diaCompra,precio) VALUES (502,'QURU260117138',61,'2029-04-09','mcCormick','2021-12-05',6287.69);
INSERT INTO ingrediente(idInventario,rfc,cantidad,fechaCaduc,marca,diaCompra,precio) VALUES (503,'QOLH310124B3J',63,'2027-06-07','mcCormick','2021-06-29',4291.02);
INSERT INTO ingrediente(idInventario,rfc,cantidad,fechaCaduc,marca,diaCompra,precio) VALUES (504,'XUQX6316033H9',96,'2025-01-17','valentina','2020-06-18',868.99);
INSERT INTO ingrediente(idInventario,rfc,cantidad,fechaCaduc,marca,diaCompra,precio) VALUES (505,'KAHP29103995C',46,'2024-12-21','valentina','2020-12-13',6181.71);
INSERT INTO ingrediente(idInventario,rfc,cantidad,fechaCaduc,marca,diaCompra,precio) VALUES (506,'YEAV261025N29',30,'2027-10-08','pepsi','2020-07-16',5042.43);
INSERT INTO ingrediente(idInventario,rfc,cantidad,fechaCaduc,marca,diaCompra,precio) VALUES (507,'AOYI910101689',96,'2026-02-11','valentina','2020-10-24',9236.37);
INSERT INTO ingrediente(idInventario,rfc,cantidad,fechaCaduc,marca,diaCompra,precio) VALUES (508,'JATS33101301U',11,'2023-03-07','bonafont','2020-08-10',4326.2);
INSERT INTO ingrediente(idInventario,rfc,cantidad,fechaCaduc,marca,diaCompra,precio) VALUES (509,'JOAC591637UC3',87,'2025-04-02','bonafont','2020-07-23',7303.86);
INSERT INTO ingrediente(idInventario,rfc,cantidad,fechaCaduc,marca,diaCompra,precio) VALUES (510,'TUFA9801296O4',33,'2026-01-18','la costeña','2021-07-05',8481.14);
INSERT INTO ingrediente(idInventario,rfc,cantidad,fechaCaduc,marca,diaCompra,precio) VALUES (511,'FAYW200836SC8',73,'2023-04-08','bonafont','2020-11-09',2954.99);
INSERT INTO ingrediente(idInventario,rfc,cantidad,fechaCaduc,marca,diaCompra,precio) VALUES (512,'MEGU930811TL3',15,'2027-01-01','valentina','2020-12-22',5529.25);
INSERT INTO ingrediente(idInventario,rfc,cantidad,fechaCaduc,marca,diaCompra,precio) VALUES (513,'YEAV261025N29',89,'2027-07-17','la costeña','2021-03-09',1125.41);
INSERT INTO ingrediente(idInventario,rfc,cantidad,fechaCaduc,marca,diaCompra,precio) VALUES (514,'AOYI910101689',87,'2029-03-21','la costeña','2020-07-14',5852.81);
INSERT INTO ingrediente(idInventario,rfc,cantidad,fechaCaduc,marca,diaCompra,precio) VALUES (515,'TUFA9801296O4',89,'2028-03-14','la costeña','2021-02-26',803.66);
INSERT INTO ingrediente(idInventario,rfc,cantidad,fechaCaduc,marca,diaCompra,precio) VALUES (516,'XUQX6316033H9',44,'2030-03-05','pepsi','2021-06-01',7368.25);
INSERT INTO ingrediente(idInventario,rfc,cantidad,fechaCaduc,marca,diaCompra,precio) VALUES (517,'MESL7912270IQ',42,'2027-03-03','bonafont','2020-08-20',4742.9);
INSERT INTO ingrediente(idInventario,rfc,cantidad,fechaCaduc,marca,diaCompra,precio) VALUES (518,'QURU260117138',12,'2025-06-23','la costeña','2021-05-13',7614.41);
INSERT INTO ingrediente(idInventario,rfc,cantidad,fechaCaduc,marca,diaCompra,precio) VALUES (519,'LUVK030421EIJ',31,'2025-11-28','la costeña','2020-12-24',6819.93);
INSERT INTO ingrediente(idInventario,rfc,cantidad,fechaCaduc,marca,diaCompra,precio) VALUES (520,'JOAC591637UC3',90,'2027-01-11','la costeña','2021-03-18',5119.08);
INSERT INTO ingrediente(idInventario,rfc,cantidad,fechaCaduc,marca,diaCompra,precio) VALUES (521,'QOLH310124B3J',66,'2028-06-04','pepsi','2020-10-11',8318.5);
INSERT INTO ingrediente(idInventario,rfc,cantidad,fechaCaduc,marca,diaCompra,precio) VALUES (522,'SUXF421335376',75,'2024-12-21','pepsi','2020-10-24',7667.67);
INSERT INTO ingrediente(idInventario,rfc,cantidad,fechaCaduc,marca,diaCompra,precio) VALUES (523,'JATS33101301U',8,'2023-03-28','bonafont','2020-11-05',8396.71);
INSERT INTO ingrediente(idInventario,rfc,cantidad,fechaCaduc,marca,diaCompra,precio) VALUES (524,'VUYC561808C17',77,'2026-10-10','pepsi','2020-11-19',5646.13);
INSERT INTO ingrediente(idInventario,rfc,cantidad,fechaCaduc,marca,diaCompra,precio) VALUES (525,'IUYT290613116',87,'2024-04-22','pepsi','2020-10-05',1108.55);
INSERT INTO ingrediente(idInventario,rfc,cantidad,fechaCaduc,marca,diaCompra,precio) VALUES (526,'MEGU930811TL3',11,'2023-07-10','mcCormick','2020-12-15',3809.68);
INSERT INTO ingrediente(idInventario,rfc,cantidad,fechaCaduc,marca,diaCompra,precio) VALUES (527,'XUQX6316033H9',32,'2029-02-10','bonafont','2020-12-13',4625.57);
INSERT INTO ingrediente(idInventario,rfc,cantidad,fechaCaduc,marca,diaCompra,precio) VALUES (528,'QURU260117138',97,'2027-07-01','mcCormick','2020-08-09',1479.06);
INSERT INTO ingrediente(idInventario,rfc,cantidad,fechaCaduc,marca,diaCompra,precio) VALUES (529,'JOAC591637UC3',98,'2028-08-13','mcCormick','2021-08-03',4035.25);
INSERT INTO ingrediente(idInventario,rfc,cantidad,fechaCaduc,marca,diaCompra,precio) VALUES (530,'QOLH310124B3J',49,'2023-06-28','valentina','2020-11-15',9969.75);
INSERT INTO ingrediente(idInventario,rfc,cantidad,fechaCaduc,marca,diaCompra,precio) VALUES (531,'AOYI910101689',51,'2025-11-26','bonafont','2021-04-05',2563.54);
INSERT INTO ingrediente(idInventario,rfc,cantidad,fechaCaduc,marca,diaCompra,precio) VALUES (532,'JATS33101301U',41,'2029-07-29','la costeña','2021-10-13',6168.48);
INSERT INTO ingrediente(idInventario,rfc,cantidad,fechaCaduc,marca,diaCompra,precio) VALUES (533,'SUXF421335376',93,'2027-08-06','valentina','2020-08-09',7437.77);
INSERT INTO ingrediente(idInventario,rfc,cantidad,fechaCaduc,marca,diaCompra,precio) VALUES (534,'KUEZ36143933T',36,'2024-11-29','bonafont','2021-03-06',1783.57);
INSERT INTO ingrediente(idInventario,rfc,cantidad,fechaCaduc,marca,diaCompra,precio) VALUES (535,'MESL7912270IQ',83,'2028-12-14','pepsi','2020-12-29',2981.7);
INSERT INTO ingrediente(idInventario,rfc,cantidad,fechaCaduc,marca,diaCompra,precio) VALUES (536,'LUVK030421EIJ',74,'2025-12-19','valentina','2021-09-13',7721.64);
INSERT INTO ingrediente(idInventario,rfc,cantidad,fechaCaduc,marca,diaCompra,precio) VALUES (537,'DAEO270010PT4',59,'2028-03-04','pepsi','2020-12-04',5941.21);
INSERT INTO ingrediente(idInventario,rfc,cantidad,fechaCaduc,marca,diaCompra,precio) VALUES (538,'VUYC561808C17',31,'2024-06-03','mcCormick','2020-06-23',2902.65);
INSERT INTO ingrediente(idInventario,rfc,cantidad,fechaCaduc,marca,diaCompra,precio) VALUES (539,'YEAV261025N29',27,'2024-06-25','valentina','2021-08-14',5131.42);
INSERT INTO ingrediente(idInventario,rfc,cantidad,fechaCaduc,marca,diaCompra,precio) VALUES (540,'IUYT290613116',59,'2025-01-20','valentina','2021-10-18',6135.55);
INSERT INTO ingrediente(idInventario,rfc,cantidad,fechaCaduc,marca,diaCompra,precio) VALUES (541,'WURB800325UD8',4,'2023-01-29','mcCormick','2021-10-17',3907.97);
INSERT INTO ingrediente(idInventario,rfc,cantidad,fechaCaduc,marca,diaCompra,precio) VALUES (542,'QUZL111830GG0',11,'2030-06-25','mcCormick','2021-11-13',5938.85);
INSERT INTO ingrediente(idInventario,rfc,cantidad,fechaCaduc,marca,diaCompra,precio) VALUES (543,'KAHP29103995C',9,'2029-08-11','la costeña','2020-12-17',9761.82);
INSERT INTO ingrediente(idInventario,rfc,cantidad,fechaCaduc,marca,diaCompra,precio) VALUES (544,'FAYW200836SC8',57,'2027-09-01','bonafont','2020-07-01',3515.07);
INSERT INTO ingrediente(idInventario,rfc,cantidad,fechaCaduc,marca,diaCompra,precio) VALUES (545,'TUFA9801296O4',59,'2026-07-20','bonafont','2021-12-27',9096.71);
INSERT INTO ingrediente(idInventario,rfc,cantidad,fechaCaduc,marca,diaCompra,precio) VALUES (546,'TUFA9801296O4',67,'2023-10-08','bonafont','2020-09-04',2127.26);
INSERT INTO ingrediente(idInventario,rfc,cantidad,fechaCaduc,marca,diaCompra,precio) VALUES (547,'MEGU930811TL3',79,'2027-04-04','valentina','2021-06-04',3381.03);
INSERT INTO ingrediente(idInventario,rfc,cantidad,fechaCaduc,marca,diaCompra,precio) VALUES (548,'FAYW200836SC8',30,'2024-09-23','mcCormick','2021-03-09',1861.66);
INSERT INTO ingrediente(idInventario,rfc,cantidad,fechaCaduc,marca,diaCompra,precio) VALUES (549,'KAHP29103995C',96,'2029-09-12','bonafont','2020-11-01',3807.04);
INSERT INTO ingrediente(idInventario,rfc,cantidad,fechaCaduc,marca,diaCompra,precio) VALUES (550,'MESL7912270IQ',4,'2030-01-21','pepsi','2021-11-24',6122.89);
INSERT INTO ingrediente(idInventario,rfc,cantidad,fechaCaduc,marca,diaCompra,precio) VALUES (551,'VUYC561808C17',20,'2023-07-02','la costeña','2021-07-26',967.06);
INSERT INTO ingrediente(idInventario,rfc,cantidad,fechaCaduc,marca,diaCompra,precio) VALUES (552,'LUVK030421EIJ',90,'2025-12-27','valentina','2021-03-31',6340.81);
INSERT INTO ingrediente(idInventario,rfc,cantidad,fechaCaduc,marca,diaCompra,precio) VALUES (553,'YEAV261025N29',53,'2029-08-06','pepsi','2020-09-27',3017.97);
INSERT INTO ingrediente(idInventario,rfc,cantidad,fechaCaduc,marca,diaCompra,precio) VALUES (554,'KUEZ36143933T',89,'2026-09-07','mcCormick','2021-02-13',4126.31);
INSERT INTO ingrediente(idInventario,rfc,cantidad,fechaCaduc,marca,diaCompra,precio) VALUES (555,'JATS33101301U',37,'2023-05-17','bonafont','2021-08-05',704.1);
INSERT INTO ingrediente(idInventario,rfc,cantidad,fechaCaduc,marca,diaCompra,precio) VALUES (556,'QOLH310124B3J',52,'2025-01-05','mcCormick','2021-09-12',1398.87);
INSERT INTO ingrediente(idInventario,rfc,cantidad,fechaCaduc,marca,diaCompra,precio) VALUES (557,'QUZL111830GG0',16,'2023-12-31','mcCormick','2020-10-04',4404.44);
INSERT INTO ingrediente(idInventario,rfc,cantidad,fechaCaduc,marca,diaCompra,precio) VALUES (558,'DAEO270010PT4',3,'2024-12-28','bonafont','2021-11-30',8246.29);
INSERT INTO ingrediente(idInventario,rfc,cantidad,fechaCaduc,marca,diaCompra,precio) VALUES (559,'QURU260117138',37,'2028-04-27','valentina','2021-12-14',734.55);
INSERT INTO ingrediente(idInventario,rfc,cantidad,fechaCaduc,marca,diaCompra,precio) VALUES (560,'SUXF421335376',12,'2028-06-22','valentina','2020-06-22',8269.56);
INSERT INTO ingrediente(idInventario,rfc,cantidad,fechaCaduc,marca,diaCompra,precio) VALUES (561,'LUVK030421EIJ',52,'2024-08-20','la costeña','2021-09-16',859.07);
INSERT INTO ingrediente(idInventario,rfc,cantidad,fechaCaduc,marca,diaCompra,precio) VALUES (562,'AOYI910101689',95,'2027-06-19','la costeña','2021-08-21',3646.67);
INSERT INTO ingrediente(idInventario,rfc,cantidad,fechaCaduc,marca,diaCompra,precio) VALUES (563,'VUYC561808C17',41,'2024-06-08','pepsi','2021-01-13',6994.95);
INSERT INTO ingrediente(idInventario,rfc,cantidad,fechaCaduc,marca,diaCompra,precio) VALUES (564,'YEAV261025N29',45,'2030-01-17','la costeña','2021-06-18',3506.9);
INSERT INTO ingrediente(idInventario,rfc,cantidad,fechaCaduc,marca,diaCompra,precio) VALUES (565,'SUXF421335376',98,'2030-02-04','bonafont','2021-03-19',7038.72);
INSERT INTO ingrediente(idInventario,rfc,cantidad,fechaCaduc,marca,diaCompra,precio) VALUES (566,'FAYW200836SC8',40,'2025-04-15','pepsi','2021-03-24',1723.05);
INSERT INTO ingrediente(idInventario,rfc,cantidad,fechaCaduc,marca,diaCompra,precio) VALUES (567,'WURB800325UD8',12,'2025-12-05','la costeña','2020-08-06',9176.28);
INSERT INTO ingrediente(idInventario,rfc,cantidad,fechaCaduc,marca,diaCompra,precio) VALUES (568,'JOAC591637UC3',80,'2024-08-30','bonafont','2020-07-18',1175.85);
INSERT INTO ingrediente(idInventario,rfc,cantidad,fechaCaduc,marca,diaCompra,precio) VALUES (569,'QUZL111830GG0',97,'2023-11-20','pepsi','2020-12-24',967.27);
INSERT INTO ingrediente(idInventario,rfc,cantidad,fechaCaduc,marca,diaCompra,precio) VALUES (570,'QOLH310124B3J',11,'2029-07-31','bonafont','2021-03-27',7326.13);
INSERT INTO ingrediente(idInventario,rfc,cantidad,fechaCaduc,marca,diaCompra,precio) VALUES (571,'KAHP29103995C',82,'2029-02-03','pepsi','2021-08-22',8451.43);
INSERT INTO ingrediente(idInventario,rfc,cantidad,fechaCaduc,marca,diaCompra,precio) VALUES (572,'MEGU930811TL3',8,'2026-07-27','pepsi','2020-09-05',1227.27);
INSERT INTO ingrediente(idInventario,rfc,cantidad,fechaCaduc,marca,diaCompra,precio) VALUES (573,'TUFA9801296O4',91,'2029-03-02','la costeña','2021-10-21',9683.81);
INSERT INTO ingrediente(idInventario,rfc,cantidad,fechaCaduc,marca,diaCompra,precio) VALUES (574,'MESL7912270IQ',51,'2029-01-19','bonafont','2021-07-09',4010.15);
INSERT INTO ingrediente(idInventario,rfc,cantidad,fechaCaduc,marca,diaCompra,precio) VALUES (575,'IUYT290613116',61,'2024-05-27','bonafont','2020-11-30',2507.16);
INSERT INTO ingrediente(idInventario,rfc,cantidad,fechaCaduc,marca,diaCompra,precio) VALUES (576,'QURU260117138',17,'2030-02-16','mcCormick','2021-12-03',7524.25);
INSERT INTO ingrediente(idInventario,rfc,cantidad,fechaCaduc,marca,diaCompra,precio) VALUES (577,'DAEO270010PT4',20,'2024-09-06','la costeña','2020-08-10',7854.26);
INSERT INTO ingrediente(idInventario,rfc,cantidad,fechaCaduc,marca,diaCompra,precio) VALUES (578,'KUEZ36143933T',27,'2027-09-06','bonafont','2021-04-07',457.27);
INSERT INTO ingrediente(idInventario,rfc,cantidad,fechaCaduc,marca,diaCompra,precio) VALUES (579,'XUQX6316033H9',58,'2027-09-04','pepsi','2020-10-14',3238.25);
INSERT INTO ingrediente(idInventario,rfc,cantidad,fechaCaduc,marca,diaCompra,precio) VALUES (580,'JATS33101301U',24,'2029-08-08','pepsi','2021-02-27',7994.33);
INSERT INTO ingrediente(idInventario,rfc,cantidad,fechaCaduc,marca,diaCompra,precio) VALUES (581,'KUEZ36143933T',99,'2027-03-26','pepsi','2020-07-14',8683.1);
INSERT INTO ingrediente(idInventario,rfc,cantidad,fechaCaduc,marca,diaCompra,precio) VALUES (582,'SUXF421335376',52,'2028-10-01','mcCormick','2021-01-11',7419.4);
INSERT INTO ingrediente(idInventario,rfc,cantidad,fechaCaduc,marca,diaCompra,precio) VALUES (583,'JATS33101301U',83,'2029-03-29','mcCormick','2020-07-26',6197.39);
INSERT INTO ingrediente(idInventario,rfc,cantidad,fechaCaduc,marca,diaCompra,precio) VALUES (584,'IUYT290613116',40,'2029-10-24','mcCormick','2020-08-30',2815.67);
INSERT INTO ingrediente(idInventario,rfc,cantidad,fechaCaduc,marca,diaCompra,precio) VALUES (585,'JOAC591637UC3',23,'2025-08-14','mcCormick','2020-07-25',6598.65);
INSERT INTO ingrediente(idInventario,rfc,cantidad,fechaCaduc,marca,diaCompra,precio) VALUES (586,'QUZL111830GG0',91,'2025-11-03','valentina','2021-02-18',2309.19);
INSERT INTO ingrediente(idInventario,rfc,cantidad,fechaCaduc,marca,diaCompra,precio) VALUES (587,'QURU260117138',14,'2024-10-04','la costeña','2021-07-09',4352.97);
INSERT INTO ingrediente(idInventario,rfc,cantidad,fechaCaduc,marca,diaCompra,precio) VALUES (588,'FAYW200836SC8',77,'2028-06-13','mcCormick','2020-10-05',7270.81);
INSERT INTO ingrediente(idInventario,rfc,cantidad,fechaCaduc,marca,diaCompra,precio) VALUES (589,'LUVK030421EIJ',87,'2026-09-05','bonafont','2021-04-26',5338.19);
INSERT INTO ingrediente(idInventario,rfc,cantidad,fechaCaduc,marca,diaCompra,precio) VALUES (590,'MESL7912270IQ',60,'2024-06-24','mcCormick','2020-11-09',9050.93);
INSERT INTO ingrediente(idInventario,rfc,cantidad,fechaCaduc,marca,diaCompra,precio) VALUES (591,'VUYC561808C17',69,'2025-03-02','valentina','2021-01-19',3326.14);
INSERT INTO ingrediente(idInventario,rfc,cantidad,fechaCaduc,marca,diaCompra,precio) VALUES (592,'QOLH310124B3J',63,'2023-05-29','la costeña','2020-10-02',3262.36);
INSERT INTO ingrediente(idInventario,rfc,cantidad,fechaCaduc,marca,diaCompra,precio) VALUES (593,'KAHP29103995C',38,'2025-08-27','la costeña','2021-11-21',8990.55);
INSERT INTO ingrediente(idInventario,rfc,cantidad,fechaCaduc,marca,diaCompra,precio) VALUES (594,'WURB800325UD8',23,'2023-05-18','pepsi','2020-08-30',4108.87);
INSERT INTO ingrediente(idInventario,rfc,cantidad,fechaCaduc,marca,diaCompra,precio) VALUES (595,'XUQX6316033H9',100,'2028-03-02','bonafont','2021-04-23',3366.69);
INSERT INTO ingrediente(idInventario,rfc,cantidad,fechaCaduc,marca,diaCompra,precio) VALUES (596,'JATS33101301U',25,'2023-09-23','pepsi','2021-09-14',1671.27);
INSERT INTO ingrediente(idInventario,rfc,cantidad,fechaCaduc,marca,diaCompra,precio) VALUES (597,'SUXF421335376',25,'2025-06-02','valentina','2020-08-26',5421.14);
INSERT INTO ingrediente(idInventario,rfc,cantidad,fechaCaduc,marca,diaCompra,precio) VALUES (598,'KAHP29103995C',27,'2024-09-15','mcCormick','2021-11-21',5222.85);
INSERT INTO ingrediente(idInventario,rfc,cantidad,fechaCaduc,marca,diaCompra,precio) VALUES (599,'TUFA9801296O4',88,'2029-08-31','pepsi','2021-08-02',8421.01);
INSERT INTO ingrediente(idInventario,rfc,cantidad,fechaCaduc,marca,diaCompra,precio) VALUES (600,'DAEO270010PT4',91,'2029-07-29','mcCormick','2021-08-25',5953.72);
INSERT INTO ingrediente(idInventario,rfc,cantidad,fechaCaduc,marca,diaCompra,precio) VALUES (601,'FAYW200836SC8',98,'2023-04-14','mcCormick','2021-08-30',5425.3);
INSERT INTO ingrediente(idInventario,rfc,cantidad,fechaCaduc,marca,diaCompra,precio) VALUES (602,'AOYI910101689',57,'2027-09-14','valentina','2021-09-11',9626.21);
INSERT INTO ingrediente(idInventario,rfc,cantidad,fechaCaduc,marca,diaCompra,precio) VALUES (603,'VUYC561808C17',5,'2023-05-20','pepsi','2021-03-15',3967.28);
INSERT INTO ingrediente(idInventario,rfc,cantidad,fechaCaduc,marca,diaCompra,precio) VALUES (604,'YEAV261025N29',100,'2024-10-22','bonafont','2021-01-24',8761.25);
INSERT INTO ingrediente(idInventario,rfc,cantidad,fechaCaduc,marca,diaCompra,precio) VALUES (605,'XUQX6316033H9',32,'2029-09-15','pepsi','2021-02-10',9732.62);
INSERT INTO ingrediente(idInventario,rfc,cantidad,fechaCaduc,marca,diaCompra,precio) VALUES (606,'KUEZ36143933T',51,'2026-05-22','valentina','2020-10-28',1764.65);
INSERT INTO ingrediente(idInventario,rfc,cantidad,fechaCaduc,marca,diaCompra,precio) VALUES (607,'MEGU930811TL3',99,'2025-06-13','pepsi','2021-01-01',7749.85);
INSERT INTO ingrediente(idInventario,rfc,cantidad,fechaCaduc,marca,diaCompra,precio) VALUES (608,'QURU260117138',55,'2023-07-11','mcCormick','2020-10-23',9717.1);
INSERT INTO ingrediente(idInventario,rfc,cantidad,fechaCaduc,marca,diaCompra,precio) VALUES (609,'MESL7912270IQ',24,'2024-01-12','valentina','2020-12-07',6965.88);
INSERT INTO ingrediente(idInventario,rfc,cantidad,fechaCaduc,marca,diaCompra,precio) VALUES (610,'QUZL111830GG0',34,'2024-01-01','mcCormick','2020-09-28',1219.9);
INSERT INTO ingrediente(idInventario,rfc,cantidad,fechaCaduc,marca,diaCompra,precio) VALUES (611,'JOAC591637UC3',33,'2023-05-02','mcCormick','2021-06-14',8449.39);
INSERT INTO ingrediente(idInventario,rfc,cantidad,fechaCaduc,marca,diaCompra,precio) VALUES (612,'LUVK030421EIJ',71,'2029-03-28','mcCormick','2020-11-28',9548.64);
INSERT INTO ingrediente(idInventario,rfc,cantidad,fechaCaduc,marca,diaCompra,precio) VALUES (613,'QOLH310124B3J',54,'2026-03-15','la costeña','2021-10-13',4807.89);
INSERT INTO ingrediente(idInventario,rfc,cantidad,fechaCaduc,marca,diaCompra,precio) VALUES (614,'IUYT290613116',52,'2029-04-05','pepsi','2021-08-22',4028.51);
INSERT INTO ingrediente(idInventario,rfc,cantidad,fechaCaduc,marca,diaCompra,precio) VALUES (615,'WURB800325UD8',52,'2028-01-30','bonafont','2020-07-26',1783.0);
INSERT INTO ingrediente(idInventario,rfc,cantidad,fechaCaduc,marca,diaCompra,precio) VALUES (616,'KUEZ36143933T',29,'2026-06-16','mcCormick','2021-11-24',9071.42);
INSERT INTO ingrediente(idInventario,rfc,cantidad,fechaCaduc,marca,diaCompra,precio) VALUES (617,'DAEO270010PT4',88,'2024-03-03','valentina','2021-12-28',1531.35);
INSERT INTO ingrediente(idInventario,rfc,cantidad,fechaCaduc,marca,diaCompra,precio) VALUES (618,'QUZL111830GG0',45,'2025-09-28','valentina','2020-09-01',9629.44);
INSERT INTO ingrediente(idInventario,rfc,cantidad,fechaCaduc,marca,diaCompra,precio) VALUES (619,'FAYW200836SC8',70,'2026-06-13','mcCormick','2021-12-04',516.62);
INSERT INTO ingrediente(idInventario,rfc,cantidad,fechaCaduc,marca,diaCompra,precio) VALUES (620,'LUVK030421EIJ',37,'2025-11-20','mcCormick','2021-09-20',2977.02);
INSERT INTO ingrediente(idInventario,rfc,cantidad,fechaCaduc,marca,diaCompra,precio) VALUES (621,'MEGU930811TL3',15,'2027-04-03','la costeña','2020-12-22',1850.15);
INSERT INTO ingrediente(idInventario,rfc,cantidad,fechaCaduc,marca,diaCompra,precio) VALUES (622,'VUYC561808C17',43,'2024-10-02','valentina','2020-09-25',1012.28);
INSERT INTO ingrediente(idInventario,rfc,cantidad,fechaCaduc,marca,diaCompra,precio) VALUES (623,'QOLH310124B3J',30,'2029-01-30','la costeña','2021-07-09',9767.63);
INSERT INTO ingrediente(idInventario,rfc,cantidad,fechaCaduc,marca,diaCompra,precio) VALUES (624,'TUFA9801296O4',95,'2026-09-09','valentina','2020-07-02',6223.77);
INSERT INTO ingrediente(idInventario,rfc,cantidad,fechaCaduc,marca,diaCompra,precio) VALUES (625,'IUYT290613116',24,'2028-07-04','la costeña','2021-08-22',2367.97);
INSERT INTO ingrediente(idInventario,rfc,cantidad,fechaCaduc,marca,diaCompra,precio) VALUES (626,'YEAV261025N29',35,'2026-09-12','valentina','2021-01-26',8123.79);
INSERT INTO ingrediente(idInventario,rfc,cantidad,fechaCaduc,marca,diaCompra,precio) VALUES (627,'JATS33101301U',74,'2029-05-28','bonafont','2021-06-23',1404.73);
INSERT INTO ingrediente(idInventario,rfc,cantidad,fechaCaduc,marca,diaCompra,precio) VALUES (628,'QURU260117138',32,'2029-09-25','valentina','2021-06-16',2762.46);
INSERT INTO ingrediente(idInventario,rfc,cantidad,fechaCaduc,marca,diaCompra,precio) VALUES (629,'WURB800325UD8',8,'2026-12-27','valentina','2020-12-17',4830.21);
INSERT INTO ingrediente(idInventario,rfc,cantidad,fechaCaduc,marca,diaCompra,precio) VALUES (630,'SUXF421335376',17,'2027-01-30','la costeña','2021-02-01',9969.15);
INSERT INTO ingrediente(idInventario,rfc,cantidad,fechaCaduc,marca,diaCompra,precio) VALUES (631,'KUEZ36143933T',13,'2026-08-11','valentina','2021-04-07',5184.64);
INSERT INTO ingrediente(idInventario,rfc,cantidad,fechaCaduc,marca,diaCompra,precio) VALUES (632,'KAHP29103995C',47,'2029-04-24','bonafont','2020-07-21',4886.11);
INSERT INTO ingrediente(idInventario,rfc,cantidad,fechaCaduc,marca,diaCompra,precio) VALUES (633,'AOYI910101689',45,'2029-03-19','la costeña','2021-01-05',5883.16);
INSERT INTO ingrediente(idInventario,rfc,cantidad,fechaCaduc,marca,diaCompra,precio) VALUES (634,'QURU260117138',77,'2025-03-18','valentina','2021-05-11',5249.74);
INSERT INTO ingrediente(idInventario,rfc,cantidad,fechaCaduc,marca,diaCompra,precio) VALUES (635,'XUQX6316033H9',12,'2026-10-28','bonafont','2021-11-29',5921.72);
INSERT INTO ingrediente(idInventario,rfc,cantidad,fechaCaduc,marca,diaCompra,precio) VALUES (636,'LUVK030421EIJ',56,'2027-06-09','valentina','2020-06-17',5460.53);
INSERT INTO ingrediente(idInventario,rfc,cantidad,fechaCaduc,marca,diaCompra,precio) VALUES (637,'DAEO270010PT4',35,'2025-08-26','mcCormick','2020-11-06',7230.52);
INSERT INTO ingrediente(idInventario,rfc,cantidad,fechaCaduc,marca,diaCompra,precio) VALUES (638,'QUZL111830GG0',92,'2028-06-28','mcCormick','2021-05-23',8526.02);
INSERT INTO ingrediente(idInventario,rfc,cantidad,fechaCaduc,marca,diaCompra,precio) VALUES (639,'MEGU930811TL3',61,'2024-09-27','valentina','2021-01-01',5947.54);
INSERT INTO ingrediente(idInventario,rfc,cantidad,fechaCaduc,marca,diaCompra,precio) VALUES (640,'WURB800325UD8',49,'2028-12-26','bonafont','2021-03-03',8391.34);
INSERT INTO ingrediente(idInventario,rfc,cantidad,fechaCaduc,marca,diaCompra,precio) VALUES (641,'YEAV261025N29',93,'2029-07-16','valentina','2020-12-29',5805.61);
INSERT INTO ingrediente(idInventario,rfc,cantidad,fechaCaduc,marca,diaCompra,precio) VALUES (642,'SUXF421335376',12,'2030-01-23','la costeña','2021-02-08',5675.85);
INSERT INTO ingrediente(idInventario,rfc,cantidad,fechaCaduc,marca,diaCompra,precio) VALUES (643,'VUYC561808C17',55,'2026-08-14','valentina','2021-07-30',556.98);
INSERT INTO ingrediente(idInventario,rfc,cantidad,fechaCaduc,marca,diaCompra,precio) VALUES (644,'TUFA9801296O4',90,'2025-11-06','pepsi','2021-05-10',8314.27);
INSERT INTO ingrediente(idInventario,rfc,cantidad,fechaCaduc,marca,diaCompra,precio) VALUES (645,'MESL7912270IQ',19,'2029-12-08','pepsi','2021-02-06',2279.64);
INSERT INTO ingrediente(idInventario,rfc,cantidad,fechaCaduc,marca,diaCompra,precio) VALUES (646,'JOAC591637UC3',88,'2023-12-05','valentina','2021-05-29',4298.75);
INSERT INTO ingrediente(idInventario,rfc,cantidad,fechaCaduc,marca,diaCompra,precio) VALUES (647,'FAYW200836SC8',79,'2027-02-17','valentina','2021-03-29',7896.46);
INSERT INTO ingrediente(idInventario,rfc,cantidad,fechaCaduc,marca,diaCompra,precio) VALUES (648,'JATS33101301U',63,'2027-03-09','bonafont','2020-06-20',8146.31);
INSERT INTO ingrediente(idInventario,rfc,cantidad,fechaCaduc,marca,diaCompra,precio) VALUES (649,'QOLH310124B3J',80,'2028-04-28','valentina','2021-01-24',4741.86);
INSERT INTO ingrediente(idInventario,rfc,cantidad,fechaCaduc,marca,diaCompra,precio) VALUES (650,'IUYT290613116',66,'2030-04-03','bonafont','2020-06-14',9700.17);
INSERT INTO ingrediente(idInventario,rfc,cantidad,fechaCaduc,marca,diaCompra,precio) VALUES (651,'AOYI910101689',3,'2029-07-13','bonafont','2020-12-21',3797.43);
INSERT INTO ingrediente(idInventario,rfc,cantidad,fechaCaduc,marca,diaCompra,precio) VALUES (652,'QOLH310124B3J',56,'2024-07-15','bonafont','2021-06-22',4151.2);
INSERT INTO ingrediente(idInventario,rfc,cantidad,fechaCaduc,marca,diaCompra,precio) VALUES (653,'MESL7912270IQ',2,'2026-07-15','la costeña','2020-10-06',8359.74);
INSERT INTO ingrediente(idInventario,rfc,cantidad,fechaCaduc,marca,diaCompra,precio) VALUES (654,'JOAC591637UC3',48,'2028-09-28','valentina','2021-08-16',7442.85);
INSERT INTO ingrediente(idInventario,rfc,cantidad,fechaCaduc,marca,diaCompra,precio) VALUES (655,'QUZL111830GG0',6,'2025-06-16','pepsi','2021-07-26',3919.26);
INSERT INTO ingrediente(idInventario,rfc,cantidad,fechaCaduc,marca,diaCompra,precio) VALUES (656,'IUYT290613116',53,'2024-10-21','mcCormick','2020-11-12',337.82);
INSERT INTO ingrediente(idInventario,rfc,cantidad,fechaCaduc,marca,diaCompra,precio) VALUES (657,'QURU260117138',56,'2024-08-23','pepsi','2020-12-25',8722.12);
INSERT INTO ingrediente(idInventario,rfc,cantidad,fechaCaduc,marca,diaCompra,precio) VALUES (658,'YEAV261025N29',9,'2028-12-25','la costeña','2021-11-12',7984.43);
INSERT INTO ingrediente(idInventario,rfc,cantidad,fechaCaduc,marca,diaCompra,precio) VALUES (659,'FAYW200836SC8',25,'2024-10-26','bonafont','2020-09-30',5936.04);
INSERT INTO ingrediente(idInventario,rfc,cantidad,fechaCaduc,marca,diaCompra,precio) VALUES (660,'XUQX6316033H9',52,'2024-04-10','valentina','2020-07-09',3287.67);
INSERT INTO ingrediente(idInventario,rfc,cantidad,fechaCaduc,marca,diaCompra,precio) VALUES (661,'SUXF421335376',62,'2030-04-07','valentina','2021-01-01',5783.8);
INSERT INTO ingrediente(idInventario,rfc,cantidad,fechaCaduc,marca,diaCompra,precio) VALUES (662,'LUVK030421EIJ',67,'2025-11-26','pepsi','2021-04-02',1329.07);
INSERT INTO ingrediente(idInventario,rfc,cantidad,fechaCaduc,marca,diaCompra,precio) VALUES (663,'DAEO270010PT4',49,'2023-03-20','bonafont','2020-10-12',600.45);
INSERT INTO ingrediente(idInventario,rfc,cantidad,fechaCaduc,marca,diaCompra,precio) VALUES (664,'MEGU930811TL3',18,'2026-09-24','pepsi','2021-07-26',589.04);
INSERT INTO ingrediente(idInventario,rfc,cantidad,fechaCaduc,marca,diaCompra,precio) VALUES (665,'VUYC561808C17',32,'2023-08-22','la costeña','2021-06-17',4772.16);
INSERT INTO ingrediente(idInventario,rfc,cantidad,fechaCaduc,marca,diaCompra,precio) VALUES (666,'TUFA9801296O4',90,'2029-11-18','pepsi','2021-05-25',3034.3);
INSERT INTO ingrediente(idInventario,rfc,cantidad,fechaCaduc,marca,diaCompra,precio) VALUES (667,'XUQX6316033H9',68,'2023-05-19','pepsi','2020-09-28',1609.82);
INSERT INTO ingrediente(idInventario,rfc,cantidad,fechaCaduc,marca,diaCompra,precio) VALUES (668,'JOAC591637UC3',20,'2027-06-11','valentina','2021-08-01',8188.16);
INSERT INTO ingrediente(idInventario,rfc,cantidad,fechaCaduc,marca,diaCompra,precio) VALUES (669,'JATS33101301U',100,'2028-01-15','mcCormick','2020-08-07',2579.13);
INSERT INTO ingrediente(idInventario,rfc,cantidad,fechaCaduc,marca,diaCompra,precio) VALUES (670,'MESL7912270IQ',4,'2023-12-04','pepsi','2020-08-12',2860.51);
INSERT INTO ingrediente(idInventario,rfc,cantidad,fechaCaduc,marca,diaCompra,precio) VALUES (671,'VUYC561808C17',93,'2029-10-12','valentina','2021-09-17',564.66);
INSERT INTO ingrediente(idInventario,rfc,cantidad,fechaCaduc,marca,diaCompra,precio) VALUES (672,'DAEO270010PT4',22,'2029-05-29','pepsi','2021-07-07',8515.74);
INSERT INTO ingrediente(idInventario,rfc,cantidad,fechaCaduc,marca,diaCompra,precio) VALUES (673,'FAYW200836SC8',52,'2026-06-24','mcCormick','2021-09-13',4938.58);
INSERT INTO ingrediente(idInventario,rfc,cantidad,fechaCaduc,marca,diaCompra,precio) VALUES (674,'YEAV261025N29',63,'2026-02-11','mcCormick','2021-05-15',8485.03);
INSERT INTO ingrediente(idInventario,rfc,cantidad,fechaCaduc,marca,diaCompra,precio) VALUES (675,'KAHP29103995C',77,'2023-12-31','valentina','2020-12-27',2340.7);
INSERT INTO ingrediente(idInventario,rfc,cantidad,fechaCaduc,marca,diaCompra,precio) VALUES (676,'AOYI910101689',34,'2029-09-15','la costeña','2021-12-29',2804.25);
INSERT INTO ingrediente(idInventario,rfc,cantidad,fechaCaduc,marca,diaCompra,precio) VALUES (677,'QOLH310124B3J',59,'2025-02-13','bonafont','2021-02-08',6931.91);
INSERT INTO ingrediente(idInventario,rfc,cantidad,fechaCaduc,marca,diaCompra,precio) VALUES (678,'MEGU930811TL3',28,'2028-05-04','bonafont','2021-09-17',1164.73);
INSERT INTO ingrediente(idInventario,rfc,cantidad,fechaCaduc,marca,diaCompra,precio) VALUES (679,'QUZL111830GG0',1,'2026-09-19','bonafont','2020-12-19',4150.85);
INSERT INTO ingrediente(idInventario,rfc,cantidad,fechaCaduc,marca,diaCompra,precio) VALUES (680,'KUEZ36143933T',98,'2024-12-03','mcCormick','2021-03-17',5408.86);
INSERT INTO ingrediente(idInventario,rfc,cantidad,fechaCaduc,marca,diaCompra,precio) VALUES (681,'LUVK030421EIJ',6,'2030-01-13','bonafont','2020-09-07',5986.4);
INSERT INTO ingrediente(idInventario,rfc,cantidad,fechaCaduc,marca,diaCompra,precio) VALUES (682,'QURU260117138',8,'2025-09-11','la costeña','2021-05-07',9279.8);
INSERT INTO ingrediente(idInventario,rfc,cantidad,fechaCaduc,marca,diaCompra,precio) VALUES (683,'WURB800325UD8',67,'2027-10-04','mcCormick','2021-06-19',7577.04);
INSERT INTO ingrediente(idInventario,rfc,cantidad,fechaCaduc,marca,diaCompra,precio) VALUES (684,'SUXF421335376',80,'2025-09-08','bonafont','2021-01-21',6285.56);
INSERT INTO ingrediente(idInventario,rfc,cantidad,fechaCaduc,marca,diaCompra,precio) VALUES (685,'IUYT290613116',15,'2030-06-27','valentina','2021-06-02',4427.14);
INSERT INTO ingrediente(idInventario,rfc,cantidad,fechaCaduc,marca,diaCompra,precio) VALUES (686,'MESL7912270IQ',16,'2028-01-25','bonafont','2020-12-18',3429.68);
INSERT INTO ingrediente(idInventario,rfc,cantidad,fechaCaduc,marca,diaCompra,precio) VALUES (687,'KUEZ36143933T',51,'2030-03-12','valentina','2021-02-06',1357.48);
INSERT INTO ingrediente(idInventario,rfc,cantidad,fechaCaduc,marca,diaCompra,precio) VALUES (688,'LUVK030421EIJ',76,'2029-07-20','valentina','2021-07-05',2476.77);
INSERT INTO ingrediente(idInventario,rfc,cantidad,fechaCaduc,marca,diaCompra,precio) VALUES (689,'QUZL111830GG0',4,'2030-05-26','pepsi','2020-07-08',948.49);
INSERT INTO ingrediente(idInventario,rfc,cantidad,fechaCaduc,marca,diaCompra,precio) VALUES (690,'DAEO270010PT4',19,'2030-03-26','valentina','2020-12-19',9002.37);
INSERT INTO ingrediente(idInventario,rfc,cantidad,fechaCaduc,marca,diaCompra,precio) VALUES (691,'JATS33101301U',98,'2030-06-27','valentina','2020-10-25',3342.73);
INSERT INTO ingrediente(idInventario,rfc,cantidad,fechaCaduc,marca,diaCompra,precio) VALUES (692,'XUQX6316033H9',55,'2026-11-06','valentina','2021-02-12',9679.55);
INSERT INTO ingrediente(idInventario,rfc,cantidad,fechaCaduc,marca,diaCompra,precio) VALUES (693,'TUFA9801296O4',44,'2025-01-06','la costeña','2021-06-15',4972.79);
INSERT INTO ingrediente(idInventario,rfc,cantidad,fechaCaduc,marca,diaCompra,precio) VALUES (694,'VUYC561808C17',48,'2028-02-13','valentina','2021-10-21',9163.21);
INSERT INTO ingrediente(idInventario,rfc,cantidad,fechaCaduc,marca,diaCompra,precio) VALUES (695,'IUYT290613116',13,'2025-11-23','la costeña','2021-04-18',6442.78);
INSERT INTO ingrediente(idInventario,rfc,cantidad,fechaCaduc,marca,diaCompra,precio) VALUES (696,'JOAC591637UC3',26,'2028-08-29','pepsi','2020-07-10',6386.44);
INSERT INTO ingrediente(idInventario,rfc,cantidad,fechaCaduc,marca,diaCompra,precio) VALUES (697,'KAHP29103995C',72,'2024-11-30','valentina','2021-09-25',4230.92);
INSERT INTO ingrediente(idInventario,rfc,cantidad,fechaCaduc,marca,diaCompra,precio) VALUES (698,'AOYI910101689',0,'2029-03-26','mcCormick','2021-10-14',6585.66);
INSERT INTO ingrediente(idInventario,rfc,cantidad,fechaCaduc,marca,diaCompra,precio) VALUES (699,'QOLH310124B3J',34,'2029-05-16','bonafont','2021-01-09',7170.95);
INSERT INTO ingrediente(idInventario,rfc,cantidad,fechaCaduc,marca,diaCompra,precio) VALUES (700,'QURU260117138',19,'2025-04-04','la costeña','2020-11-21',1427.48);

-- MOBILIARIO

INSERT INTO mobiliario(idInventario,rfc,cantidad,fechaCaduc,marca,diaCompra,precio,tipo) VALUES (1,'IUYT290613116',460,'2027-06-14','Samanthas club','2021-04-29',93571.86,'sillas');
INSERT INTO mobiliario(idInventario,rfc,cantidad,fechaCaduc,marca,diaCompra,precio,tipo) VALUES (2,'YEAV261025N29',627,'2026-01-16','mueblefecto','2020-12-06',39147.87,'servilleteros');
INSERT INTO mobiliario(idInventario,rfc,cantidad,fechaCaduc,marca,diaCompra,precio,tipo) VALUES (3,'QUZL111830GG0',508,'2023-07-07','WellMart','2020-09-22',50462.84,'servilleteros');
INSERT INTO mobiliario(idInventario,rfc,cantidad,fechaCaduc,marca,diaCompra,precio,tipo) VALUES (4,'VUYC561808C17',228,'2029-02-10','Targeto','2021-08-14',32822.01,'servilleteros');
INSERT INTO mobiliario(idInventario,rfc,cantidad,fechaCaduc,marca,diaCompra,precio,tipo) VALUES (5,'MESL7912270IQ',421,'2024-03-06','Cobbel','2021-09-02',36675.46,'platos');
INSERT INTO mobiliario(idInventario,rfc,cantidad,fechaCaduc,marca,diaCompra,precio,tipo) VALUES (6,'AOYI910101689',199,'2023-09-29','Samanthas club','2020-11-19',69928.52,'bancos');
INSERT INTO mobiliario(idInventario,rfc,cantidad,fechaCaduc,marca,diaCompra,precio,tipo) VALUES (7,'XUQX6316033H9',492,'2025-06-21','amueBar','2021-07-10',21087.54,'platos');
INSERT INTO mobiliario(idInventario,rfc,cantidad,fechaCaduc,marca,diaCompra,precio,tipo) VALUES (8,'LUVK030421EIJ',140,'2024-02-12','Samanthas club','2021-01-20',47264.79,'mesas');
INSERT INTO mobiliario(idInventario,rfc,cantidad,fechaCaduc,marca,diaCompra,precio,tipo) VALUES (9,'DAEO270010PT4',399,'2028-09-18','Elektron','2020-08-12',46748.26,'mesas');
INSERT INTO mobiliario(idInventario,rfc,cantidad,fechaCaduc,marca,diaCompra,precio,tipo) VALUES (10,'SUXF421335376',648,'2030-04-12','Samanthas club','2021-09-06',39570.05,'ingredientes');
INSERT INTO mobiliario(idInventario,rfc,cantidad,fechaCaduc,marca,diaCompra,precio,tipo) VALUES (11,'KUEZ36143933T',141,'2024-02-11','Elektron','2021-05-21',61385.16,'platos');
INSERT INTO mobiliario(idInventario,rfc,cantidad,fechaCaduc,marca,diaCompra,precio,tipo) VALUES (12,'JATS33101301U',631,'2025-01-13','WellMart','2020-12-30',38347.76,'servilleteros');
INSERT INTO mobiliario(idInventario,rfc,cantidad,fechaCaduc,marca,diaCompra,precio,tipo) VALUES (13,'MEGU930811TL3',514,'2025-07-06','mobliBar','2021-08-04',28497.25,'bancos');
INSERT INTO mobiliario(idInventario,rfc,cantidad,fechaCaduc,marca,diaCompra,precio,tipo) VALUES (14,'TUFA9801296O4',469,'2030-05-18','Samanthas club','2021-01-11',32907.23,'mesas');
INSERT INTO mobiliario(idInventario,rfc,cantidad,fechaCaduc,marca,diaCompra,precio,tipo) VALUES (15,'QURU260117138',188,'2027-04-27','mercantilGurza','2020-12-17',13679.98,'mesas');
INSERT INTO mobiliario(idInventario,rfc,cantidad,fechaCaduc,marca,diaCompra,precio,tipo) VALUES (16,'MESL7912270IQ',308,'2027-11-16','mobliBar','2020-08-02',68312.05,'platos');
INSERT INTO mobiliario(idInventario,rfc,cantidad,fechaCaduc,marca,diaCompra,precio,tipo) VALUES (17,'SUXF421335376',111,'2024-09-05','Cobbel','2021-10-11',10290.62,'bancos');
INSERT INTO mobiliario(idInventario,rfc,cantidad,fechaCaduc,marca,diaCompra,precio,tipo) VALUES (18,'LUVK030421EIJ',281,'2029-11-20','rak','2020-08-11',62195.12,'ingredientes');
INSERT INTO mobiliario(idInventario,rfc,cantidad,fechaCaduc,marca,diaCompra,precio,tipo) VALUES (19,'WURB800325UD8',174,'2026-07-25','rak','2021-09-25',71675.76,'platos');
INSERT INTO mobiliario(idInventario,rfc,cantidad,fechaCaduc,marca,diaCompra,precio,tipo) VALUES (20,'JOAC591637UC3',178,'2029-02-11','Targeto','2021-07-19',99858.0,'servilleteros');
INSERT INTO mobiliario(idInventario,rfc,cantidad,fechaCaduc,marca,diaCompra,precio,tipo) VALUES (21,'MEGU930811TL3',325,'2027-10-05','mueblefecto','2021-06-18',81929.98,'servilleteros');
INSERT INTO mobiliario(idInventario,rfc,cantidad,fechaCaduc,marca,diaCompra,precio,tipo) VALUES (22,'QURU260117138',506,'2028-11-02','town club','2021-05-05',53189.17,'sillas');
INSERT INTO mobiliario(idInventario,rfc,cantidad,fechaCaduc,marca,diaCompra,precio,tipo) VALUES (23,'QUZL111830GG0',656,'2024-02-20','Samanthas club','2021-10-13',72497.31,'bancos');
INSERT INTO mobiliario(idInventario,rfc,cantidad,fechaCaduc,marca,diaCompra,precio,tipo) VALUES (24,'KAHP29103995C',622,'2025-10-21','town club','2021-12-21',48610.12,'servilleteros');
INSERT INTO mobiliario(idInventario,rfc,cantidad,fechaCaduc,marca,diaCompra,precio,tipo) VALUES (25,'YEAV261025N29',384,'2024-10-10','Cobbel','2020-09-20',34128.27,'mesas');
INSERT INTO mobiliario(idInventario,rfc,cantidad,fechaCaduc,marca,diaCompra,precio,tipo) VALUES (26,'TUFA9801296O4',698,'2024-10-19','amueBar','2020-12-09',76449.29,'sillas');
INSERT INTO mobiliario(idInventario,rfc,cantidad,fechaCaduc,marca,diaCompra,precio,tipo) VALUES (27,'VUYC561808C17',104,'2024-02-01','Cobbel','2020-12-27',56596.03,'bancos');
INSERT INTO mobiliario(idInventario,rfc,cantidad,fechaCaduc,marca,diaCompra,precio,tipo) VALUES (28,'FAYW200836SC8',678,'2024-03-20','mercantilGurza','2020-11-30',17443.87,'platos');
INSERT INTO mobiliario(idInventario,rfc,cantidad,fechaCaduc,marca,diaCompra,precio,tipo) VALUES (29,'JATS33101301U',682,'2029-09-14','Targeto','2020-12-10',36718.2,'platos');
INSERT INTO mobiliario(idInventario,rfc,cantidad,fechaCaduc,marca,diaCompra,precio,tipo) VALUES (30,'IUYT290613116',104,'2023-07-19','rak','2020-09-04',22737.51,'ingredientes');
INSERT INTO mobiliario(idInventario,rfc,cantidad,fechaCaduc,marca,diaCompra,precio,tipo) VALUES (31,'FAYW200836SC8',472,'2024-04-11','mobliBar','2021-06-06',42498.73,'mesas');
INSERT INTO mobiliario(idInventario,rfc,cantidad,fechaCaduc,marca,diaCompra,precio,tipo) VALUES (32,'KUEZ36143933T',564,'2029-03-22','amueBar','2021-07-21',96347.82,'sillas');
INSERT INTO mobiliario(idInventario,rfc,cantidad,fechaCaduc,marca,diaCompra,precio,tipo) VALUES (33,'LUVK030421EIJ',289,'2027-08-08','mueblefecto','2021-02-12',20223.64,'servilleteros');
INSERT INTO mobiliario(idInventario,rfc,cantidad,fechaCaduc,marca,diaCompra,precio,tipo) VALUES (34,'JOAC591637UC3',195,'2027-07-12','town club','2021-10-08',85943.34,'ingredientes');
INSERT INTO mobiliario(idInventario,rfc,cantidad,fechaCaduc,marca,diaCompra,precio,tipo) VALUES (35,'VUYC561808C17',192,'2025-07-05','mueblefecto','2021-07-20',45127.29,'platos');
INSERT INTO mobiliario(idInventario,rfc,cantidad,fechaCaduc,marca,diaCompra,precio,tipo) VALUES (36,'QOLH310124B3J',253,'2023-12-14','Elektron','2020-08-15',15591.22,'bancos');
INSERT INTO mobiliario(idInventario,rfc,cantidad,fechaCaduc,marca,diaCompra,precio,tipo) VALUES (37,'WURB800325UD8',105,'2024-07-09','rak','2021-09-03',66464.46,'mesas');
INSERT INTO mobiliario(idInventario,rfc,cantidad,fechaCaduc,marca,diaCompra,precio,tipo) VALUES (38,'MEGU930811TL3',211,'2026-07-28','Targeto','2021-01-26',26216.18,'bancos');
INSERT INTO mobiliario(idInventario,rfc,cantidad,fechaCaduc,marca,diaCompra,precio,tipo) VALUES (39,'TUFA9801296O4',528,'2028-02-11','mercantilGurza','2020-07-17',51264.09,'bancos');
INSERT INTO mobiliario(idInventario,rfc,cantidad,fechaCaduc,marca,diaCompra,precio,tipo) VALUES (40,'AOYI910101689',505,'2023-08-16','town club','2021-08-26',53224.53,'sillas');
INSERT INTO mobiliario(idInventario,rfc,cantidad,fechaCaduc,marca,diaCompra,precio,tipo) VALUES (41,'IUYT290613116',661,'2025-08-29','rak','2021-05-14',57434.62,'ingredientes');
INSERT INTO mobiliario(idInventario,rfc,cantidad,fechaCaduc,marca,diaCompra,precio,tipo) VALUES (42,'YEAV261025N29',217,'2028-12-10','Samanthas club','2020-12-03',98610.44,'ingredientes');
INSERT INTO mobiliario(idInventario,rfc,cantidad,fechaCaduc,marca,diaCompra,precio,tipo) VALUES (43,'DAEO270010PT4',485,'2027-04-18','WellMart','2020-09-08',95381.97,'servilleteros');
INSERT INTO mobiliario(idInventario,rfc,cantidad,fechaCaduc,marca,diaCompra,precio,tipo) VALUES (44,'XUQX6316033H9',562,'2026-04-09','Elektron','2020-08-12',99722.21,'mesas');
INSERT INTO mobiliario(idInventario,rfc,cantidad,fechaCaduc,marca,diaCompra,precio,tipo) VALUES (45,'KAHP29103995C',365,'2028-05-20','Targeto','2021-04-20',98243.98,'servilleteros');
INSERT INTO mobiliario(idInventario,rfc,cantidad,fechaCaduc,marca,diaCompra,precio,tipo) VALUES (46,'QURU260117138',674,'2024-12-31','WellMart','2020-10-12',64733.12,'ingredientes');
INSERT INTO mobiliario(idInventario,rfc,cantidad,fechaCaduc,marca,diaCompra,precio,tipo) VALUES (47,'MEGU930811TL3',534,'2027-08-26','WellMart','2020-10-01',25779.36,'ingredientes');
INSERT INTO mobiliario(idInventario,rfc,cantidad,fechaCaduc,marca,diaCompra,precio,tipo) VALUES (48,'DAEO270010PT4',516,'2029-10-19','mobliBar','2020-09-25',10585.28,'platos');
INSERT INTO mobiliario(idInventario,rfc,cantidad,fechaCaduc,marca,diaCompra,precio,tipo) VALUES (49,'LUVK030421EIJ',249,'2024-02-28','WellMart','2020-08-29',63767.16,'platos');
INSERT INTO mobiliario(idInventario,rfc,cantidad,fechaCaduc,marca,diaCompra,precio,tipo) VALUES (50,'VUYC561808C17',202,'2024-01-23','Targeto','2021-12-13',40722.42,'bancos');
INSERT INTO mobiliario(idInventario,rfc,cantidad,fechaCaduc,marca,diaCompra,precio,tipo) VALUES (51,'XUQX6316033H9',129,'2029-03-06','Samanthas club','2020-07-08',41969.52,'platos');
INSERT INTO mobiliario(idInventario,rfc,cantidad,fechaCaduc,marca,diaCompra,precio,tipo) VALUES (52,'WURB800325UD8',658,'2023-09-27','Cobbel','2020-10-14',33609.29,'ingredientes');
INSERT INTO mobiliario(idInventario,rfc,cantidad,fechaCaduc,marca,diaCompra,precio,tipo) VALUES (53,'KUEZ36143933T',285,'2028-04-19','WellMart','2021-12-03',38585.55,'bancos');
INSERT INTO mobiliario(idInventario,rfc,cantidad,fechaCaduc,marca,diaCompra,precio,tipo) VALUES (54,'TUFA9801296O4',685,'2028-02-14','town club','2020-08-12',28331.99,'ingredientes');
INSERT INTO mobiliario(idInventario,rfc,cantidad,fechaCaduc,marca,diaCompra,precio,tipo) VALUES (55,'SUXF421335376',385,'2027-01-19','Samanthas club','2021-07-21',34044.39,'servilleteros');
INSERT INTO mobiliario(idInventario,rfc,cantidad,fechaCaduc,marca,diaCompra,precio,tipo) VALUES (56,'AOYI910101689',485,'2028-01-18','amueBar','2020-08-04',55576.16,'platos');
INSERT INTO mobiliario(idInventario,rfc,cantidad,fechaCaduc,marca,diaCompra,precio,tipo) VALUES (57,'QUZL111830GG0',124,'2027-09-21','rak','2021-02-10',19363.0,'mesas');
INSERT INTO mobiliario(idInventario,rfc,cantidad,fechaCaduc,marca,diaCompra,precio,tipo) VALUES (58,'JOAC591637UC3',696,'2028-06-23','WellMart','2021-11-29',20126.78,'mesas');
INSERT INTO mobiliario(idInventario,rfc,cantidad,fechaCaduc,marca,diaCompra,precio,tipo) VALUES (59,'QOLH310124B3J',187,'2025-06-07','Elektron','2021-04-03',13448.21,'platos');
INSERT INTO mobiliario(idInventario,rfc,cantidad,fechaCaduc,marca,diaCompra,precio,tipo) VALUES (60,'FAYW200836SC8',172,'2029-01-28','Targeto','2021-04-05',13221.43,'bancos');
INSERT INTO mobiliario(idInventario,rfc,cantidad,fechaCaduc,marca,diaCompra,precio,tipo) VALUES (61,'SUXF421335376',137,'2024-01-24','rak','2020-11-26',10742.04,'ingredientes');
INSERT INTO mobiliario(idInventario,rfc,cantidad,fechaCaduc,marca,diaCompra,precio,tipo) VALUES (62,'MEGU930811TL3',187,'2027-06-01','mercantilGurza','2020-10-13',81674.13,'platos');
INSERT INTO mobiliario(idInventario,rfc,cantidad,fechaCaduc,marca,diaCompra,precio,tipo) VALUES (63,'IUYT290613116',374,'2024-09-23','mercantilGurza','2021-05-25',37941.58,'ingredientes');
INSERT INTO mobiliario(idInventario,rfc,cantidad,fechaCaduc,marca,diaCompra,precio,tipo) VALUES (64,'JATS33101301U',106,'2028-04-11','mueblefecto','2020-06-22',10887.79,'ingredientes');
INSERT INTO mobiliario(idInventario,rfc,cantidad,fechaCaduc,marca,diaCompra,precio,tipo) VALUES (65,'DAEO270010PT4',145,'2027-07-03','Elektron','2021-11-04',28081.64,'bancos');
INSERT INTO mobiliario(idInventario,rfc,cantidad,fechaCaduc,marca,diaCompra,precio,tipo) VALUES (66,'LUVK030421EIJ',344,'2025-01-04','Elektron','2020-09-06',89990.97,'sillas');
INSERT INTO mobiliario(idInventario,rfc,cantidad,fechaCaduc,marca,diaCompra,precio,tipo) VALUES (67,'KUEZ36143933T',402,'2024-01-03','amueBar','2020-09-06',99337.23,'bancos');
INSERT INTO mobiliario(idInventario,rfc,cantidad,fechaCaduc,marca,diaCompra,precio,tipo) VALUES (68,'WURB800325UD8',387,'2025-04-05','town club','2021-01-26',91331.21,'ingredientes');
INSERT INTO mobiliario(idInventario,rfc,cantidad,fechaCaduc,marca,diaCompra,precio,tipo) VALUES (69,'FAYW200836SC8',602,'2024-02-27','WellMart','2020-11-22',93891.47,'servilleteros');
INSERT INTO mobiliario(idInventario,rfc,cantidad,fechaCaduc,marca,diaCompra,precio,tipo) VALUES (70,'YEAV261025N29',334,'2028-10-19','rak','2020-09-18',29574.21,'bancos');
INSERT INTO mobiliario(idInventario,rfc,cantidad,fechaCaduc,marca,diaCompra,precio,tipo) VALUES (71,'TUFA9801296O4',589,'2024-09-07','amueBar','2021-02-25',15024.71,'servilleteros');
INSERT INTO mobiliario(idInventario,rfc,cantidad,fechaCaduc,marca,diaCompra,precio,tipo) VALUES (72,'AOYI910101689',403,'2023-12-23','rak','2021-01-08',81295.27,'mesas');
INSERT INTO mobiliario(idInventario,rfc,cantidad,fechaCaduc,marca,diaCompra,precio,tipo) VALUES (73,'VUYC561808C17',164,'2026-04-26','Targeto','2020-06-16',42523.36,'bancos');
INSERT INTO mobiliario(idInventario,rfc,cantidad,fechaCaduc,marca,diaCompra,precio,tipo) VALUES (74,'KAHP29103995C',279,'2023-10-27','Samanthas club','2020-10-08',91801.1,'ingredientes');
INSERT INTO mobiliario(idInventario,rfc,cantidad,fechaCaduc,marca,diaCompra,precio,tipo) VALUES (75,'QOLH310124B3J',272,'2025-03-29','Elektron','2021-07-31',48083.33,'servilleteros');
INSERT INTO mobiliario(idInventario,rfc,cantidad,fechaCaduc,marca,diaCompra,precio,tipo) VALUES (76,'SUXF421335376',461,'2026-07-19','Samanthas club','2020-06-18',99270.07,'servilleteros');
INSERT INTO mobiliario(idInventario,rfc,cantidad,fechaCaduc,marca,diaCompra,precio,tipo) VALUES (77,'MEGU930811TL3',423,'2027-04-30','amueBar','2020-07-17',45824.87,'mesas');
INSERT INTO mobiliario(idInventario,rfc,cantidad,fechaCaduc,marca,diaCompra,precio,tipo) VALUES (78,'QOLH310124B3J',617,'2029-01-09','town club','2021-12-09',98823.35,'ingredientes');
INSERT INTO mobiliario(idInventario,rfc,cantidad,fechaCaduc,marca,diaCompra,precio,tipo) VALUES (79,'JATS33101301U',139,'2025-06-07','mercantilGurza','2021-12-31',91107.32,'ingredientes');
INSERT INTO mobiliario(idInventario,rfc,cantidad,fechaCaduc,marca,diaCompra,precio,tipo) VALUES (80,'KAHP29103995C',319,'2028-03-01','mueblefecto','2021-07-11',11086.97,'sillas');
INSERT INTO mobiliario(idInventario,rfc,cantidad,fechaCaduc,marca,diaCompra,precio,tipo) VALUES (81,'YEAV261025N29',250,'2026-09-27','rak','2021-06-28',93032.51,'servilleteros');
INSERT INTO mobiliario(idInventario,rfc,cantidad,fechaCaduc,marca,diaCompra,precio,tipo) VALUES (82,'IUYT290613116',623,'2028-07-23','Targeto','2020-10-04',25813.07,'ingredientes');
INSERT INTO mobiliario(idInventario,rfc,cantidad,fechaCaduc,marca,diaCompra,precio,tipo) VALUES (83,'DAEO270010PT4',197,'2026-01-05','town club','2021-01-05',57141.69,'servilleteros');
INSERT INTO mobiliario(idInventario,rfc,cantidad,fechaCaduc,marca,diaCompra,precio,tipo) VALUES (84,'MESL7912270IQ',342,'2025-10-28','town club','2021-07-24',23011.99,'mesas');
INSERT INTO mobiliario(idInventario,rfc,cantidad,fechaCaduc,marca,diaCompra,precio,tipo) VALUES (85,'WURB800325UD8',115,'2023-08-15','Elektron','2021-07-10',69037.07,'servilleteros');
INSERT INTO mobiliario(idInventario,rfc,cantidad,fechaCaduc,marca,diaCompra,precio,tipo) VALUES (86,'VUYC561808C17',287,'2025-11-16','amueBar','2021-02-11',79394.97,'sillas');
INSERT INTO mobiliario(idInventario,rfc,cantidad,fechaCaduc,marca,diaCompra,precio,tipo) VALUES (87,'LUVK030421EIJ',606,'2028-11-13','Samanthas club','2021-06-17',38182.81,'mesas');
INSERT INTO mobiliario(idInventario,rfc,cantidad,fechaCaduc,marca,diaCompra,precio,tipo) VALUES (88,'FAYW200836SC8',456,'2023-07-25','mercantilGurza','2020-09-11',62004.52,'ingredientes');
INSERT INTO mobiliario(idInventario,rfc,cantidad,fechaCaduc,marca,diaCompra,precio,tipo) VALUES (89,'TUFA9801296O4',620,'2026-11-28','rak','2021-12-24',37118.29,'sillas');
INSERT INTO mobiliario(idInventario,rfc,cantidad,fechaCaduc,marca,diaCompra,precio,tipo) VALUES (90,'QURU260117138',525,'2027-05-14','rak','2021-04-25',63467.78,'bancos');
INSERT INTO mobiliario(idInventario,rfc,cantidad,fechaCaduc,marca,diaCompra,precio,tipo) VALUES (91,'YEAV261025N29',652,'2023-11-11','Samanthas club','2021-09-03',75832.09,'mesas');
INSERT INTO mobiliario(idInventario,rfc,cantidad,fechaCaduc,marca,diaCompra,precio,tipo) VALUES (92,'JATS33101301U',446,'2028-04-09','rak','2020-06-14',50773.31,'ingredientes');
INSERT INTO mobiliario(idInventario,rfc,cantidad,fechaCaduc,marca,diaCompra,precio,tipo) VALUES (93,'LUVK030421EIJ',123,'2026-06-18','rak','2021-05-07',14037.81,'bancos');
INSERT INTO mobiliario(idInventario,rfc,cantidad,fechaCaduc,marca,diaCompra,precio,tipo) VALUES (94,'FAYW200836SC8',560,'2028-07-10','Elektron','2020-08-02',28892.44,'servilleteros');
INSERT INTO mobiliario(idInventario,rfc,cantidad,fechaCaduc,marca,diaCompra,precio,tipo) VALUES (95,'QUZL111830GG0',462,'2027-12-18','Samanthas club','2020-09-20',89746.0,'mesas');
INSERT INTO mobiliario(idInventario,rfc,cantidad,fechaCaduc,marca,diaCompra,precio,tipo) VALUES (96,'AOYI910101689',446,'2028-05-06','rak','2021-08-01',42534.93,'mesas');
INSERT INTO mobiliario(idInventario,rfc,cantidad,fechaCaduc,marca,diaCompra,precio,tipo) VALUES (97,'DAEO270010PT4',166,'2023-08-24','mercantilGurza','2021-04-16',58749.46,'mesas');
INSERT INTO mobiliario(idInventario,rfc,cantidad,fechaCaduc,marca,diaCompra,precio,tipo) VALUES (98,'XUQX6316033H9',291,'2028-03-12','Elektron','2021-08-30',63991.96,'mesas');
INSERT INTO mobiliario(idInventario,rfc,cantidad,fechaCaduc,marca,diaCompra,precio,tipo) VALUES (99,'JOAC591637UC3',197,'2026-01-01','Elektron','2021-07-30',19967.82,'servilleteros');
INSERT INTO mobiliario(idInventario,rfc,cantidad,fechaCaduc,marca,diaCompra,precio,tipo) VALUES (100,'VUYC561808C17',625,'2027-12-05','Cobbel','2020-09-08',15899.57,'platos');
INSERT INTO mobiliario(idInventario,rfc,cantidad,fechaCaduc,marca,diaCompra,precio,tipo) VALUES (101,'MEGU930811TL3',366,'2027-02-28','town club','2020-06-10',55851.89,'ingredientes');
INSERT INTO mobiliario(idInventario,rfc,cantidad,fechaCaduc,marca,diaCompra,precio,tipo) VALUES (102,'SUXF421335376',363,'2024-02-20','rak','2020-12-28',78765.44,'bancos');
INSERT INTO mobiliario(idInventario,rfc,cantidad,fechaCaduc,marca,diaCompra,precio,tipo) VALUES (103,'QOLH310124B3J',295,'2025-09-27','rak','2020-06-30',29083.54,'mesas');
INSERT INTO mobiliario(idInventario,rfc,cantidad,fechaCaduc,marca,diaCompra,precio,tipo) VALUES (104,'KUEZ36143933T',489,'2027-09-21','mobliBar','2021-11-26',50821.98,'bancos');
INSERT INTO mobiliario(idInventario,rfc,cantidad,fechaCaduc,marca,diaCompra,precio,tipo) VALUES (105,'WURB800325UD8',634,'2029-05-02','WellMart','2021-06-01',78782.56,'ingredientes');
INSERT INTO mobiliario(idInventario,rfc,cantidad,fechaCaduc,marca,diaCompra,precio,tipo) VALUES (106,'AOYI910101689',142,'2027-11-19','Cobbel','2021-12-08',80398.66,'mesas');
INSERT INTO mobiliario(idInventario,rfc,cantidad,fechaCaduc,marca,diaCompra,precio,tipo) VALUES (107,'QURU260117138',472,'2023-11-01','WellMart','2020-06-18',85146.96,'mesas');
INSERT INTO mobiliario(idInventario,rfc,cantidad,fechaCaduc,marca,diaCompra,precio,tipo) VALUES (108,'WURB800325UD8',379,'2030-04-19','Samanthas club','2021-12-01',99249.93,'ingredientes');
INSERT INTO mobiliario(idInventario,rfc,cantidad,fechaCaduc,marca,diaCompra,precio,tipo) VALUES (109,'TUFA9801296O4',124,'2028-03-17','rak','2021-10-27',42522.1,'bancos');
INSERT INTO mobiliario(idInventario,rfc,cantidad,fechaCaduc,marca,diaCompra,precio,tipo) VALUES (110,'QOLH310124B3J',361,'2026-02-23','rak','2020-12-13',62139.04,'mesas');
INSERT INTO mobiliario(idInventario,rfc,cantidad,fechaCaduc,marca,diaCompra,precio,tipo) VALUES (111,'YEAV261025N29',195,'2029-07-05','Cobbel','2021-05-30',93211.54,'servilleteros');
INSERT INTO mobiliario(idInventario,rfc,cantidad,fechaCaduc,marca,diaCompra,precio,tipo) VALUES (112,'QUZL111830GG0',207,'2029-05-17','rak','2021-08-23',49604.59,'platos');
INSERT INTO mobiliario(idInventario,rfc,cantidad,fechaCaduc,marca,diaCompra,precio,tipo) VALUES (113,'JATS33101301U',511,'2029-04-09','Cobbel','2020-07-05',94468.79,'sillas');
INSERT INTO mobiliario(idInventario,rfc,cantidad,fechaCaduc,marca,diaCompra,precio,tipo) VALUES (114,'MEGU930811TL3',450,'2024-05-14','mueblefecto','2021-03-11',98482.7,'mesas');
INSERT INTO mobiliario(idInventario,rfc,cantidad,fechaCaduc,marca,diaCompra,precio,tipo) VALUES (115,'KAHP29103995C',697,'2025-09-15','mueblefecto','2021-03-30',51874.1,'sillas');
INSERT INTO mobiliario(idInventario,rfc,cantidad,fechaCaduc,marca,diaCompra,precio,tipo) VALUES (116,'LUVK030421EIJ',512,'2028-12-02','WellMart','2021-07-16',52848.92,'sillas');
INSERT INTO mobiliario(idInventario,rfc,cantidad,fechaCaduc,marca,diaCompra,precio,tipo) VALUES (117,'KUEZ36143933T',506,'2026-12-19','mercantilGurza','2021-03-03',93914.79,'ingredientes');
INSERT INTO mobiliario(idInventario,rfc,cantidad,fechaCaduc,marca,diaCompra,precio,tipo) VALUES (118,'DAEO270010PT4',135,'2023-10-17','WellMart','2021-06-20',68428.65,'sillas');
INSERT INTO mobiliario(idInventario,rfc,cantidad,fechaCaduc,marca,diaCompra,precio,tipo) VALUES (119,'XUQX6316033H9',172,'2026-01-18','Targeto','2021-08-10',65081.31,'mesas');
INSERT INTO mobiliario(idInventario,rfc,cantidad,fechaCaduc,marca,diaCompra,precio,tipo) VALUES (120,'JOAC591637UC3',326,'2027-07-16','amueBar','2021-01-01',15646.7,'sillas');
INSERT INTO mobiliario(idInventario,rfc,cantidad,fechaCaduc,marca,diaCompra,precio,tipo) VALUES (121,'TUFA9801296O4',467,'2029-08-04','mercantilGurza','2020-09-24',57362.92,'servilleteros');
INSERT INTO mobiliario(idInventario,rfc,cantidad,fechaCaduc,marca,diaCompra,precio,tipo) VALUES (122,'KUEZ36143933T',198,'2028-10-23','rak','2020-06-12',89227.37,'platos');
INSERT INTO mobiliario(idInventario,rfc,cantidad,fechaCaduc,marca,diaCompra,precio,tipo) VALUES (123,'JATS33101301U',666,'2026-08-03','mercantilGurza','2021-02-26',45650.42,'ingredientes');
INSERT INTO mobiliario(idInventario,rfc,cantidad,fechaCaduc,marca,diaCompra,precio,tipo) VALUES (124,'MEGU930811TL3',633,'2028-06-02','WellMart','2021-11-04',78807.72,'ingredientes');
INSERT INTO mobiliario(idInventario,rfc,cantidad,fechaCaduc,marca,diaCompra,precio,tipo) VALUES (125,'QURU260117138',600,'2029-07-12','town club','2020-11-01',60363.86,'sillas');
INSERT INTO mobiliario(idInventario,rfc,cantidad,fechaCaduc,marca,diaCompra,precio,tipo) VALUES (126,'WURB800325UD8',478,'2030-01-26','Cobbel','2021-06-20',89327.8,'mesas');
INSERT INTO mobiliario(idInventario,rfc,cantidad,fechaCaduc,marca,diaCompra,precio,tipo) VALUES (127,'XUQX6316033H9',100,'2023-07-16','Cobbel','2021-04-23',31731.81,'mesas');
INSERT INTO mobiliario(idInventario,rfc,cantidad,fechaCaduc,marca,diaCompra,precio,tipo) VALUES (128,'DAEO270010PT4',572,'2027-03-09','mueblefecto','2021-01-22',41890.0,'sillas');
INSERT INTO mobiliario(idInventario,rfc,cantidad,fechaCaduc,marca,diaCompra,precio,tipo) VALUES (129,'IUYT290613116',158,'2024-10-01','town club','2021-11-23',97946.57,'servilleteros');
INSERT INTO mobiliario(idInventario,rfc,cantidad,fechaCaduc,marca,diaCompra,precio,tipo) VALUES (130,'KAHP29103995C',526,'2030-05-07','Samanthas club','2021-12-04',27381.75,'ingredientes');
INSERT INTO mobiliario(idInventario,rfc,cantidad,fechaCaduc,marca,diaCompra,precio,tipo) VALUES (131,'SUXF421335376',391,'2028-01-18','WellMart','2020-11-17',54361.3,'mesas');
INSERT INTO mobiliario(idInventario,rfc,cantidad,fechaCaduc,marca,diaCompra,precio,tipo) VALUES (132,'JOAC591637UC3',465,'2029-03-04','mobliBar','2021-01-17',20859.52,'sillas');
INSERT INTO mobiliario(idInventario,rfc,cantidad,fechaCaduc,marca,diaCompra,precio,tipo) VALUES (133,'QUZL111830GG0',177,'2024-04-24','amueBar','2021-12-07',93327.97,'platos');
INSERT INTO mobiliario(idInventario,rfc,cantidad,fechaCaduc,marca,diaCompra,precio,tipo) VALUES (134,'FAYW200836SC8',375,'2029-01-09','Elektron','2021-10-02',75928.1,'servilleteros');
INSERT INTO mobiliario(idInventario,rfc,cantidad,fechaCaduc,marca,diaCompra,precio,tipo) VALUES (135,'AOYI910101689',531,'2025-11-30','town club','2020-07-20',46869.48,'sillas');
INSERT INTO mobiliario(idInventario,rfc,cantidad,fechaCaduc,marca,diaCompra,precio,tipo) VALUES (136,'WURB800325UD8',387,'2028-01-09','mobliBar','2021-01-13',13991.75,'mesas');
INSERT INTO mobiliario(idInventario,rfc,cantidad,fechaCaduc,marca,diaCompra,precio,tipo) VALUES (137,'QUZL111830GG0',393,'2025-08-22','mercantilGurza','2021-01-05',55159.75,'platos');
INSERT INTO mobiliario(idInventario,rfc,cantidad,fechaCaduc,marca,diaCompra,precio,tipo) VALUES (138,'MESL7912270IQ',320,'2029-06-20','mercantilGurza','2021-08-09',13690.92,'platos');
INSERT INTO mobiliario(idInventario,rfc,cantidad,fechaCaduc,marca,diaCompra,precio,tipo) VALUES (139,'AOYI910101689',355,'2023-09-28','WellMart','2020-08-23',24400.68,'sillas');
INSERT INTO mobiliario(idInventario,rfc,cantidad,fechaCaduc,marca,diaCompra,precio,tipo) VALUES (140,'XUQX6316033H9',643,'2027-01-29','Targeto','2021-05-14',59228.32,'bancos');
INSERT INTO mobiliario(idInventario,rfc,cantidad,fechaCaduc,marca,diaCompra,precio,tipo) VALUES (141,'TUFA9801296O4',369,'2024-05-19','rak','2021-11-07',56293.89,'servilleteros');
INSERT INTO mobiliario(idInventario,rfc,cantidad,fechaCaduc,marca,diaCompra,precio,tipo) VALUES (142,'QURU260117138',431,'2024-04-09','Elektron','2021-11-06',28210.5,'bancos');
INSERT INTO mobiliario(idInventario,rfc,cantidad,fechaCaduc,marca,diaCompra,precio,tipo) VALUES (143,'QOLH310124B3J',651,'2026-07-01','mueblefecto','2021-11-09',13619.45,'platos');
INSERT INTO mobiliario(idInventario,rfc,cantidad,fechaCaduc,marca,diaCompra,precio,tipo) VALUES (144,'YEAV261025N29',302,'2026-05-28','rak','2021-02-05',92930.33,'ingredientes');
INSERT INTO mobiliario(idInventario,rfc,cantidad,fechaCaduc,marca,diaCompra,precio,tipo) VALUES (145,'IUYT290613116',500,'2024-03-19','WellMart','2021-07-07',93424.59,'servilleteros');
INSERT INTO mobiliario(idInventario,rfc,cantidad,fechaCaduc,marca,diaCompra,precio,tipo) VALUES (146,'JATS33101301U',296,'2023-11-28','mercantilGurza','2021-05-11',44882.36,'mesas');
INSERT INTO mobiliario(idInventario,rfc,cantidad,fechaCaduc,marca,diaCompra,precio,tipo) VALUES (147,'VUYC561808C17',268,'2029-08-10','mobliBar','2021-01-30',51553.29,'mesas');
INSERT INTO mobiliario(idInventario,rfc,cantidad,fechaCaduc,marca,diaCompra,precio,tipo) VALUES (148,'KAHP29103995C',194,'2023-10-17','Elektron','2021-08-06',88312.97,'servilleteros');
INSERT INTO mobiliario(idInventario,rfc,cantidad,fechaCaduc,marca,diaCompra,precio,tipo) VALUES (149,'FAYW200836SC8',111,'2029-03-23','town club','2020-08-15',84128.65,'mesas');
INSERT INTO mobiliario(idInventario,rfc,cantidad,fechaCaduc,marca,diaCompra,precio,tipo) VALUES (150,'JOAC591637UC3',235,'2023-10-13','WellMart','2020-06-15',37181.55,'ingredientes');
INSERT INTO mobiliario(idInventario,rfc,cantidad,fechaCaduc,marca,diaCompra,precio,tipo) VALUES (151,'QUZL111830GG0',108,'2027-03-03','rak','2021-11-17',21898.28,'bancos');
INSERT INTO mobiliario(idInventario,rfc,cantidad,fechaCaduc,marca,diaCompra,precio,tipo) VALUES (152,'DAEO270010PT4',216,'2030-03-05','Cobbel','2021-09-05',15990.66,'servilleteros');
INSERT INTO mobiliario(idInventario,rfc,cantidad,fechaCaduc,marca,diaCompra,precio,tipo) VALUES (153,'VUYC561808C17',585,'2025-10-02','Targeto','2021-10-05',50861.77,'sillas');
INSERT INTO mobiliario(idInventario,rfc,cantidad,fechaCaduc,marca,diaCompra,precio,tipo) VALUES (154,'KAHP29103995C',161,'2028-07-17','Elektron','2020-09-24',53149.62,'sillas');
INSERT INTO mobiliario(idInventario,rfc,cantidad,fechaCaduc,marca,diaCompra,precio,tipo) VALUES (155,'WURB800325UD8',590,'2026-05-04','Samanthas club','2020-10-04',83091.54,'servilleteros');
INSERT INTO mobiliario(idInventario,rfc,cantidad,fechaCaduc,marca,diaCompra,precio,tipo) VALUES (156,'AOYI910101689',539,'2027-03-19','amueBar','2020-12-13',76737.35,'ingredientes');
INSERT INTO mobiliario(idInventario,rfc,cantidad,fechaCaduc,marca,diaCompra,precio,tipo) VALUES (157,'LUVK030421EIJ',607,'2024-02-23','town club','2021-06-25',13666.14,'servilleteros');
INSERT INTO mobiliario(idInventario,rfc,cantidad,fechaCaduc,marca,diaCompra,precio,tipo) VALUES (158,'XUQX6316033H9',199,'2027-07-10','Samanthas club','2021-04-29',32842.27,'ingredientes');
INSERT INTO mobiliario(idInventario,rfc,cantidad,fechaCaduc,marca,diaCompra,precio,tipo) VALUES (159,'JOAC591637UC3',112,'2028-06-17','WellMart','2021-12-13',93932.63,'ingredientes');
INSERT INTO mobiliario(idInventario,rfc,cantidad,fechaCaduc,marca,diaCompra,precio,tipo) VALUES (160,'JATS33101301U',531,'2025-12-20','rak','2021-10-28',76555.3,'sillas');
INSERT INTO mobiliario(idInventario,rfc,cantidad,fechaCaduc,marca,diaCompra,precio,tipo) VALUES (161,'SUXF421335376',480,'2026-12-28','Samanthas club','2020-09-23',67894.42,'sillas');
INSERT INTO mobiliario(idInventario,rfc,cantidad,fechaCaduc,marca,diaCompra,precio,tipo) VALUES (162,'QURU260117138',653,'2025-06-21','mobliBar','2020-10-09',21369.41,'mesas');
INSERT INTO mobiliario(idInventario,rfc,cantidad,fechaCaduc,marca,diaCompra,precio,tipo) VALUES (163,'YEAV261025N29',301,'2029-10-22','Elektron','2020-10-28',36861.26,'sillas');
INSERT INTO mobiliario(idInventario,rfc,cantidad,fechaCaduc,marca,diaCompra,precio,tipo) VALUES (164,'QOLH310124B3J',243,'2028-04-24','town club','2021-07-23',58600.47,'servilleteros');
INSERT INTO mobiliario(idInventario,rfc,cantidad,fechaCaduc,marca,diaCompra,precio,tipo) VALUES (165,'MESL7912270IQ',176,'2024-10-16','amueBar','2021-03-07',34838.03,'mesas');
INSERT INTO mobiliario(idInventario,rfc,cantidad,fechaCaduc,marca,diaCompra,precio,tipo) VALUES (166,'JATS33101301U',310,'2024-06-25','mueblefecto','2021-07-13',50562.03,'servilleteros');
INSERT INTO mobiliario(idInventario,rfc,cantidad,fechaCaduc,marca,diaCompra,precio,tipo) VALUES (167,'FAYW200836SC8',144,'2027-08-29','Samanthas club','2021-11-30',18891.8,'platos');
INSERT INTO mobiliario(idInventario,rfc,cantidad,fechaCaduc,marca,diaCompra,precio,tipo) VALUES (168,'QURU260117138',359,'2028-05-13','Targeto','2021-07-08',29577.01,'bancos');
INSERT INTO mobiliario(idInventario,rfc,cantidad,fechaCaduc,marca,diaCompra,precio,tipo) VALUES (169,'MEGU930811TL3',378,'2025-01-24','Samanthas club','2020-07-18',80867.75,'servilleteros');
INSERT INTO mobiliario(idInventario,rfc,cantidad,fechaCaduc,marca,diaCompra,precio,tipo) VALUES (170,'LUVK030421EIJ',165,'2024-12-16','town club','2021-05-18',75340.14,'servilleteros');
INSERT INTO mobiliario(idInventario,rfc,cantidad,fechaCaduc,marca,diaCompra,precio,tipo) VALUES (171,'AOYI910101689',570,'2024-06-05','mercantilGurza','2020-11-22',20546.72,'servilleteros');
INSERT INTO mobiliario(idInventario,rfc,cantidad,fechaCaduc,marca,diaCompra,precio,tipo) VALUES (172,'SUXF421335376',666,'2027-09-23','mueblefecto','2021-11-26',55505.7,'ingredientes');
INSERT INTO mobiliario(idInventario,rfc,cantidad,fechaCaduc,marca,diaCompra,precio,tipo) VALUES (173,'QUZL111830GG0',546,'2024-06-06','mercantilGurza','2020-07-22',44402.36,'platos');
INSERT INTO mobiliario(idInventario,rfc,cantidad,fechaCaduc,marca,diaCompra,precio,tipo) VALUES (174,'MESL7912270IQ',549,'2023-06-17','Elektron','2020-07-27',59815.28,'bancos');
INSERT INTO mobiliario(idInventario,rfc,cantidad,fechaCaduc,marca,diaCompra,precio,tipo) VALUES (175,'YEAV261025N29',297,'2030-01-07','Targeto','2021-06-07',72101.31,'mesas');
INSERT INTO mobiliario(idInventario,rfc,cantidad,fechaCaduc,marca,diaCompra,precio,tipo) VALUES (176,'IUYT290613116',590,'2025-08-18','rak','2021-09-22',20151.74,'servilleteros');
INSERT INTO mobiliario(idInventario,rfc,cantidad,fechaCaduc,marca,diaCompra,precio,tipo) VALUES (177,'XUQX6316033H9',135,'2027-03-05','WellMart','2021-04-13',18970.0,'mesas');
INSERT INTO mobiliario(idInventario,rfc,cantidad,fechaCaduc,marca,diaCompra,precio,tipo) VALUES (178,'KUEZ36143933T',686,'2027-05-20','WellMart','2021-01-01',92480.18,'ingredientes');
INSERT INTO mobiliario(idInventario,rfc,cantidad,fechaCaduc,marca,diaCompra,precio,tipo) VALUES (179,'WURB800325UD8',619,'2026-11-29','mueblefecto','2021-08-22',98519.58,'ingredientes');
INSERT INTO mobiliario(idInventario,rfc,cantidad,fechaCaduc,marca,diaCompra,precio,tipo) VALUES (180,'KAHP29103995C',366,'2024-02-12','Cobbel','2021-12-12',10637.14,'ingredientes');
INSERT INTO mobiliario(idInventario,rfc,cantidad,fechaCaduc,marca,diaCompra,precio,tipo) VALUES (181,'DAEO270010PT4',249,'2029-10-14','Cobbel','2020-10-01',20793.62,'ingredientes');
INSERT INTO mobiliario(idInventario,rfc,cantidad,fechaCaduc,marca,diaCompra,precio,tipo) VALUES (182,'KAHP29103995C',640,'2028-03-04','Elektron','2021-06-18',75463.94,'mesas');
INSERT INTO mobiliario(idInventario,rfc,cantidad,fechaCaduc,marca,diaCompra,precio,tipo) VALUES (183,'TUFA9801296O4',653,'2030-01-09','Cobbel','2021-02-09',56017.13,'bancos');
INSERT INTO mobiliario(idInventario,rfc,cantidad,fechaCaduc,marca,diaCompra,precio,tipo) VALUES (184,'MESL7912270IQ',222,'2023-11-12','rak','2021-02-25',98937.18,'platos');
INSERT INTO mobiliario(idInventario,rfc,cantidad,fechaCaduc,marca,diaCompra,precio,tipo) VALUES (185,'IUYT290613116',113,'2023-08-25','WellMart','2021-08-23',84661.26,'ingredientes');
INSERT INTO mobiliario(idInventario,rfc,cantidad,fechaCaduc,marca,diaCompra,precio,tipo) VALUES (186,'SUXF421335376',671,'2027-10-09','Elektron','2020-09-11',47693.21,'platos');
INSERT INTO mobiliario(idInventario,rfc,cantidad,fechaCaduc,marca,diaCompra,precio,tipo) VALUES (187,'AOYI910101689',358,'2023-06-29','rak','2020-12-30',49154.99,'ingredientes');
INSERT INTO mobiliario(idInventario,rfc,cantidad,fechaCaduc,marca,diaCompra,precio,tipo) VALUES (188,'WURB800325UD8',672,'2027-06-13','WellMart','2021-10-24',44333.62,'bancos');
INSERT INTO mobiliario(idInventario,rfc,cantidad,fechaCaduc,marca,diaCompra,precio,tipo) VALUES (189,'QUZL111830GG0',509,'2027-02-11','mercantilGurza','2021-05-16',96796.62,'ingredientes');
INSERT INTO mobiliario(idInventario,rfc,cantidad,fechaCaduc,marca,diaCompra,precio,tipo) VALUES (190,'MEGU930811TL3',609,'2027-10-31','amueBar','2021-08-07',21152.87,'servilleteros');
INSERT INTO mobiliario(idInventario,rfc,cantidad,fechaCaduc,marca,diaCompra,precio,tipo) VALUES (191,'JOAC591637UC3',447,'2028-09-26','mobliBar','2021-01-11',76538.82,'platos');
INSERT INTO mobiliario(idInventario,rfc,cantidad,fechaCaduc,marca,diaCompra,precio,tipo) VALUES (192,'QOLH310124B3J',695,'2024-04-30','mueblefecto','2020-07-12',59275.56,'ingredientes');
INSERT INTO mobiliario(idInventario,rfc,cantidad,fechaCaduc,marca,diaCompra,precio,tipo) VALUES (193,'YEAV261025N29',260,'2026-11-21','Cobbel','2020-06-22',47414.0,'mesas');
INSERT INTO mobiliario(idInventario,rfc,cantidad,fechaCaduc,marca,diaCompra,precio,tipo) VALUES (194,'VUYC561808C17',413,'2028-08-26','amueBar','2020-12-27',28180.06,'ingredientes');
INSERT INTO mobiliario(idInventario,rfc,cantidad,fechaCaduc,marca,diaCompra,precio,tipo) VALUES (195,'FAYW200836SC8',324,'2026-05-28','amueBar','2020-07-22',13789.53,'mesas');
INSERT INTO mobiliario(idInventario,rfc,cantidad,fechaCaduc,marca,diaCompra,precio,tipo) VALUES (196,'YEAV261025N29',652,'2025-07-12','rak','2021-01-02',72079.89,'sillas');
INSERT INTO mobiliario(idInventario,rfc,cantidad,fechaCaduc,marca,diaCompra,precio,tipo) VALUES (197,'XUQX6316033H9',223,'2024-09-01','rak','2020-12-06',62870.34,'platos');
INSERT INTO mobiliario(idInventario,rfc,cantidad,fechaCaduc,marca,diaCompra,precio,tipo) VALUES (198,'KAHP29103995C',300,'2026-04-29','Cobbel','2020-07-26',49559.0,'bancos');
INSERT INTO mobiliario(idInventario,rfc,cantidad,fechaCaduc,marca,diaCompra,precio,tipo) VALUES (199,'LUVK030421EIJ',189,'2028-06-04','Samanthas club','2021-05-15',36270.9,'ingredientes');
INSERT INTO mobiliario(idInventario,rfc,cantidad,fechaCaduc,marca,diaCompra,precio,tipo) VALUES (200,'MESL7912270IQ',661,'2028-03-11','mobliBar','2021-07-02',61695.21,'platos');
INSERT INTO mobiliario(idInventario,rfc,cantidad,fechaCaduc,marca,diaCompra,precio,tipo) VALUES (201,'WURB800325UD8',312,'2029-08-09','rak','2021-01-30',75833.65,'mesas');
INSERT INTO mobiliario(idInventario,rfc,cantidad,fechaCaduc,marca,diaCompra,precio,tipo) VALUES (202,'QOLH310124B3J',235,'2029-07-17','mobliBar','2021-01-13',57407.24,'sillas');
INSERT INTO mobiliario(idInventario,rfc,cantidad,fechaCaduc,marca,diaCompra,precio,tipo) VALUES (203,'TUFA9801296O4',226,'2028-04-10','Elektron','2020-11-11',35481.7,'servilleteros');
INSERT INTO mobiliario(idInventario,rfc,cantidad,fechaCaduc,marca,diaCompra,precio,tipo) VALUES (204,'VUYC561808C17',304,'2027-04-05','mobliBar','2020-10-24',98818.36,'ingredientes');
INSERT INTO mobiliario(idInventario,rfc,cantidad,fechaCaduc,marca,diaCompra,precio,tipo) VALUES (205,'QURU260117138',422,'2023-10-04','WellMart','2021-09-26',74942.3,'servilleteros');
INSERT INTO mobiliario(idInventario,rfc,cantidad,fechaCaduc,marca,diaCompra,precio,tipo) VALUES (206,'KUEZ36143933T',263,'2029-07-17','Samanthas club','2021-07-24',40768.66,'servilleteros');
INSERT INTO mobiliario(idInventario,rfc,cantidad,fechaCaduc,marca,diaCompra,precio,tipo) VALUES (207,'JOAC591637UC3',307,'2028-09-14','Samanthas club','2021-08-04',27162.25,'servilleteros');
INSERT INTO mobiliario(idInventario,rfc,cantidad,fechaCaduc,marca,diaCompra,precio,tipo) VALUES (208,'MEGU930811TL3',492,'2026-01-07','rak','2021-02-10',38327.9,'platos');
INSERT INTO mobiliario(idInventario,rfc,cantidad,fechaCaduc,marca,diaCompra,precio,tipo) VALUES (209,'QUZL111830GG0',351,'2025-12-29','rak','2021-01-30',32849.75,'bancos');
INSERT INTO mobiliario(idInventario,rfc,cantidad,fechaCaduc,marca,diaCompra,precio,tipo) VALUES (210,'FAYW200836SC8',342,'2025-07-19','amueBar','2020-11-06',16911.12,'bancos');
INSERT INTO mobiliario(idInventario,rfc,cantidad,fechaCaduc,marca,diaCompra,precio,tipo) VALUES (211,'KUEZ36143933T',446,'2027-03-29','Elektron','2021-07-01',10606.42,'sillas');
INSERT INTO mobiliario(idInventario,rfc,cantidad,fechaCaduc,marca,diaCompra,precio,tipo) VALUES (212,'QURU260117138',423,'2029-03-12','Cobbel','2020-10-30',64799.86,'ingredientes');
INSERT INTO mobiliario(idInventario,rfc,cantidad,fechaCaduc,marca,diaCompra,precio,tipo) VALUES (213,'JOAC591637UC3',671,'2028-01-23','amueBar','2021-12-17',11394.17,'ingredientes');
INSERT INTO mobiliario(idInventario,rfc,cantidad,fechaCaduc,marca,diaCompra,precio,tipo) VALUES (214,'LUVK030421EIJ',582,'2030-01-22','mobliBar','2020-12-17',41670.94,'platos');
INSERT INTO mobiliario(idInventario,rfc,cantidad,fechaCaduc,marca,diaCompra,precio,tipo) VALUES (215,'YEAV261025N29',300,'2028-10-16','rak','2020-11-22',94284.17,'bancos');
INSERT INTO mobiliario(idInventario,rfc,cantidad,fechaCaduc,marca,diaCompra,precio,tipo) VALUES (216,'MESL7912270IQ',287,'2024-10-17','Samanthas club','2020-08-24',88932.45,'bancos');
INSERT INTO mobiliario(idInventario,rfc,cantidad,fechaCaduc,marca,diaCompra,precio,tipo) VALUES (217,'IUYT290613116',294,'2026-07-25','mueblefecto','2021-11-01',66462.48,'ingredientes');
INSERT INTO mobiliario(idInventario,rfc,cantidad,fechaCaduc,marca,diaCompra,precio,tipo) VALUES (218,'FAYW200836SC8',381,'2027-01-18','Targeto','2020-06-11',44992.31,'ingredientes');
INSERT INTO mobiliario(idInventario,rfc,cantidad,fechaCaduc,marca,diaCompra,precio,tipo) VALUES (219,'TUFA9801296O4',414,'2023-12-26','amueBar','2021-08-09',74450.18,'sillas');
INSERT INTO mobiliario(idInventario,rfc,cantidad,fechaCaduc,marca,diaCompra,precio,tipo) VALUES (220,'AOYI910101689',580,'2025-02-25','Samanthas club','2021-08-31',26728.48,'mesas');
INSERT INTO mobiliario(idInventario,rfc,cantidad,fechaCaduc,marca,diaCompra,precio,tipo) VALUES (221,'WURB800325UD8',185,'2028-03-16','mueblefecto','2020-07-12',87503.21,'platos');
INSERT INTO mobiliario(idInventario,rfc,cantidad,fechaCaduc,marca,diaCompra,precio,tipo) VALUES (222,'JATS33101301U',498,'2025-10-14','rak','2021-06-11',55822.72,'mesas');
INSERT INTO mobiliario(idInventario,rfc,cantidad,fechaCaduc,marca,diaCompra,precio,tipo) VALUES (223,'QOLH310124B3J',678,'2028-06-13','rak','2020-10-02',14298.36,'ingredientes');
INSERT INTO mobiliario(idInventario,rfc,cantidad,fechaCaduc,marca,diaCompra,precio,tipo) VALUES (224,'QUZL111830GG0',415,'2025-03-06','Elektron','2021-11-17',68212.11,'platos');
INSERT INTO mobiliario(idInventario,rfc,cantidad,fechaCaduc,marca,diaCompra,precio,tipo) VALUES (225,'MEGU930811TL3',161,'2025-06-04','Samanthas club','2021-02-26',28241.78,'servilleteros');
INSERT INTO mobiliario(idInventario,rfc,cantidad,fechaCaduc,marca,diaCompra,precio,tipo) VALUES (226,'YEAV261025N29',366,'2024-11-23','mueblefecto','2021-05-09',68891.05,'platos');
INSERT INTO mobiliario(idInventario,rfc,cantidad,fechaCaduc,marca,diaCompra,precio,tipo) VALUES (227,'KUEZ36143933T',355,'2029-01-10','amueBar','2021-03-15',65706.9,'mesas');
INSERT INTO mobiliario(idInventario,rfc,cantidad,fechaCaduc,marca,diaCompra,precio,tipo) VALUES (228,'VUYC561808C17',376,'2023-09-07','mobliBar','2021-08-12',54590.16,'bancos');
INSERT INTO mobiliario(idInventario,rfc,cantidad,fechaCaduc,marca,diaCompra,precio,tipo) VALUES (229,'QUZL111830GG0',570,'2023-07-27','town club','2020-11-10',55287.85,'mesas');
INSERT INTO mobiliario(idInventario,rfc,cantidad,fechaCaduc,marca,diaCompra,precio,tipo) VALUES (230,'LUVK030421EIJ',104,'2029-11-03','WellMart','2021-06-26',90231.56,'servilleteros');
INSERT INTO mobiliario(idInventario,rfc,cantidad,fechaCaduc,marca,diaCompra,precio,tipo) VALUES (231,'FAYW200836SC8',558,'2028-09-23','town club','2021-11-01',31858.27,'servilleteros');
INSERT INTO mobiliario(idInventario,rfc,cantidad,fechaCaduc,marca,diaCompra,precio,tipo) VALUES (232,'MESL7912270IQ',231,'2027-03-31','WellMart','2021-06-18',49752.39,'servilleteros');
INSERT INTO mobiliario(idInventario,rfc,cantidad,fechaCaduc,marca,diaCompra,precio,tipo) VALUES (233,'TUFA9801296O4',264,'2028-02-05','Cobbel','2021-02-15',83784.93,'bancos');
INSERT INTO mobiliario(idInventario,rfc,cantidad,fechaCaduc,marca,diaCompra,precio,tipo) VALUES (234,'AOYI910101689',145,'2024-11-02','WellMart','2020-06-28',99155.46,'bancos');
INSERT INTO mobiliario(idInventario,rfc,cantidad,fechaCaduc,marca,diaCompra,precio,tipo) VALUES (235,'JATS33101301U',401,'2025-04-18','Targeto','2021-05-11',21210.61,'platos');
INSERT INTO mobiliario(idInventario,rfc,cantidad,fechaCaduc,marca,diaCompra,precio,tipo) VALUES (236,'SUXF421335376',250,'2025-10-07','WellMart','2021-09-23',64022.15,'mesas');
INSERT INTO mobiliario(idInventario,rfc,cantidad,fechaCaduc,marca,diaCompra,precio,tipo) VALUES (237,'IUYT290613116',699,'2029-03-15','mueblefecto','2020-10-01',56577.18,'platos');
INSERT INTO mobiliario(idInventario,rfc,cantidad,fechaCaduc,marca,diaCompra,precio,tipo) VALUES (238,'DAEO270010PT4',319,'2027-10-12','town club','2020-08-19',39118.5,'ingredientes');
INSERT INTO mobiliario(idInventario,rfc,cantidad,fechaCaduc,marca,diaCompra,precio,tipo) VALUES (239,'JOAC591637UC3',553,'2029-03-05','mobliBar','2021-10-03',98506.05,'mesas');
INSERT INTO mobiliario(idInventario,rfc,cantidad,fechaCaduc,marca,diaCompra,precio,tipo) VALUES (240,'KAHP29103995C',123,'2027-08-19','rak','2020-12-30',21949.31,'platos');
INSERT INTO mobiliario(idInventario,rfc,cantidad,fechaCaduc,marca,diaCompra,precio,tipo) VALUES (241,'YEAV261025N29',649,'2024-08-02','mobliBar','2021-10-17',29996.18,'ingredientes');
INSERT INTO mobiliario(idInventario,rfc,cantidad,fechaCaduc,marca,diaCompra,precio,tipo) VALUES (242,'FAYW200836SC8',450,'2027-08-10','mercantilGurza','2020-09-05',30170.5,'ingredientes');
INSERT INTO mobiliario(idInventario,rfc,cantidad,fechaCaduc,marca,diaCompra,precio,tipo) VALUES (243,'KUEZ36143933T',227,'2029-05-18','rak','2020-08-27',53947.65,'mesas');
INSERT INTO mobiliario(idInventario,rfc,cantidad,fechaCaduc,marca,diaCompra,precio,tipo) VALUES (244,'JATS33101301U',406,'2029-01-31','WellMart','2020-07-14',41888.9,'platos');
INSERT INTO mobiliario(idInventario,rfc,cantidad,fechaCaduc,marca,diaCompra,precio,tipo) VALUES (245,'TUFA9801296O4',497,'2023-11-19','mercantilGurza','2020-12-06',92196.5,'servilleteros');
INSERT INTO mobiliario(idInventario,rfc,cantidad,fechaCaduc,marca,diaCompra,precio,tipo) VALUES (246,'WURB800325UD8',305,'2029-01-17','Samanthas club','2020-11-08',37259.13,'sillas');
INSERT INTO mobiliario(idInventario,rfc,cantidad,fechaCaduc,marca,diaCompra,precio,tipo) VALUES (247,'QUZL111830GG0',285,'2027-05-13','Cobbel','2021-11-23',69867.01,'sillas');
INSERT INTO mobiliario(idInventario,rfc,cantidad,fechaCaduc,marca,diaCompra,precio,tipo) VALUES (248,'MEGU930811TL3',314,'2024-06-16','mobliBar','2021-08-29',30242.73,'mesas');
INSERT INTO mobiliario(idInventario,rfc,cantidad,fechaCaduc,marca,diaCompra,precio,tipo) VALUES (249,'LUVK030421EIJ',680,'2028-12-06','Samanthas club','2020-12-09',55787.15,'bancos');
INSERT INTO mobiliario(idInventario,rfc,cantidad,fechaCaduc,marca,diaCompra,precio,tipo) VALUES (250,'QURU260117138',348,'2027-01-13','Targeto','2020-09-30',21461.11,'mesas');
INSERT INTO mobiliario(idInventario,rfc,cantidad,fechaCaduc,marca,diaCompra,precio,tipo) VALUES (251,'AOYI910101689',111,'2025-04-27','mobliBar','2021-04-22',91086.41,'mesas');
INSERT INTO mobiliario(idInventario,rfc,cantidad,fechaCaduc,marca,diaCompra,precio,tipo) VALUES (252,'IUYT290613116',124,'2025-12-16','Elektron','2020-12-03',11138.65,'sillas');
INSERT INTO mobiliario(idInventario,rfc,cantidad,fechaCaduc,marca,diaCompra,precio,tipo) VALUES (253,'VUYC561808C17',421,'2027-10-16','mueblefecto','2021-10-05',95501.39,'servilleteros');
INSERT INTO mobiliario(idInventario,rfc,cantidad,fechaCaduc,marca,diaCompra,precio,tipo) VALUES (254,'MESL7912270IQ',375,'2028-09-30','Cobbel','2021-04-02',44042.26,'ingredientes');
INSERT INTO mobiliario(idInventario,rfc,cantidad,fechaCaduc,marca,diaCompra,precio,tipo) VALUES (255,'QOLH310124B3J',573,'2028-05-02','Cobbel','2020-09-30',35930.65,'servilleteros');
INSERT INTO mobiliario(idInventario,rfc,cantidad,fechaCaduc,marca,diaCompra,precio,tipo) VALUES (256,'KAHP29103995C',148,'2025-07-11','mercantilGurza','2021-08-22',50559.07,'servilleteros');
INSERT INTO mobiliario(idInventario,rfc,cantidad,fechaCaduc,marca,diaCompra,precio,tipo) VALUES (257,'WURB800325UD8',216,'2023-06-29','mueblefecto','2020-12-17',64417.73,'servilleteros');
INSERT INTO mobiliario(idInventario,rfc,cantidad,fechaCaduc,marca,diaCompra,precio,tipo) VALUES (258,'IUYT290613116',487,'2028-07-20','town club','2021-07-24',33218.1,'platos');
INSERT INTO mobiliario(idInventario,rfc,cantidad,fechaCaduc,marca,diaCompra,precio,tipo) VALUES (259,'YEAV261025N29',483,'2024-09-06','Samanthas club','2021-08-10',24804.9,'mesas');
INSERT INTO mobiliario(idInventario,rfc,cantidad,fechaCaduc,marca,diaCompra,precio,tipo) VALUES (260,'FAYW200836SC8',420,'2024-07-29','Elektron','2021-01-09',90089.57,'sillas');
INSERT INTO mobiliario(idInventario,rfc,cantidad,fechaCaduc,marca,diaCompra,precio,tipo) VALUES (261,'LUVK030421EIJ',299,'2026-07-25','mercantilGurza','2020-10-24',84208.58,'bancos');
INSERT INTO mobiliario(idInventario,rfc,cantidad,fechaCaduc,marca,diaCompra,precio,tipo) VALUES (262,'DAEO270010PT4',544,'2030-04-01','Elektron','2021-10-14',62788.67,'ingredientes');
INSERT INTO mobiliario(idInventario,rfc,cantidad,fechaCaduc,marca,diaCompra,precio,tipo) VALUES (263,'VUYC561808C17',532,'2026-06-27','amueBar','2020-07-10',44094.85,'platos');
INSERT INTO mobiliario(idInventario,rfc,cantidad,fechaCaduc,marca,diaCompra,precio,tipo) VALUES (264,'JATS33101301U',644,'2023-10-01','rak','2021-12-04',40684.48,'mesas');
INSERT INTO mobiliario(idInventario,rfc,cantidad,fechaCaduc,marca,diaCompra,precio,tipo) VALUES (265,'SUXF421335376',243,'2025-02-13','Samanthas club','2020-06-24',21317.23,'platos');
INSERT INTO mobiliario(idInventario,rfc,cantidad,fechaCaduc,marca,diaCompra,precio,tipo) VALUES (266,'AOYI910101689',136,'2023-08-06','Targeto','2021-05-18',46312.35,'servilleteros');
INSERT INTO mobiliario(idInventario,rfc,cantidad,fechaCaduc,marca,diaCompra,precio,tipo) VALUES (267,'MESL7912270IQ',331,'2023-12-12','Cobbel','2020-09-19',26771.16,'servilleteros');
INSERT INTO mobiliario(idInventario,rfc,cantidad,fechaCaduc,marca,diaCompra,precio,tipo) VALUES (268,'MEGU930811TL3',575,'2026-01-25','town club','2020-09-15',58437.95,'platos');
INSERT INTO mobiliario(idInventario,rfc,cantidad,fechaCaduc,marca,diaCompra,precio,tipo) VALUES (269,'JOAC591637UC3',230,'2026-09-28','mueblefecto','2021-06-24',94889.29,'bancos');
INSERT INTO mobiliario(idInventario,rfc,cantidad,fechaCaduc,marca,diaCompra,precio,tipo) VALUES (270,'QUZL111830GG0',158,'2024-08-15','mueblefecto','2021-12-18',89484.44,'servilleteros');
INSERT INTO mobiliario(idInventario,rfc,cantidad,fechaCaduc,marca,diaCompra,precio,tipo) VALUES (271,'MESL7912270IQ',508,'2028-10-30','amueBar','2021-08-15',15600.01,'ingredientes');
INSERT INTO mobiliario(idInventario,rfc,cantidad,fechaCaduc,marca,diaCompra,precio,tipo) VALUES (272,'MEGU930811TL3',700,'2027-06-29','Cobbel','2020-12-25',52701.67,'bancos');
INSERT INTO mobiliario(idInventario,rfc,cantidad,fechaCaduc,marca,diaCompra,precio,tipo) VALUES (273,'WURB800325UD8',685,'2026-05-12','Elektron','2021-12-21',36446.0,'platos');
INSERT INTO mobiliario(idInventario,rfc,cantidad,fechaCaduc,marca,diaCompra,precio,tipo) VALUES (274,'XUQX6316033H9',619,'2028-08-10','rak','2021-12-31',92641.6,'mesas');
INSERT INTO mobiliario(idInventario,rfc,cantidad,fechaCaduc,marca,diaCompra,precio,tipo) VALUES (275,'LUVK030421EIJ',563,'2028-05-19','town club','2021-09-28',32463.19,'ingredientes');
INSERT INTO mobiliario(idInventario,rfc,cantidad,fechaCaduc,marca,diaCompra,precio,tipo) VALUES (276,'VUYC561808C17',573,'2026-09-02','Elektron','2021-05-08',99527.93,'ingredientes');
INSERT INTO mobiliario(idInventario,rfc,cantidad,fechaCaduc,marca,diaCompra,precio,tipo) VALUES (277,'JOAC591637UC3',119,'2027-12-30','town club','2020-11-15',89585.42,'servilleteros');
INSERT INTO mobiliario(idInventario,rfc,cantidad,fechaCaduc,marca,diaCompra,precio,tipo) VALUES (278,'QOLH310124B3J',601,'2024-08-22','Elektron','2021-10-02',33954.24,'servilleteros');
INSERT INTO mobiliario(idInventario,rfc,cantidad,fechaCaduc,marca,diaCompra,precio,tipo) VALUES (279,'DAEO270010PT4',516,'2026-06-17','Cobbel','2020-10-07',13637.13,'mesas');
INSERT INTO mobiliario(idInventario,rfc,cantidad,fechaCaduc,marca,diaCompra,precio,tipo) VALUES (280,'JATS33101301U',161,'2027-09-10','Samanthas club','2021-04-26',81925.37,'mesas');
INSERT INTO mobiliario(idInventario,rfc,cantidad,fechaCaduc,marca,diaCompra,precio,tipo) VALUES (281,'YEAV261025N29',618,'2024-08-30','Targeto','2021-06-06',63702.0,'platos');
INSERT INTO mobiliario(idInventario,rfc,cantidad,fechaCaduc,marca,diaCompra,precio,tipo) VALUES (282,'QUZL111830GG0',286,'2024-03-28','mueblefecto','2020-06-20',48405.36,'mesas');
INSERT INTO mobiliario(idInventario,rfc,cantidad,fechaCaduc,marca,diaCompra,precio,tipo) VALUES (283,'IUYT290613116',436,'2024-06-05','rak','2021-01-12',66010.44,'platos');
INSERT INTO mobiliario(idInventario,rfc,cantidad,fechaCaduc,marca,diaCompra,precio,tipo) VALUES (284,'KAHP29103995C',250,'2023-11-20','rak','2021-02-05',13888.39,'mesas');
INSERT INTO mobiliario(idInventario,rfc,cantidad,fechaCaduc,marca,diaCompra,precio,tipo) VALUES (285,'TUFA9801296O4',182,'2029-03-01','Samanthas club','2021-04-28',52824.44,'mesas');
INSERT INTO mobiliario(idInventario,rfc,cantidad,fechaCaduc,marca,diaCompra,precio,tipo) VALUES (286,'KUEZ36143933T',627,'2028-03-14','mueblefecto','2021-06-05',54838.66,'sillas');
INSERT INTO mobiliario(idInventario,rfc,cantidad,fechaCaduc,marca,diaCompra,precio,tipo) VALUES (287,'WURB800325UD8',508,'2026-05-19','WellMart','2021-11-09',82723.6,'bancos');
INSERT INTO mobiliario(idInventario,rfc,cantidad,fechaCaduc,marca,diaCompra,precio,tipo) VALUES (288,'QUZL111830GG0',172,'2029-01-07','Cobbel','2020-08-10',72230.19,'ingredientes');
INSERT INTO mobiliario(idInventario,rfc,cantidad,fechaCaduc,marca,diaCompra,precio,tipo) VALUES (289,'FAYW200836SC8',386,'2023-09-22','Samanthas club','2021-05-14',51807.35,'platos');
INSERT INTO mobiliario(idInventario,rfc,cantidad,fechaCaduc,marca,diaCompra,precio,tipo) VALUES (290,'AOYI910101689',515,'2028-03-06','mercantilGurza','2021-08-15',65542.18,'bancos');
INSERT INTO mobiliario(idInventario,rfc,cantidad,fechaCaduc,marca,diaCompra,precio,tipo) VALUES (291,'YEAV261025N29',173,'2029-11-24','rak','2020-12-11',94282.48,'bancos');
INSERT INTO mobiliario(idInventario,rfc,cantidad,fechaCaduc,marca,diaCompra,precio,tipo) VALUES (292,'IUYT290613116',172,'2023-11-28','mobliBar','2021-02-11',74069.33,'sillas');
INSERT INTO mobiliario(idInventario,rfc,cantidad,fechaCaduc,marca,diaCompra,precio,tipo) VALUES (293,'VUYC561808C17',441,'2024-02-25','amueBar','2020-06-09',31509.75,'mesas');
INSERT INTO mobiliario(idInventario,rfc,cantidad,fechaCaduc,marca,diaCompra,precio,tipo) VALUES (294,'MESL7912270IQ',497,'2029-04-22','Cobbel','2021-03-10',19451.34,'servilleteros');
INSERT INTO mobiliario(idInventario,rfc,cantidad,fechaCaduc,marca,diaCompra,precio,tipo) VALUES (295,'KAHP29103995C',256,'2027-09-02','Elektron','2021-12-03',94885.3,'bancos');
INSERT INTO mobiliario(idInventario,rfc,cantidad,fechaCaduc,marca,diaCompra,precio,tipo) VALUES (296,'JOAC591637UC3',173,'2028-12-22','Elektron','2021-05-30',79635.63,'bancos');
INSERT INTO mobiliario(idInventario,rfc,cantidad,fechaCaduc,marca,diaCompra,precio,tipo) VALUES (297,'MEGU930811TL3',239,'2028-01-30','Samanthas club','2020-12-17',69785.54,'platos');
INSERT INTO mobiliario(idInventario,rfc,cantidad,fechaCaduc,marca,diaCompra,precio,tipo) VALUES (298,'TUFA9801296O4',283,'2025-03-20','mueblefecto','2020-10-12',19823.99,'platos');
INSERT INTO mobiliario(idInventario,rfc,cantidad,fechaCaduc,marca,diaCompra,precio,tipo) VALUES (299,'LUVK030421EIJ',270,'2025-01-28','rak','2021-04-17',64368.46,'servilleteros');
INSERT INTO mobiliario(idInventario,rfc,cantidad,fechaCaduc,marca,diaCompra,precio,tipo) VALUES (300,'SUXF421335376',422,'2030-05-05','WellMart','2021-08-01',67343.93,'platos');

-- PRODUCTO

INSERT INTO producto(idProducto,nombre,descr,fecha) VALUES (1,'Taco pastor','Integer tincidunt ante vel ipsum. Praesent blandit lacinia erat. Vestibulum sed magna at nunc commodo placerat.','2020-10-01 19:47:06');
INSERT INTO producto(idProducto,nombre,descr,fecha) VALUES (2,'Taco pastor dorado','Praesent id massa id nisl venenatis lacinia. Aenean sit amet justo. Morbi ut odio.','2021-01-29 06:33:16');
INSERT INTO producto(idProducto,nombre,descr,fecha) VALUES (3,'Taco pastor con queso','Nam ultrices, libero non mattis pulvinar, nulla pede ullamcorper augue, a suscipit nulla elit ac nulla.','2020-07-26 17:24:05');
INSERT INTO producto(idProducto,nombre,descr,fecha) VALUES (4,'Taco longaniza','Aliquam quis turpis eget elit sodales scelerisque. Mauris sit amet eros. Suspendisse accumsan tortor quis turpis.','2020-07-07 16:59:07');
INSERT INTO producto(idProducto,nombre,descr,fecha) VALUES (5,'Taco longaniza con queso','Pellentesque at nulla. Suspendisse potenti. Cras in purus eu magna vulputate luctus.','2021-03-11 13:57:32');
INSERT INTO producto(idProducto,nombre,descr,fecha) VALUES (6,'Taco suadero','Cras mi pede, malesuada in, imperdiet et, commodo vulputate, justo. In blandit ultrices enim.','2020-10-22 16:58:23');
INSERT INTO producto(idProducto,nombre,descr,fecha) VALUES (7,'Taco suadero con queso','Aenean fermentum. Donec ut mauris eget massa tempor convallis.','2021-06-13 09:30:58');
INSERT INTO producto(idProducto,nombre,descr,fecha) VALUES (8,'Torta de pastor','Morbi porttitor lorem id ligula. Suspendisse ornare consequat lectus.','2020-12-18 22:08:01');
INSERT INTO producto(idProducto,nombre,descr,fecha) VALUES (9,'Torta de bistec','Aenean lectus. Pellentesque eget nunc. Donec quis orci eget orci vehicula condimentum.','2021-03-24 17:03:28');
INSERT INTO producto(idProducto,nombre,descr,fecha) VALUES (10,'Torta de pollo','Integer ac leo. Pellentesque ultrices mattis odio. Donec vitae nisi.','2020-05-21 15:44:34');
INSERT INTO producto(idProducto,nombre,descr,fecha) VALUES (11,'Torta de pastor con queso','Phasellus in felis. Donec semper sapien a libero. Nam dui.','2022-05-18 15:09:08');
INSERT INTO producto(idProducto,nombre,descr,fecha) VALUES (12,'Torta de bistec con queso','Pellentesque at nulla. Suspendisse potenti. Cras in purus eu magna vulputate luctus.','2021-06-09 21:51:32');
INSERT INTO producto(idProducto,nombre,descr,fecha) VALUES (13,'Torta de pollo con queso','In hac habitasse platea dictumst. Morbi vestibulum, velit id pretium iaculi.','2022-01-29 03:40:54');
INSERT INTO producto(idProducto,nombre,descr,fecha) VALUES (14,'Llenador','Duis consequat dui nec nisi volutpat eleifend. Donec ut dolor. Morbi vel lectus in quam fringilla rhoncus.','2021-08-02 18:46:13');
INSERT INTO producto(idProducto,nombre,descr,fecha) VALUES (15,'Pelangoche','Donec diam neque, vestibulum eget, vulputate ut, ultrices vel, augue.','2021-09-09 14:16:53');
INSERT INTO producto(idProducto,nombre,descr,fecha) VALUES (16,'Vegetariano','Etiam vel augue. Vestibulum rutrum rutrum neque. Aenean auctor gravida sem.','2021-08-19 17:17:09');
INSERT INTO producto(idProducto,nombre,descr,fecha) VALUES (17,'Gallito','Fusce posuere felis sed lacus. Morbi sem mauris, laoreet ut, rhoncus aliquet, pulvinar sed, nislm.','2021-03-10 21:14:56');
INSERT INTO producto(idProducto,nombre,descr,fecha) VALUES (18,'Burrito carne asada','Proin interdum mauris non ligula pellentesque ultrices. Phasellus id sapien in sapien iaculis congue.','2021-06-04 06:00:07');
INSERT INTO producto(idProducto,nombre,descr,fecha) VALUES (19,'Burrito al pastor','Duis bibendum, felis sed interdum venenatis, turpis enim blandit mi, in porttitor pede justo eu massa.','2022-05-26 05:10:57');
INSERT INTO producto(idProducto,nombre,descr,fecha) VALUES (20,'Burrito Pollo','In quis justo. Maecenas rhoncus aliquam lacus. Morbi quis tortor id nulla ultrices aliquet.','2020-09-14 09:52:49');
INSERT INTO producto(idProducto,nombre,descr,fecha) VALUES (21,'Burrito Jr.','Quisque id justo sit amet sapien dignissim vestibulum.','2021-07-18 15:49:23');
INSERT INTO producto(idProducto,nombre,descr,fecha) VALUES (22,'Gringa de pastor','Curabitur gravida nisi at nibh. In hac habitasse platea dictumst. Aliquam augue quam.','2022-02-21 15:56:41');
INSERT INTO producto(idProducto,nombre,descr,fecha) VALUES (23,'Gringa de bistec','Pellentesque at nulla. Suspendisse potenti. Cras in purus eu magna vulputate luctus.','2021-06-25 20:08:18');
INSERT INTO producto(idProducto,nombre,descr,fecha) VALUES (24,'Gringa de pollo','Phasellus sit amet erat. Nulla tempus. Vivamus in felis eu sapien cursus vestibulum.','2020-12-16 17:04:26');
INSERT INTO producto(idProducto,nombre,descr,fecha) VALUES (25,'Gringa de pastor con queso','Cum sociis natoque penatibus et magnis dis parturient montes.','2021-10-31 02:41:27');
INSERT INTO producto(idProducto,nombre,descr,fecha) VALUES (26,'Gringa de bistec con queso','Aenean fermentum. Donec ut mauris eget massa tempor convallis. Nulla neque libero.','2021-02-26 21:43:49');
INSERT INTO producto(idProducto,nombre,descr,fecha) VALUES (27,'Gringa de pollo con queso','In quis justo. Maecenas rhoncus aliquam lacus. Morbi quis tortor id nulla ultrices aliquet.','2022-03-21 13:24:03');
INSERT INTO producto(idProducto,nombre,descr,fecha) VALUES (28,'Quesadillas de papa','Cras mi pede, malesuada in, imperdiet et, commodo vulputate, justo. In blandit ultrices enim.','2021-07-22 11:41:25');
INSERT INTO producto(idProducto,nombre,descr,fecha) VALUES (29,'Quesadillas de flor de calabaza','Quisque id justo sit amet sapien dignissim vestibulum. Vestibulum ante ipsum primis.','2022-01-08 19:39:07');
INSERT INTO producto(idProducto,nombre,descr,fecha) VALUES (30,'Quesadillas de huitlacoche','Proin eu mi. Nulla ac enim. In tempor, turpis nec euismod scelerisque, quam turpism.','2022-01-15 00:20:34');
INSERT INTO producto(idProducto,nombre,descr,fecha) VALUES (31,'Quesadillas de sesos','Phasellus in felis. Donec semper sapien a libero. Nam dui.','2020-07-17 13:15:01');
INSERT INTO producto(idProducto,nombre,descr,fecha) VALUES (32,'Quesadillas de champiñones','Pellentesque at nulla. Suspendisse potenti. Cras in purus eu magna vulputate luctus.','2021-11-25 12:27:19');
INSERT INTO producto(idProducto,nombre,descr,fecha) VALUES (33,'Quesadillas de chicharron prensado','Vestibulum quam sapien, varius ut, blandit non, interdum in, ante. Vestibulum ante ipsume.','2021-09-26 15:13:19');
INSERT INTO producto(idProducto,nombre,descr,fecha) VALUES (34,'Coca cola','Cras mi pede, malesuada in, imperdiet et, commodo vulputate, justo. In blandit ultrices enim. Lorem ipsum do.','2020-06-22 02:00:56');
INSERT INTO producto(idProducto,nombre,descr,fecha) VALUES (35,'Boing','Duis consequat dui nec nisi volutpat eleifend. Donec ut dolor. Morbi vel lectus in quam fringilla rhoncus.','2021-10-06 23:16:07');
INSERT INTO producto(idProducto,nombre,descr,fecha) VALUES (36,'Agua de sabor','Fusce posuere felis sed lacus. Morbi sem mauris, laoreet ut, rhoncus aliquet, pulvinar sed, nisl.','2021-12-06 17:24:52');
INSERT INTO producto(idProducto,nombre,descr,fecha) VALUES (37,'Salsa verde hulk','Praesent id massa id nisl venenatis lacinia. Aenean sit amet justo. Morbi ut odio.','2021-05-07 07:24:39');
INSERT INTO producto(idProducto,nombre,descr,fecha) VALUES (38,'Salsa roja','Duis aliquam convallis nunc. Proin at turpis a pede posuere nonummy. Integer non velit.','2020-08-17 21:02:39');
INSERT INTO producto(idProducto,nombre,descr,fecha) VALUES (39,'Salsa mango habanero','Integer tincidunt ante vel ipsum. Praesent blandit lacinia eratt.','2020-06-12 05:43:50');
INSERT INTO producto(idProducto,nombre,descr,fecha) VALUES (40,'Salsa habanero EXTREME','Maecenas ut massa quis augue luctus tincidunt. Nulla mollis molestie lorem. Quisque ut erat.','2021-02-05 18:48:43');
INSERT INTO producto(idProducto,nombre,descr,fecha) VALUES (41,'Salsa EL SUSTO','Duis aliquam convallis nunc. Proin at turpis a pede posuere nonummy. Integer non velit.','2021-11-06 18:40:41');

-- CONTENER

INSERT INTO contener(idInventario,idProducto) VALUES (387,17);
INSERT INTO contener(idInventario,idProducto) VALUES (167,28);
INSERT INTO contener(idInventario,idProducto) VALUES (613,34);
INSERT INTO contener(idInventario,idProducto) VALUES (445,19);
INSERT INTO contener(idInventario,idProducto) VALUES (394,30);
INSERT INTO contener(idInventario,idProducto) VALUES (159,18);
INSERT INTO contener(idInventario,idProducto) VALUES (698,21);
INSERT INTO contener(idInventario,idProducto) VALUES (90,35);
INSERT INTO contener(idInventario,idProducto) VALUES (3,7);
INSERT INTO contener(idInventario,idProducto) VALUES (162,20);
INSERT INTO contener(idInventario,idProducto) VALUES (640,41);
INSERT INTO contener(idInventario,idProducto) VALUES (143,13);
INSERT INTO contener(idInventario,idProducto) VALUES (429,5);
INSERT INTO contener(idInventario,idProducto) VALUES (49,40);
INSERT INTO contener(idInventario,idProducto) VALUES (305,22);
INSERT INTO contener(idInventario,idProducto) VALUES (313,8);
INSERT INTO contener(idInventario,idProducto) VALUES (217,37);
INSERT INTO contener(idInventario,idProducto) VALUES (351,26);
INSERT INTO contener(idInventario,idProducto) VALUES (215,29);
INSERT INTO contener(idInventario,idProducto) VALUES (353,31);
INSERT INTO contener(idInventario,idProducto) VALUES (632,10);
INSERT INTO contener(idInventario,idProducto) VALUES (349,38);
INSERT INTO contener(idInventario,idProducto) VALUES (590,16);
INSERT INTO contener(idInventario,idProducto) VALUES (235,4);
INSERT INTO contener(idInventario,idProducto) VALUES (325,14);
INSERT INTO contener(idInventario,idProducto) VALUES (256,1);
INSERT INTO contener(idInventario,idProducto) VALUES (425,3);
INSERT INTO contener(idInventario,idProducto) VALUES (503,9);
INSERT INTO contener(idInventario,idProducto) VALUES (652,27);
INSERT INTO contener(idInventario,idProducto) VALUES (102,25);
INSERT INTO contener(idInventario,idProducto) VALUES (334,24);
INSERT INTO contener(idInventario,idProducto) VALUES (302,36);
INSERT INTO contener(idInventario,idProducto) VALUES (486,2);
INSERT INTO contener(idInventario,idProducto) VALUES (602,39);
INSERT INTO contener(idInventario,idProducto) VALUES (20,15);
INSERT INTO contener(idInventario,idProducto) VALUES (161,34);
INSERT INTO contener(idInventario,idProducto) VALUES (103,21);
INSERT INTO contener(idInventario,idProducto) VALUES (149,27);
INSERT INTO contener(idInventario,idProducto) VALUES (380,15);
INSERT INTO contener(idInventario,idProducto) VALUES (515,14);
INSERT INTO contener(idInventario,idProducto) VALUES (611,9);
INSERT INTO contener(idInventario,idProducto) VALUES (287,12);
INSERT INTO contener(idInventario,idProducto) VALUES (36,8);
INSERT INTO contener(idInventario,idProducto) VALUES (375,6);
INSERT INTO contener(idInventario,idProducto) VALUES (466,29);
INSERT INTO contener(idInventario,idProducto) VALUES (399,19);
INSERT INTO contener(idInventario,idProducto) VALUES (276,2);
INSERT INTO contener(idInventario,idProducto) VALUES (92,39);
INSERT INTO contener(idInventario,idProducto) VALUES (133,33);
INSERT INTO contener(idInventario,idProducto) VALUES (478,31);
INSERT INTO contener(idInventario,idProducto) VALUES (280,22);
INSERT INTO contener(idInventario,idProducto) VALUES (7,13);
INSERT INTO contener(idInventario,idProducto) VALUES (629,41);
INSERT INTO contener(idInventario,idProducto) VALUES (281,37);
INSERT INTO contener(idInventario,idProducto) VALUES (632,1);
INSERT INTO contener(idInventario,idProducto) VALUES (601,32);
INSERT INTO contener(idInventario,idProducto) VALUES (558,36);
INSERT INTO contener(idInventario,idProducto) VALUES (30,38);
INSERT INTO contener(idInventario,idProducto) VALUES (408,40);
INSERT INTO contener(idInventario,idProducto) VALUES (269,10);
INSERT INTO contener(idInventario,idProducto) VALUES (450,28);
INSERT INTO contener(idInventario,idProducto) VALUES (85,25);
INSERT INTO contener(idInventario,idProducto) VALUES (445,18);
INSERT INTO contener(idInventario,idProducto) VALUES (223,35);
INSERT INTO contener(idInventario,idProducto) VALUES (435,24);
INSERT INTO contener(idInventario,idProducto) VALUES (102,20);
INSERT INTO contener(idInventario,idProducto) VALUES (41,23);
INSERT INTO contener(idInventario,idProducto) VALUES (531,16);
INSERT INTO contener(idInventario,idProducto) VALUES (94,30);
INSERT INTO contener(idInventario,idProducto) VALUES (115,7);
INSERT INTO contener(idInventario,idProducto) VALUES (371,23);
INSERT INTO contener(idInventario,idProducto) VALUES (39,39);
INSERT INTO contener(idInventario,idProducto) VALUES (227,9);
INSERT INTO contener(idInventario,idProducto) VALUES (172,1);
INSERT INTO contener(idInventario,idProducto) VALUES (128,20);
INSERT INTO contener(idInventario,idProducto) VALUES (338,18);
INSERT INTO contener(idInventario,idProducto) VALUES (392,15);
INSERT INTO contener(idInventario,idProducto) VALUES (189,25);
INSERT INTO contener(idInventario,idProducto) VALUES (527,3);
INSERT INTO contener(idInventario,idProducto) VALUES (66,34);
INSERT INTO contener(idInventario,idProducto) VALUES (102,13);
INSERT INTO contener(idInventario,idProducto) VALUES (81,41);
INSERT INTO contener(idInventario,idProducto) VALUES (660,7);
INSERT INTO contener(idInventario,idProducto) VALUES (329,29);
INSERT INTO contener(idInventario,idProducto) VALUES (526,6);
INSERT INTO contener(idInventario,idProducto) VALUES (460,38);
INSERT INTO contener(idInventario,idProducto) VALUES (340,12);
INSERT INTO contener(idInventario,idProducto) VALUES (346,36);
INSERT INTO contener(idInventario,idProducto) VALUES (175,26);
INSERT INTO contener(idInventario,idProducto) VALUES (19,30);
INSERT INTO contener(idInventario,idProducto) VALUES (379,33);
INSERT INTO contener(idInventario,idProducto) VALUES (321,31);
INSERT INTO contener(idInventario,idProducto) VALUES (582,21);
INSERT INTO contener(idInventario,idProducto) VALUES (486,16);
INSERT INTO contener(idInventario,idProducto) VALUES (297,8);
INSERT INTO contener(idInventario,idProducto) VALUES (274,17);
INSERT INTO contener(idInventario,idProducto) VALUES (48,2);
INSERT INTO contener(idInventario,idProducto) VALUES (511,11);
INSERT INTO contener(idInventario,idProducto) VALUES (55,22);
INSERT INTO contener(idInventario,idProducto) VALUES (264,28);
INSERT INTO contener(idInventario,idProducto) VALUES (339,37);
INSERT INTO contener(idInventario,idProducto) VALUES (498,24);
INSERT INTO contener(idInventario,idProducto) VALUES (474,5);
INSERT INTO contener(idInventario,idProducto) VALUES (695,4);
INSERT INTO contener(idInventario,idProducto) VALUES (412,10);
INSERT INTO contener(idInventario,idProducto) VALUES (481,23);
INSERT INTO contener(idInventario,idProducto) VALUES (525,22);
INSERT INTO contener(idInventario,idProducto) VALUES (202,2);
INSERT INTO contener(idInventario,idProducto) VALUES (549,36);
INSERT INTO contener(idInventario,idProducto) VALUES (70,16);
INSERT INTO contener(idInventario,idProducto) VALUES (255,21);
INSERT INTO contener(idInventario,idProducto) VALUES (385,25);
INSERT INTO contener(idInventario,idProducto) VALUES (163,26);
INSERT INTO contener(idInventario,idProducto) VALUES (495,35);
INSERT INTO contener(idInventario,idProducto) VALUES (477,24);
INSERT INTO contener(idInventario,idProducto) VALUES (670,9);
INSERT INTO contener(idInventario,idProducto) VALUES (327,7);
INSERT INTO contener(idInventario,idProducto) VALUES (76,12);
INSERT INTO contener(idInventario,idProducto) VALUES (630,13);
INSERT INTO contener(idInventario,idProducto) VALUES (552,19);
INSERT INTO contener(idInventario,idProducto) VALUES (472,5);
INSERT INTO contener(idInventario,idProducto) VALUES (165,8);
INSERT INTO contener(idInventario,idProducto) VALUES (72,30);
INSERT INTO contener(idInventario,idProducto) VALUES (458,17);
INSERT INTO contener(idInventario,idProducto) VALUES (326,34);
INSERT INTO contener(idInventario,idProducto) VALUES (285,28);
INSERT INTO contener(idInventario,idProducto) VALUES (564,11);
INSERT INTO contener(idInventario,idProducto) VALUES (109,15);
INSERT INTO contener(idInventario,idProducto) VALUES (597,10);
INSERT INTO contener(idInventario,idProducto) VALUES (280,6);
INSERT INTO contener(idInventario,idProducto) VALUES (607,1);
INSERT INTO contener(idInventario,idProducto) VALUES (641,32);
INSERT INTO contener(idInventario,idProducto) VALUES (397,40);
INSERT INTO contener(idInventario,idProducto) VALUES (262,33);
INSERT INTO contener(idInventario,idProducto) VALUES (515,29);
INSERT INTO contener(idInventario,idProducto) VALUES (332,41);
INSERT INTO contener(idInventario,idProducto) VALUES (87,20);
INSERT INTO contener(idInventario,idProducto) VALUES (639,39);
INSERT INTO contener(idInventario,idProducto) VALUES (244,27);
INSERT INTO contener(idInventario,idProducto) VALUES (445,4);
INSERT INTO contener(idInventario,idProducto) VALUES (568,13);
INSERT INTO contener(idInventario,idProducto) VALUES (479,30);
INSERT INTO contener(idInventario,idProducto) VALUES (646,33);
INSERT INTO contener(idInventario,idProducto) VALUES (147,28);
INSERT INTO contener(idInventario,idProducto) VALUES (613,5);
INSERT INTO contener(idInventario,idProducto) VALUES (26,2);
INSERT INTO contener(idInventario,idProducto) VALUES (583,29);
INSERT INTO contener(idInventario,idProducto) VALUES (220,24);
INSERT INTO contener(idInventario,idProducto) VALUES (13,31);
INSERT INTO contener(idInventario,idProducto) VALUES (501,25);
INSERT INTO contener(idInventario,idProducto) VALUES (192,14);
INSERT INTO contener(idInventario,idProducto) VALUES (677,17);
INSERT INTO contener(idInventario,idProducto) VALUES (699,19);
INSERT INTO contener(idInventario,idProducto) VALUES (462,6);
INSERT INTO contener(idInventario,idProducto) VALUES (355,18);
INSERT INTO contener(idInventario,idProducto) VALUES (323,15);
INSERT INTO contener(idInventario,idProducto) VALUES (675,9);
INSERT INTO contener(idInventario,idProducto) VALUES (256,7);
INSERT INTO contener(idInventario,idProducto) VALUES (334,34);
INSERT INTO contener(idInventario,idProducto) VALUES (353,38);
INSERT INTO contener(idInventario,idProducto) VALUES (664,22);
INSERT INTO contener(idInventario,idProducto) VALUES (19,8);
INSERT INTO contener(idInventario,idProducto) VALUES (253,1);
INSERT INTO contener(idInventario,idProducto) VALUES (442,11);
INSERT INTO contener(idInventario,idProducto) VALUES (141,4);
INSERT INTO contener(idInventario,idProducto) VALUES (354,37);
INSERT INTO contener(idInventario,idProducto) VALUES (467,12);
INSERT INTO contener(idInventario,idProducto) VALUES (108,21);
INSERT INTO contener(idInventario,idProducto) VALUES (136,23);
INSERT INTO contener(idInventario,idProducto) VALUES (218,16);
INSERT INTO contener(idInventario,idProducto) VALUES (336,40);
INSERT INTO contener(idInventario,idProducto) VALUES (86,35);
INSERT INTO contener(idInventario,idProducto) VALUES (483,36);
INSERT INTO contener(idInventario,idProducto) VALUES (154,20);
INSERT INTO contener(idInventario,idProducto) VALUES (16,27);
INSERT INTO contener(idInventario,idProducto) VALUES (595,41);
INSERT INTO contener(idInventario,idProducto) VALUES (592,20);
INSERT INTO contener(idInventario,idProducto) VALUES (621,36);
INSERT INTO contener(idInventario,idProducto) VALUES (695,12);
INSERT INTO contener(idInventario,idProducto) VALUES (527,26);
INSERT INTO contener(idInventario,idProducto) VALUES (430,39);
INSERT INTO contener(idInventario,idProducto) VALUES (692,11);
INSERT INTO contener(idInventario,idProducto) VALUES (163,4);
INSERT INTO contener(idInventario,idProducto) VALUES (696,6);
INSERT INTO contener(idInventario,idProducto) VALUES (51,19);
INSERT INTO contener(idInventario,idProducto) VALUES (542,1);
INSERT INTO contener(idInventario,idProducto) VALUES (85,7);
INSERT INTO contener(idInventario,idProducto) VALUES (686,2);
INSERT INTO contener(idInventario,idProducto) VALUES (598,27);
INSERT INTO contener(idInventario,idProducto) VALUES (373,38);
INSERT INTO contener(idInventario,idProducto) VALUES (128,9);
INSERT INTO contener(idInventario,idProducto) VALUES (555,32);
INSERT INTO contener(idInventario,idProducto) VALUES (102,14);
INSERT INTO contener(idInventario,idProducto) VALUES (301,30);
INSERT INTO contener(idInventario,idProducto) VALUES (399,23);
INSERT INTO contener(idInventario,idProducto) VALUES (74,31);
INSERT INTO contener(idInventario,idProducto) VALUES (283,18);
INSERT INTO contener(idInventario,idProducto) VALUES (219,34);
INSERT INTO contener(idInventario,idProducto) VALUES (680,13);
INSERT INTO contener(idInventario,idProducto) VALUES (518,17);
INSERT INTO contener(idInventario,idProducto) VALUES (398,25);
INSERT INTO contener(idInventario,idProducto) VALUES (359,22);
INSERT INTO contener(idInventario,idProducto) VALUES (685,16);
INSERT INTO contener(idInventario,idProducto) VALUES (693,21);
INSERT INTO contener(idInventario,idProducto) VALUES (278,28);
INSERT INTO contener(idInventario,idProducto) VALUES (656,24);
INSERT INTO contener(idInventario,idProducto) VALUES (380,8);
INSERT INTO contener(idInventario,idProducto) VALUES (119,37);
INSERT INTO contener(idInventario,idProducto) VALUES (320,33);
INSERT INTO contener(idInventario,idProducto) VALUES (322,29);
INSERT INTO contener(idInventario,idProducto) VALUES (474,36);
INSERT INTO contener(idInventario,idProducto) VALUES (536,15);
INSERT INTO contener(idInventario,idProducto) VALUES (677,23);
INSERT INTO contener(idInventario,idProducto) VALUES (303,12);
INSERT INTO contener(idInventario,idProducto) VALUES (404,27);
INSERT INTO contener(idInventario,idProducto) VALUES (584,26);
INSERT INTO contener(idInventario,idProducto) VALUES (27,38);
INSERT INTO contener(idInventario,idProducto) VALUES (624,7);
INSERT INTO contener(idInventario,idProducto) VALUES (420,3);
INSERT INTO contener(idInventario,idProducto) VALUES (35,24);
INSERT INTO contener(idInventario,idProducto) VALUES (201,33);
INSERT INTO contener(idInventario,idProducto) VALUES (573,30);
INSERT INTO contener(idInventario,idProducto) VALUES (247,21);
INSERT INTO contener(idInventario,idProducto) VALUES (20,11);
INSERT INTO contener(idInventario,idProducto) VALUES (419,19);
INSERT INTO contener(idInventario,idProducto) VALUES (106,5);
INSERT INTO contener(idInventario,idProducto) VALUES (246,34);
INSERT INTO contener(idInventario,idProducto) VALUES (186,22);
INSERT INTO contener(idInventario,idProducto) VALUES (456,13);
INSERT INTO contener(idInventario,idProducto) VALUES (442,37);
INSERT INTO contener(idInventario,idProducto) VALUES (349,16);
INSERT INTO contener(idInventario,idProducto) VALUES (611,14);
INSERT INTO contener(idInventario,idProducto) VALUES (686,20);
INSERT INTO contener(idInventario,idProducto) VALUES (590,6);
INSERT INTO contener(idInventario,idProducto) VALUES (69,17);
INSERT INTO contener(idInventario,idProducto) VALUES (402,1);
INSERT INTO contener(idInventario,idProducto) VALUES (643,9);
INSERT INTO contener(idInventario,idProducto) VALUES (257,8);
INSERT INTO contener(idInventario,idProducto) VALUES (115,29);
INSERT INTO contener(idInventario,idProducto) VALUES (509,25);
INSERT INTO contener(idInventario,idProducto) VALUES (42,35);
INSERT INTO contener(idInventario,idProducto) VALUES (301,10);
INSERT INTO contener(idInventario,idProducto) VALUES (328,39);
INSERT INTO contener(idInventario,idProducto) VALUES (542,28);
INSERT INTO contener(idInventario,idProducto) VALUES (672,4);
INSERT INTO contener(idInventario,idProducto) VALUES (35,34);
INSERT INTO contener(idInventario,idProducto) VALUES (419,14);
INSERT INTO contener(idInventario,idProducto) VALUES (100,16);
INSERT INTO contener(idInventario,idProducto) VALUES (96,19);
INSERT INTO contener(idInventario,idProducto) VALUES (47,11);
INSERT INTO contener(idInventario,idProducto) VALUES (38,12);
INSERT INTO contener(idInventario,idProducto) VALUES (341,38);
INSERT INTO contener(idInventario,idProducto) VALUES (334,20);
INSERT INTO contener(idInventario,idProducto) VALUES (635,8);
INSERT INTO contener(idInventario,idProducto) VALUES (311,4);
INSERT INTO contener(idInventario,idProducto) VALUES (427,27);
INSERT INTO contener(idInventario,idProducto) VALUES (680,28);
INSERT INTO contener(idInventario,idProducto) VALUES (615,26);
INSERT INTO contener(idInventario,idProducto) VALUES (384,2);
INSERT INTO contener(idInventario,idProducto) VALUES (208,17);
INSERT INTO contener(idInventario,idProducto) VALUES (361,35);
INSERT INTO contener(idInventario,idProducto) VALUES (533,31);
INSERT INTO contener(idInventario,idProducto) VALUES (30,29);
INSERT INTO contener(idInventario,idProducto) VALUES (303,21);
INSERT INTO contener(idInventario,idProducto) VALUES (473,15);
INSERT INTO contener(idInventario,idProducto) VALUES (8,24);
INSERT INTO contener(idInventario,idProducto) VALUES (584,7);
INSERT INTO contener(idInventario,idProducto) VALUES (43,36);
INSERT INTO contener(idInventario,idProducto) VALUES (424,9);
INSERT INTO contener(idInventario,idProducto) VALUES (441,13);
INSERT INTO contener(idInventario,idProducto) VALUES (115,33);
INSERT INTO contener(idInventario,idProducto) VALUES (288,3);
INSERT INTO contener(idInventario,idProducto) VALUES (190,25);
INSERT INTO contener(idInventario,idProducto) VALUES (32,41);
INSERT INTO contener(idInventario,idProducto) VALUES (478,5);
INSERT INTO contener(idInventario,idProducto) VALUES (116,23);
INSERT INTO contener(idInventario,idProducto) VALUES (644,32);
INSERT INTO contener(idInventario,idProducto) VALUES (648,10);
INSERT INTO contener(idInventario,idProducto) VALUES (347,6);
INSERT INTO contener(idInventario,idProducto) VALUES (501,37);
INSERT INTO contener(idInventario,idProducto) VALUES (321,9);
INSERT INTO contener(idInventario,idProducto) VALUES (506,18);
INSERT INTO contener(idInventario,idProducto) VALUES (361,12);
INSERT INTO contener(idInventario,idProducto) VALUES (416,26);
INSERT INTO contener(idInventario,idProducto) VALUES (31,10);
INSERT INTO contener(idInventario,idProducto) VALUES (195,3);
INSERT INTO contener(idInventario,idProducto) VALUES (123,19);
INSERT INTO contener(idInventario,idProducto) VALUES (591,13);
INSERT INTO contener(idInventario,idProducto) VALUES (363,11);
INSERT INTO contener(idInventario,idProducto) VALUES (501,5);
INSERT INTO contener(idInventario,idProducto) VALUES (384,36);
INSERT INTO contener(idInventario,idProducto) VALUES (312,28);
INSERT INTO contener(idInventario,idProducto) VALUES (383,30);
INSERT INTO contener(idInventario,idProducto) VALUES (271,33);
INSERT INTO contener(idInventario,idProducto) VALUES (604,38);
INSERT INTO contener(idInventario,idProducto) VALUES (189,37);
INSERT INTO contener(idInventario,idProducto) VALUES (328,23);
INSERT INTO contener(idInventario,idProducto) VALUES (397,35);
INSERT INTO contener(idInventario,idProducto) VALUES (625,32);
INSERT INTO contener(idInventario,idProducto) VALUES (276,15);
INSERT INTO contener(idInventario,idProducto) VALUES (291,41);
INSERT INTO contener(idInventario,idProducto) VALUES (510,34);
INSERT INTO contener(idInventario,idProducto) VALUES (482,20);
INSERT INTO contener(idInventario,idProducto) VALUES (340,24);
INSERT INTO contener(idInventario,idProducto) VALUES (251,7);
INSERT INTO contener(idInventario,idProducto) VALUES (28,1);
INSERT INTO contener(idInventario,idProducto) VALUES (643,25);
INSERT INTO contener(idInventario,idProducto) VALUES (530,40);
INSERT INTO contener(idInventario,idProducto) VALUES (528,4);
INSERT INTO contener(idInventario,idProducto) VALUES (261,2);
INSERT INTO contener(idInventario,idProducto) VALUES (53,39);
INSERT INTO contener(idInventario,idProducto) VALUES (440,8);
INSERT INTO contener(idInventario,idProducto) VALUES (503,31);
INSERT INTO contener(idInventario,idProducto) VALUES (8,29);
INSERT INTO contener(idInventario,idProducto) VALUES (680,27);
INSERT INTO contener(idInventario,idProducto) VALUES (1,33);
INSERT INTO contener(idInventario,idProducto) VALUES (361,35);
INSERT INTO contener(idInventario,idProducto) VALUES (429,2);
INSERT INTO contener(idInventario,idProducto) VALUES (323,28);
INSERT INTO contener(idInventario,idProducto) VALUES (530,8);
INSERT INTO contener(idInventario,idProducto) VALUES (440,41);
INSERT INTO contener(idInventario,idProducto) VALUES (459,36);
INSERT INTO contener(idInventario,idProducto) VALUES (279,9);
INSERT INTO contener(idInventario,idProducto) VALUES (483,31);
INSERT INTO contener(idInventario,idProducto) VALUES (335,15);
INSERT INTO contener(idInventario,idProducto) VALUES (448,3);
INSERT INTO contener(idInventario,idProducto) VALUES (349,11);
INSERT INTO contener(idInventario,idProducto) VALUES (146,16);
INSERT INTO contener(idInventario,idProducto) VALUES (404,39);
INSERT INTO contener(idInventario,idProducto) VALUES (264,25);
INSERT INTO contener(idInventario,idProducto) VALUES (381,38);
INSERT INTO contener(idInventario,idProducto) VALUES (542,21);
INSERT INTO contener(idInventario,idProducto) VALUES (129,13);
INSERT INTO contener(idInventario,idProducto) VALUES (583,17);
INSERT INTO contener(idInventario,idProducto) VALUES (19,20);
INSERT INTO contener(idInventario,idProducto) VALUES (51,26);
INSERT INTO contener(idInventario,idProducto) VALUES (568,27);
INSERT INTO contener(idInventario,idProducto) VALUES (552,30);
INSERT INTO contener(idInventario,idProducto) VALUES (248,19);
INSERT INTO contener(idInventario,idProducto) VALUES (213,22);
INSERT INTO contener(idInventario,idProducto) VALUES (235,12);
INSERT INTO contener(idInventario,idProducto) VALUES (46,7);
INSERT INTO contener(idInventario,idProducto) VALUES (128,24);
INSERT INTO contener(idInventario,idProducto) VALUES (158,29);
INSERT INTO contener(idInventario,idProducto) VALUES (441,4);
INSERT INTO contener(idInventario,idProducto) VALUES (372,23);
INSERT INTO contener(idInventario,idProducto) VALUES (573,10);
INSERT INTO contener(idInventario,idProducto) VALUES (36,32);
INSERT INTO contener(idInventario,idProducto) VALUES (167,1);
INSERT INTO contener(idInventario,idProducto) VALUES (617,37);
INSERT INTO contener(idInventario,idProducto) VALUES (491,26);
INSERT INTO contener(idInventario,idProducto) VALUES (44,4);
INSERT INTO contener(idInventario,idProducto) VALUES (426,25);
INSERT INTO contener(idInventario,idProducto) VALUES (591,14);
INSERT INTO contener(idInventario,idProducto) VALUES (614,39);
INSERT INTO contener(idInventario,idProducto) VALUES (617,13);
INSERT INTO contener(idInventario,idProducto) VALUES (684,7);
INSERT INTO contener(idInventario,idProducto) VALUES (88,23);
INSERT INTO contener(idInventario,idProducto) VALUES (322,37);
INSERT INTO contener(idInventario,idProducto) VALUES (334,1);
INSERT INTO contener(idInventario,idProducto) VALUES (531,20);
INSERT INTO contener(idInventario,idProducto) VALUES (169,15);
INSERT INTO contener(idInventario,idProducto) VALUES (50,29);
INSERT INTO contener(idInventario,idProducto) VALUES (338,30);
INSERT INTO contener(idInventario,idProducto) VALUES (76,21);
INSERT INTO contener(idInventario,idProducto) VALUES (186,36);
INSERT INTO contener(idInventario,idProducto) VALUES (442,33);
INSERT INTO contener(idInventario,idProducto) VALUES (266,18);
INSERT INTO contener(idInventario,idProducto) VALUES (250,3);
INSERT INTO contener(idInventario,idProducto) VALUES (454,22);
INSERT INTO contener(idInventario,idProducto) VALUES (479,40);
INSERT INTO contener(idInventario,idProducto) VALUES (487,28);
INSERT INTO contener(idInventario,idProducto) VALUES (352,5);
INSERT INTO contener(idInventario,idProducto) VALUES (362,17);
INSERT INTO contener(idInventario,idProducto) VALUES (36,35);
INSERT INTO contener(idInventario,idProducto) VALUES (48,34);
INSERT INTO contener(idInventario,idProducto) VALUES (553,2);
INSERT INTO contener(idInventario,idProducto) VALUES (112,24);
INSERT INTO contener(idInventario,idProducto) VALUES (476,19);
INSERT INTO contener(idInventario,idProducto) VALUES (336,10);
INSERT INTO contener(idInventario,idProducto) VALUES (223,38);
INSERT INTO contener(idInventario,idProducto) VALUES (452,31);
INSERT INTO contener(idInventario,idProducto) VALUES (206,12);
INSERT INTO contener(idInventario,idProducto) VALUES (358,8);
INSERT INTO contener(idInventario,idProducto) VALUES (325,6);
INSERT INTO contener(idInventario,idProducto) VALUES (58,22);
INSERT INTO contener(idInventario,idProducto) VALUES (16,15);
INSERT INTO contener(idInventario,idProducto) VALUES (225,26);
INSERT INTO contener(idInventario,idProducto) VALUES (534,28);
INSERT INTO contener(idInventario,idProducto) VALUES (618,4);
INSERT INTO contener(idInventario,idProducto) VALUES (589,29);
INSERT INTO contener(idInventario,idProducto) VALUES (428,40);
INSERT INTO contener(idInventario,idProducto) VALUES (113,17);
INSERT INTO contener(idInventario,idProducto) VALUES (273,19);
INSERT INTO contener(idInventario,idProducto) VALUES (36,2);
INSERT INTO contener(idInventario,idProducto) VALUES (512,38);
INSERT INTO contener(idInventario,idProducto) VALUES (212,23);
INSERT INTO contener(idInventario,idProducto) VALUES (473,35);
INSERT INTO contener(idInventario,idProducto) VALUES (486,20);
INSERT INTO contener(idInventario,idProducto) VALUES (511,34);
INSERT INTO contener(idInventario,idProducto) VALUES (74,1);
INSERT INTO contener(idInventario,idProducto) VALUES (76,18);
INSERT INTO contener(idInventario,idProducto) VALUES (405,37);
INSERT INTO contener(idInventario,idProducto) VALUES (654,13);
INSERT INTO contener(idInventario,idProducto) VALUES (289,30);
INSERT INTO contener(idInventario,idProducto) VALUES (637,16);
INSERT INTO contener(idInventario,idProducto) VALUES (552,32);
INSERT INTO contener(idInventario,idProducto) VALUES (350,11);
INSERT INTO contener(idInventario,idProducto) VALUES (399,8);
INSERT INTO contener(idInventario,idProducto) VALUES (474,33);
INSERT INTO contener(idInventario,idProducto) VALUES (279,36);
INSERT INTO contener(idInventario,idProducto) VALUES (321,25);
INSERT INTO contener(idInventario,idProducto) VALUES (327,6);
INSERT INTO contener(idInventario,idProducto) VALUES (443,31);
INSERT INTO contener(idInventario,idProducto) VALUES (282,41);
INSERT INTO contener(idInventario,idProducto) VALUES (375,5);
INSERT INTO contener(idInventario,idProducto) VALUES (607,24);
INSERT INTO contener(idInventario,idProducto) VALUES (658,7);
INSERT INTO contener(idInventario,idProducto) VALUES (596,9);
INSERT INTO contener(idInventario,idProducto) VALUES (94,39);
INSERT INTO contener(idInventario,idProducto) VALUES (690,37);
INSERT INTO contener(idInventario,idProducto) VALUES (556,29);
INSERT INTO contener(idInventario,idProducto) VALUES (329,36);
INSERT INTO contener(idInventario,idProducto) VALUES (46,14);
INSERT INTO contener(idInventario,idProducto) VALUES (156,24);
INSERT INTO contener(idInventario,idProducto) VALUES (280,38);
INSERT INTO contener(idInventario,idProducto) VALUES (665,1);
INSERT INTO contener(idInventario,idProducto) VALUES (533,11);
INSERT INTO contener(idInventario,idProducto) VALUES (497,13);
INSERT INTO contener(idInventario,idProducto) VALUES (247,20);
INSERT INTO contener(idInventario,idProducto) VALUES (18,40);
INSERT INTO contener(idInventario,idProducto) VALUES (495,33);
INSERT INTO contener(idInventario,idProducto) VALUES (453,21);
INSERT INTO contener(idInventario,idProducto) VALUES (647,9);
INSERT INTO contener(idInventario,idProducto) VALUES (128,23);
INSERT INTO contener(idInventario,idProducto) VALUES (349,26);
INSERT INTO contener(idInventario,idProducto) VALUES (293,27);
INSERT INTO contener(idInventario,idProducto) VALUES (634,10);
INSERT INTO contener(idInventario,idProducto) VALUES (112,35);
INSERT INTO contener(idInventario,idProducto) VALUES (127,34);
INSERT INTO contener(idInventario,idProducto) VALUES (418,30);
INSERT INTO contener(idInventario,idProducto) VALUES (525,22);
INSERT INTO contener(idInventario,idProducto) VALUES (19,3);
INSERT INTO contener(idInventario,idProducto) VALUES (192,32);
INSERT INTO contener(idInventario,idProducto) VALUES (116,41);
INSERT INTO contener(idInventario,idProducto) VALUES (437,25);
INSERT INTO contener(idInventario,idProducto) VALUES (85,28);
INSERT INTO contener(idInventario,idProducto) VALUES (639,31);
INSERT INTO contener(idInventario,idProducto) VALUES (667,19);
INSERT INTO contener(idInventario,idProducto) VALUES (577,16);
INSERT INTO contener(idInventario,idProducto) VALUES (554,7);
INSERT INTO contener(idInventario,idProducto) VALUES (532,8);
INSERT INTO contener(idInventario,idProducto) VALUES (669,4);
INSERT INTO contener(idInventario,idProducto) VALUES (652,5);
INSERT INTO contener(idInventario,idProducto) VALUES (56,17);
INSERT INTO contener(idInventario,idProducto) VALUES (267,1);
INSERT INTO contener(idInventario,idProducto) VALUES (592,30);
INSERT INTO contener(idInventario,idProducto) VALUES (676,20);
INSERT INTO contener(idInventario,idProducto) VALUES (321,32);
INSERT INTO contener(idInventario,idProducto) VALUES (639,26);
INSERT INTO contener(idInventario,idProducto) VALUES (369,24);
INSERT INTO contener(idInventario,idProducto) VALUES (103,39);
INSERT INTO contener(idInventario,idProducto) VALUES (521,11);
INSERT INTO contener(idInventario,idProducto) VALUES (283,2);
INSERT INTO contener(idInventario,idProducto) VALUES (141,37);
INSERT INTO contener(idInventario,idProducto) VALUES (532,14);
INSERT INTO contener(idInventario,idProducto) VALUES (84,23);
INSERT INTO contener(idInventario,idProducto) VALUES (135,5);
INSERT INTO contener(idInventario,idProducto) VALUES (446,22);
INSERT INTO contener(idInventario,idProducto) VALUES (515,35);
INSERT INTO contener(idInventario,idProducto) VALUES (426,18);
INSERT INTO contener(idInventario,idProducto) VALUES (169,15);
INSERT INTO contener(idInventario,idProducto) VALUES (282,38);
INSERT INTO contener(idInventario,idProducto) VALUES (277,3);
INSERT INTO contener(idInventario,idProducto) VALUES (650,4);
INSERT INTO contener(idInventario,idProducto) VALUES (172,29);
INSERT INTO contener(idInventario,idProducto) VALUES (544,28);
INSERT INTO contener(idInventario,idProducto) VALUES (269,10);
INSERT INTO contener(idInventario,idProducto) VALUES (14,8);
INSERT INTO contener(idInventario,idProducto) VALUES (246,9);
INSERT INTO contener(idInventario,idProducto) VALUES (276,17);
INSERT INTO contener(idInventario,idProducto) VALUES (536,31);
INSERT INTO contener(idInventario,idProducto) VALUES (531,12);
INSERT INTO contener(idInventario,idProducto) VALUES (572,40);
INSERT INTO contener(idInventario,idProducto) VALUES (262,34);
INSERT INTO contener(idInventario,idProducto) VALUES (234,21);
INSERT INTO contener(idInventario,idProducto) VALUES (63,41);
INSERT INTO contener(idInventario,idProducto) VALUES (245,16);
INSERT INTO contener(idInventario,idProducto) VALUES (29,25);
INSERT INTO contener(idInventario,idProducto) VALUES (583,33);
INSERT INTO contener(idInventario,idProducto) VALUES (375,7);
INSERT INTO contener(idInventario,idProducto) VALUES (100,36);
INSERT INTO contener(idInventario,idProducto) VALUES (572,18);
INSERT INTO contener(idInventario,idProducto) VALUES (306,37);
INSERT INTO contener(idInventario,idProducto) VALUES (429,28);
INSERT INTO contener(idInventario,idProducto) VALUES (530,25);
INSERT INTO contener(idInventario,idProducto) VALUES (77,22);
INSERT INTO contener(idInventario,idProducto) VALUES (626,8);
INSERT INTO contener(idInventario,idProducto) VALUES (284,15);
INSERT INTO contener(idInventario,idProducto) VALUES (204,17);
INSERT INTO contener(idInventario,idProducto) VALUES (694,21);
INSERT INTO contener(idInventario,idProducto) VALUES (404,35);
INSERT INTO contener(idInventario,idProducto) VALUES (394,30);
INSERT INTO contener(idInventario,idProducto) VALUES (499,19);
INSERT INTO contener(idInventario,idProducto) VALUES (294,11);
INSERT INTO contener(idInventario,idProducto) VALUES (32,9);
INSERT INTO contener(idInventario,idProducto) VALUES (478,5);
INSERT INTO contener(idInventario,idProducto) VALUES (329,41);
INSERT INTO contener(idInventario,idProducto) VALUES (508,32);
INSERT INTO contener(idInventario,idProducto) VALUES (654,40);
INSERT INTO contener(idInventario,idProducto) VALUES (642,10);
INSERT INTO contener(idInventario,idProducto) VALUES (347,38);
INSERT INTO contener(idInventario,idProducto) VALUES (3,1);
INSERT INTO contener(idInventario,idProducto) VALUES (235,4);
INSERT INTO contener(idInventario,idProducto) VALUES (570,26);
INSERT INTO contener(idInventario,idProducto) VALUES (216,27);
INSERT INTO contener(idInventario,idProducto) VALUES (466,6);
INSERT INTO contener(idInventario,idProducto) VALUES (184,29);
INSERT INTO contener(idInventario,idProducto) VALUES (353,24);
INSERT INTO contener(idInventario,idProducto) VALUES (247,23);
INSERT INTO contener(idInventario,idProducto) VALUES (277,34);
INSERT INTO contener(idInventario,idProducto) VALUES (214,12);
INSERT INTO contener(idInventario,idProducto) VALUES (514,16);
INSERT INTO contener(idInventario,idProducto) VALUES (243,39);
INSERT INTO contener(idInventario,idProducto) VALUES (217,2);
INSERT INTO contener(idInventario,idProducto) VALUES (627,26);
INSERT INTO contener(idInventario,idProducto) VALUES (21,4);
INSERT INTO contener(idInventario,idProducto) VALUES (280,12);
INSERT INTO contener(idInventario,idProducto) VALUES (675,23);
INSERT INTO contener(idInventario,idProducto) VALUES (28,30);
INSERT INTO contener(idInventario,idProducto) VALUES (356,3);
INSERT INTO contener(idInventario,idProducto) VALUES (630,13);
INSERT INTO contener(idInventario,idProducto) VALUES (42,36);
INSERT INTO contener(idInventario,idProducto) VALUES (145,6);
INSERT INTO contener(idInventario,idProducto) VALUES (10,10);
INSERT INTO contener(idInventario,idProducto) VALUES (316,1);
INSERT INTO contener(idInventario,idProducto) VALUES (27,16);
INSERT INTO contener(idInventario,idProducto) VALUES (562,20);
INSERT INTO contener(idInventario,idProducto) VALUES (361,7);
INSERT INTO contener(idInventario,idProducto) VALUES (453,39);
INSERT INTO contener(idInventario,idProducto) VALUES (295,22);
INSERT INTO contener(idInventario,idProducto) VALUES (348,24);
INSERT INTO contener(idInventario,idProducto) VALUES (391,33);
INSERT INTO contener(idInventario,idProducto) VALUES (56,18);
INSERT INTO contener(idInventario,idProducto) VALUES (366,28);
INSERT INTO contener(idInventario,idProducto) VALUES (92,14);
INSERT INTO contener(idInventario,idProducto) VALUES (302,29);
INSERT INTO contener(idInventario,idProducto) VALUES (343,34);
INSERT INTO contener(idInventario,idProducto) VALUES (385,8);
INSERT INTO contener(idInventario,idProducto) VALUES (661,19);
INSERT INTO contener(idInventario,idProducto) VALUES (175,27);
INSERT INTO contener(idInventario,idProducto) VALUES (387,17);
INSERT INTO contener(idInventario,idProducto) VALUES (140,9);
INSERT INTO contener(idInventario,idProducto) VALUES (412,21);
INSERT INTO contener(idInventario,idProducto) VALUES (251,41);
INSERT INTO contener(idInventario,idProducto) VALUES (321,38);
INSERT INTO contener(idInventario,idProducto) VALUES (324,40);
INSERT INTO contener(idInventario,idProducto) VALUES (8,37);
INSERT INTO contener(idInventario,idProducto) VALUES (646,32);
INSERT INTO contener(idInventario,idProducto) VALUES (677,15);
INSERT INTO contener(idInventario,idProducto) VALUES (329,34);
INSERT INTO contener(idInventario,idProducto) VALUES (420,6);
INSERT INTO contener(idInventario,idProducto) VALUES (413,15);
INSERT INTO contener(idInventario,idProducto) VALUES (592,26);
INSERT INTO contener(idInventario,idProducto) VALUES (301,4);
INSERT INTO contener(idInventario,idProducto) VALUES (263,16);
INSERT INTO contener(idInventario,idProducto) VALUES (81,13);
INSERT INTO contener(idInventario,idProducto) VALUES (125,39);
INSERT INTO contener(idInventario,idProducto) VALUES (576,22);
INSERT INTO contener(idInventario,idProducto) VALUES (29,14);
INSERT INTO contener(idInventario,idProducto) VALUES (34,1);
INSERT INTO contener(idInventario,idProducto) VALUES (663,40);
INSERT INTO contener(idInventario,idProducto) VALUES (336,30);
INSERT INTO contener(idInventario,idProducto) VALUES (514,36);
INSERT INTO contener(idInventario,idProducto) VALUES (477,35);
INSERT INTO contener(idInventario,idProducto) VALUES (448,10);
INSERT INTO contener(idInventario,idProducto) VALUES (171,21);
INSERT INTO contener(idInventario,idProducto) VALUES (501,25);
INSERT INTO contener(idInventario,idProducto) VALUES (557,3);
INSERT INTO contener(idInventario,idProducto) VALUES (643,5);
INSERT INTO contener(idInventario,idProducto) VALUES (484,9);
INSERT INTO contener(idInventario,idProducto) VALUES (308,12);
INSERT INTO contener(idInventario,idProducto) VALUES (503,2);
INSERT INTO contener(idInventario,idProducto) VALUES (632,41);
INSERT INTO contener(idInventario,idProducto) VALUES (241,7);
INSERT INTO contener(idInventario,idProducto) VALUES (464,29);
INSERT INTO contener(idInventario,idProducto) VALUES (482,31);
INSERT INTO contener(idInventario,idProducto) VALUES (221,38);
INSERT INTO contener(idInventario,idProducto) VALUES (226,32);
INSERT INTO contener(idInventario,idProducto) VALUES (397,33);
INSERT INTO contener(idInventario,idProducto) VALUES (541,20);
INSERT INTO contener(idInventario,idProducto) VALUES (54,19);
INSERT INTO contener(idInventario,idProducto) VALUES (568,17);
INSERT INTO contener(idInventario,idProducto) VALUES (21,37);
INSERT INTO contener(idInventario,idProducto) VALUES (300,8);
INSERT INTO contener(idInventario,idProducto) VALUES (52,4);
INSERT INTO contener(idInventario,idProducto) VALUES (143,2);
INSERT INTO contener(idInventario,idProducto) VALUES (587,5);
INSERT INTO contener(idInventario,idProducto) VALUES (148,28);
INSERT INTO contener(idInventario,idProducto) VALUES (674,39);
INSERT INTO contener(idInventario,idProducto) VALUES (211,30);
INSERT INTO contener(idInventario,idProducto) VALUES (106,19);
INSERT INTO contener(idInventario,idProducto) VALUES (367,1);
INSERT INTO contener(idInventario,idProducto) VALUES (167,40);
INSERT INTO contener(idInventario,idProducto) VALUES (403,14);
INSERT INTO contener(idInventario,idProducto) VALUES (37,11);
INSERT INTO contener(idInventario,idProducto) VALUES (630,41);
INSERT INTO contener(idInventario,idProducto) VALUES (654,35);
INSERT INTO contener(idInventario,idProducto) VALUES (614,18);
INSERT INTO contener(idInventario,idProducto) VALUES (35,16);
INSERT INTO contener(idInventario,idProducto) VALUES (100,7);
INSERT INTO contener(idInventario,idProducto) VALUES (257,23);
INSERT INTO contener(idInventario,idProducto) VALUES (444,8);
INSERT INTO contener(idInventario,idProducto) VALUES (24,9);
INSERT INTO contener(idInventario,idProducto) VALUES (354,32);
INSERT INTO contener(idInventario,idProducto) VALUES (530,20);
INSERT INTO contener(idInventario,idProducto) VALUES (600,27);
INSERT INTO contener(idInventario,idProducto) VALUES (151,29);
INSERT INTO contener(idInventario,idProducto) VALUES (629,22);
INSERT INTO contener(idInventario,idProducto) VALUES (196,37);
INSERT INTO contener(idInventario,idProducto) VALUES (667,12);
INSERT INTO contener(idInventario,idProducto) VALUES (355,31);
INSERT INTO contener(idInventario,idProducto) VALUES (264,13);
INSERT INTO contener(idInventario,idProducto) VALUES (216,6);
INSERT INTO contener(idInventario,idProducto) VALUES (198,33);
INSERT INTO contener(idInventario,idProducto) VALUES (329,21);
INSERT INTO contener(idInventario,idProducto) VALUES (643,38);
INSERT INTO contener(idInventario,idProducto) VALUES (617,10);
INSERT INTO contener(idInventario,idProducto) VALUES (342,15);
INSERT INTO contener(idInventario,idProducto) VALUES (9,25);
INSERT INTO contener(idInventario,idProducto) VALUES (562,7);
INSERT INTO contener(idInventario,idProducto) VALUES (672,15);
INSERT INTO contener(idInventario,idProducto) VALUES (669,12);
INSERT INTO contener(idInventario,idProducto) VALUES (225,2);
INSERT INTO contener(idInventario,idProducto) VALUES (387,6);
INSERT INTO contener(idInventario,idProducto) VALUES (648,22);
INSERT INTO contener(idInventario,idProducto) VALUES (335,28);
INSERT INTO contener(idInventario,idProducto) VALUES (273,33);
INSERT INTO contener(idInventario,idProducto) VALUES (423,37);
INSERT INTO contener(idInventario,idProducto) VALUES (677,32);
INSERT INTO contener(idInventario,idProducto) VALUES (324,26);
INSERT INTO contener(idInventario,idProducto) VALUES (258,27);
INSERT INTO contener(idInventario,idProducto) VALUES (131,8);
INSERT INTO contener(idInventario,idProducto) VALUES (308,34);
INSERT INTO contener(idInventario,idProducto) VALUES (613,10);
INSERT INTO contener(idInventario,idProducto) VALUES (86,40);
INSERT INTO contener(idInventario,idProducto) VALUES (89,17);
INSERT INTO contener(idInventario,idProducto) VALUES (254,41);
INSERT INTO contener(idInventario,idProducto) VALUES (287,38);
INSERT INTO contener(idInventario,idProducto) VALUES (279,24);
INSERT INTO contener(idInventario,idProducto) VALUES (438,13);
INSERT INTO contener(idInventario,idProducto) VALUES (513,9);
INSERT INTO contener(idInventario,idProducto) VALUES (419,36);
INSERT INTO contener(idInventario,idProducto) VALUES (158,5);
INSERT INTO contener(idInventario,idProducto) VALUES (236,23);
INSERT INTO contener(idInventario,idProducto) VALUES (557,20);
INSERT INTO contener(idInventario,idProducto) VALUES (233,1);
INSERT INTO contener(idInventario,idProducto) VALUES (174,19);
INSERT INTO contener(idInventario,idProducto) VALUES (10,39);
INSERT INTO contener(idInventario,idProducto) VALUES (362,18);
INSERT INTO contener(idInventario,idProducto) VALUES (283,21);
INSERT INTO contener(idInventario,idProducto) VALUES (145,25);
INSERT INTO contener(idInventario,idProducto) VALUES (585,30);
INSERT INTO contener(idInventario,idProducto) VALUES (645,4);
INSERT INTO contener(idInventario,idProducto) VALUES (4,35);
INSERT INTO contener(idInventario,idProducto) VALUES (23,39);
INSERT INTO contener(idInventario,idProducto) VALUES (610,41);
INSERT INTO contener(idInventario,idProducto) VALUES (537,17);
INSERT INTO contener(idInventario,idProducto) VALUES (587,37);
INSERT INTO contener(idInventario,idProducto) VALUES (615,21);
INSERT INTO contener(idInventario,idProducto) VALUES (424,12);
INSERT INTO contener(idInventario,idProducto) VALUES (79,35);
INSERT INTO contener(idInventario,idProducto) VALUES (240,13);
INSERT INTO contener(idInventario,idProducto) VALUES (632,11);
INSERT INTO contener(idInventario,idProducto) VALUES (688,23);
INSERT INTO contener(idInventario,idProducto) VALUES (74,19);
INSERT INTO contener(idInventario,idProducto) VALUES (456,7);
INSERT INTO contener(idInventario,idProducto) VALUES (163,29);
INSERT INTO contener(idInventario,idProducto) VALUES (70,15);
INSERT INTO contener(idInventario,idProducto) VALUES (264,26);
INSERT INTO contener(idInventario,idProducto) VALUES (117,22);
INSERT INTO contener(idInventario,idProducto) VALUES (540,30);
INSERT INTO contener(idInventario,idProducto) VALUES (590,25);
INSERT INTO contener(idInventario,idProducto) VALUES (410,34);
INSERT INTO contener(idInventario,idProducto) VALUES (17,3);
INSERT INTO contener(idInventario,idProducto) VALUES (691,28);
INSERT INTO contener(idInventario,idProducto) VALUES (343,10);
INSERT INTO contener(idInventario,idProducto) VALUES (108,14);
INSERT INTO contener(idInventario,idProducto) VALUES (190,33);
INSERT INTO contener(idInventario,idProducto) VALUES (171,20);
INSERT INTO contener(idInventario,idProducto) VALUES (314,4);
INSERT INTO contener(idInventario,idProducto) VALUES (233,40);
INSERT INTO contener(idInventario,idProducto) VALUES (210,38);
INSERT INTO contener(idInventario,idProducto) VALUES (198,2);
INSERT INTO contener(idInventario,idProducto) VALUES (175,24);
INSERT INTO contener(idInventario,idProducto) VALUES (289,5);
INSERT INTO contener(idInventario,idProducto) VALUES (103,32);
INSERT INTO contener(idInventario,idProducto) VALUES (322,16);
INSERT INTO contener(idInventario,idProducto) VALUES (154,8);
INSERT INTO contener(idInventario,idProducto) VALUES (595,18);


-- METODO DE PAGO

INSERT INTO metodoPago(idPago,esEfectivo,esPunto,esTarjeta) VALUES (1,'false','true','false');
INSERT INTO metodoPago(idPago,esEfectivo,esPunto,esTarjeta) VALUES (2,'true','false','true');
INSERT INTO metodoPago(idPago,esEfectivo,esPunto,esTarjeta) VALUES (3,'true','false','true');
INSERT INTO metodoPago(idPago,esEfectivo,esPunto,esTarjeta) VALUES (4,'true','true','false');
INSERT INTO metodoPago(idPago,esEfectivo,esPunto,esTarjeta) VALUES (5,'true','false','true');
INSERT INTO metodoPago(idPago,esEfectivo,esPunto,esTarjeta) VALUES (6,'false','false','true');
INSERT INTO metodoPago(idPago,esEfectivo,esPunto,esTarjeta) VALUES (7,'false','false','true');
INSERT INTO metodoPago(idPago,esEfectivo,esPunto,esTarjeta) VALUES (8,'true','true','false');
INSERT INTO metodoPago(idPago,esEfectivo,esPunto,esTarjeta) VALUES (9,'true','true','false');
INSERT INTO metodoPago(idPago,esEfectivo,esPunto,esTarjeta) VALUES (10,'false','true','false');
INSERT INTO metodoPago(idPago,esEfectivo,esPunto,esTarjeta) VALUES (11,'false','true','false');
INSERT INTO metodoPago(idPago,esEfectivo,esPunto,esTarjeta) VALUES (12,'true','false','true');
INSERT INTO metodoPago(idPago,esEfectivo,esPunto,esTarjeta) VALUES (13,'false','false','true');
INSERT INTO metodoPago(idPago,esEfectivo,esPunto,esTarjeta) VALUES (14,'true','false','true');
INSERT INTO metodoPago(idPago,esEfectivo,esPunto,esTarjeta) VALUES (15,'true','false','true');
INSERT INTO metodoPago(idPago,esEfectivo,esPunto,esTarjeta) VALUES (16,'false','false','true');
INSERT INTO metodoPago(idPago,esEfectivo,esPunto,esTarjeta) VALUES (17,'true','true','false');
INSERT INTO metodoPago(idPago,esEfectivo,esPunto,esTarjeta) VALUES (18,'true','false','true');
INSERT INTO metodoPago(idPago,esEfectivo,esPunto,esTarjeta) VALUES (19,'true','true','false');
INSERT INTO metodoPago(idPago,esEfectivo,esPunto,esTarjeta) VALUES (20,'true','true','false');
INSERT INTO metodoPago(idPago,esEfectivo,esPunto,esTarjeta) VALUES (21,'false','false','true');
INSERT INTO metodoPago(idPago,esEfectivo,esPunto,esTarjeta) VALUES (22,'false','false','true');
INSERT INTO metodoPago(idPago,esEfectivo,esPunto,esTarjeta) VALUES (23,'true','true','false');
INSERT INTO metodoPago(idPago,esEfectivo,esPunto,esTarjeta) VALUES (24,'false','true','false');
INSERT INTO metodoPago(idPago,esEfectivo,esPunto,esTarjeta) VALUES (25,'false','true','false');
INSERT INTO metodoPago(idPago,esEfectivo,esPunto,esTarjeta) VALUES (26,'false','true','false');
INSERT INTO metodoPago(idPago,esEfectivo,esPunto,esTarjeta) VALUES (27,'false','false','true');
INSERT INTO metodoPago(idPago,esEfectivo,esPunto,esTarjeta) VALUES (28,'true','true','false');
INSERT INTO metodoPago(idPago,esEfectivo,esPunto,esTarjeta) VALUES (29,'true','true','false');
INSERT INTO metodoPago(idPago,esEfectivo,esPunto,esTarjeta) VALUES (30,'false','false','true');
INSERT INTO metodoPago(idPago,esEfectivo,esPunto,esTarjeta) VALUES (31,'false','false','true');
INSERT INTO metodoPago(idPago,esEfectivo,esPunto,esTarjeta) VALUES (32,'true','false','true');
INSERT INTO metodoPago(idPago,esEfectivo,esPunto,esTarjeta) VALUES (33,'true','true','false');
INSERT INTO metodoPago(idPago,esEfectivo,esPunto,esTarjeta) VALUES (34,'false','true','false');
INSERT INTO metodoPago(idPago,esEfectivo,esPunto,esTarjeta) VALUES (35,'true','false','true');
INSERT INTO metodoPago(idPago,esEfectivo,esPunto,esTarjeta) VALUES (36,'false','true','false');
INSERT INTO metodoPago(idPago,esEfectivo,esPunto,esTarjeta) VALUES (37,'true','false','true');
INSERT INTO metodoPago(idPago,esEfectivo,esPunto,esTarjeta) VALUES (38,'true','true','false');
INSERT INTO metodoPago(idPago,esEfectivo,esPunto,esTarjeta) VALUES (39,'false','true','false');
INSERT INTO metodoPago(idPago,esEfectivo,esPunto,esTarjeta) VALUES (40,'false','false','true');
INSERT INTO metodoPago(idPago,esEfectivo,esPunto,esTarjeta) VALUES (41,'true','true','false');
INSERT INTO metodoPago(idPago,esEfectivo,esPunto,esTarjeta) VALUES (42,'true','true','false');
INSERT INTO metodoPago(idPago,esEfectivo,esPunto,esTarjeta) VALUES (43,'false','false','true');
INSERT INTO metodoPago(idPago,esEfectivo,esPunto,esTarjeta) VALUES (44,'true','false','true');
INSERT INTO metodoPago(idPago,esEfectivo,esPunto,esTarjeta) VALUES (45,'true','false','true');
INSERT INTO metodoPago(idPago,esEfectivo,esPunto,esTarjeta) VALUES (46,'false','true','false');
INSERT INTO metodoPago(idPago,esEfectivo,esPunto,esTarjeta) VALUES (47,'false','true','false');
INSERT INTO metodoPago(idPago,esEfectivo,esPunto,esTarjeta) VALUES (48,'false','true','false');
INSERT INTO metodoPago(idPago,esEfectivo,esPunto,esTarjeta) VALUES (49,'false','false','true');
INSERT INTO metodoPago(idPago,esEfectivo,esPunto,esTarjeta) VALUES (50,'true','true','false');
INSERT INTO metodoPago(idPago,esEfectivo,esPunto,esTarjeta) VALUES (51,'true','false','true');
INSERT INTO metodoPago(idPago,esEfectivo,esPunto,esTarjeta) VALUES (52,'false','false','true');
INSERT INTO metodoPago(idPago,esEfectivo,esPunto,esTarjeta) VALUES (53,'false','false','true');
INSERT INTO metodoPago(idPago,esEfectivo,esPunto,esTarjeta) VALUES (54,'false','false','true');
INSERT INTO metodoPago(idPago,esEfectivo,esPunto,esTarjeta) VALUES (55,'false','false','true');
INSERT INTO metodoPago(idPago,esEfectivo,esPunto,esTarjeta) VALUES (56,'true','false','true');
INSERT INTO metodoPago(idPago,esEfectivo,esPunto,esTarjeta) VALUES (57,'true','true','false');
INSERT INTO metodoPago(idPago,esEfectivo,esPunto,esTarjeta) VALUES (58,'false','false','true');
INSERT INTO metodoPago(idPago,esEfectivo,esPunto,esTarjeta) VALUES (59,'false','false','true');
INSERT INTO metodoPago(idPago,esEfectivo,esPunto,esTarjeta) VALUES (60,'false','false','true');
INSERT INTO metodoPago(idPago,esEfectivo,esPunto,esTarjeta) VALUES (61,'true','false','true');
INSERT INTO metodoPago(idPago,esEfectivo,esPunto,esTarjeta) VALUES (62,'true','false','true');
INSERT INTO metodoPago(idPago,esEfectivo,esPunto,esTarjeta) VALUES (63,'false','false','true');
INSERT INTO metodoPago(idPago,esEfectivo,esPunto,esTarjeta) VALUES (64,'false','true','false');
INSERT INTO metodoPago(idPago,esEfectivo,esPunto,esTarjeta) VALUES (65,'true','true','false');
INSERT INTO metodoPago(idPago,esEfectivo,esPunto,esTarjeta) VALUES (66,'false','true','false');
INSERT INTO metodoPago(idPago,esEfectivo,esPunto,esTarjeta) VALUES (67,'true','false','true');
INSERT INTO metodoPago(idPago,esEfectivo,esPunto,esTarjeta) VALUES (68,'false','true','false');
INSERT INTO metodoPago(idPago,esEfectivo,esPunto,esTarjeta) VALUES (69,'true','false','true');
INSERT INTO metodoPago(idPago,esEfectivo,esPunto,esTarjeta) VALUES (70,'true','false','true');
INSERT INTO metodoPago(idPago,esEfectivo,esPunto,esTarjeta) VALUES (71,'false','false','true');
INSERT INTO metodoPago(idPago,esEfectivo,esPunto,esTarjeta) VALUES (72,'false','false','true');
INSERT INTO metodoPago(idPago,esEfectivo,esPunto,esTarjeta) VALUES (73,'false','true','false');
INSERT INTO metodoPago(idPago,esEfectivo,esPunto,esTarjeta) VALUES (74,'true','false','true');
INSERT INTO metodoPago(idPago,esEfectivo,esPunto,esTarjeta) VALUES (75,'false','false','true');
INSERT INTO metodoPago(idPago,esEfectivo,esPunto,esTarjeta) VALUES (76,'false','false','true');
INSERT INTO metodoPago(idPago,esEfectivo,esPunto,esTarjeta) VALUES (77,'true','false','true');
INSERT INTO metodoPago(idPago,esEfectivo,esPunto,esTarjeta) VALUES (78,'false','true','false');
INSERT INTO metodoPago(idPago,esEfectivo,esPunto,esTarjeta) VALUES (79,'false','false','true');
INSERT INTO metodoPago(idPago,esEfectivo,esPunto,esTarjeta) VALUES (80,'false','true','false');
INSERT INTO metodoPago(idPago,esEfectivo,esPunto,esTarjeta) VALUES (81,'true','false','true');
INSERT INTO metodoPago(idPago,esEfectivo,esPunto,esTarjeta) VALUES (82,'true','false','true');
INSERT INTO metodoPago(idPago,esEfectivo,esPunto,esTarjeta) VALUES (83,'false','true','false');
INSERT INTO metodoPago(idPago,esEfectivo,esPunto,esTarjeta) VALUES (84,'true','false','true');
INSERT INTO metodoPago(idPago,esEfectivo,esPunto,esTarjeta) VALUES (85,'true','true','false');
INSERT INTO metodoPago(idPago,esEfectivo,esPunto,esTarjeta) VALUES (86,'true','true','false');
INSERT INTO metodoPago(idPago,esEfectivo,esPunto,esTarjeta) VALUES (87,'true','false','true');
INSERT INTO metodoPago(idPago,esEfectivo,esPunto,esTarjeta) VALUES (88,'false','false','true');
INSERT INTO metodoPago(idPago,esEfectivo,esPunto,esTarjeta) VALUES (89,'false','true','false');
INSERT INTO metodoPago(idPago,esEfectivo,esPunto,esTarjeta) VALUES (90,'false','true','false');
INSERT INTO metodoPago(idPago,esEfectivo,esPunto,esTarjeta) VALUES (91,'false','true','false');
INSERT INTO metodoPago(idPago,esEfectivo,esPunto,esTarjeta) VALUES (92,'false','false','true');
INSERT INTO metodoPago(idPago,esEfectivo,esPunto,esTarjeta) VALUES (93,'true','false','true');
INSERT INTO metodoPago(idPago,esEfectivo,esPunto,esTarjeta) VALUES (94,'true','true','false');
INSERT INTO metodoPago(idPago,esEfectivo,esPunto,esTarjeta) VALUES (95,'false','true','false');
INSERT INTO metodoPago(idPago,esEfectivo,esPunto,esTarjeta) VALUES (96,'true','false','true');
INSERT INTO metodoPago(idPago,esEfectivo,esPunto,esTarjeta) VALUES (97,'false','true','false');
INSERT INTO metodoPago(idPago,esEfectivo,esPunto,esTarjeta) VALUES (98,'false','false','true');
INSERT INTO metodoPago(idPago,esEfectivo,esPunto,esTarjeta) VALUES (99,'false','false','true');
INSERT INTO metodoPago(idPago,esEfectivo,esPunto,esTarjeta) VALUES (100,'false','true','false');
INSERT INTO metodoPago(idPago,esEfectivo,esPunto,esTarjeta) VALUES (101,'true','false','true');
INSERT INTO metodoPago(idPago,esEfectivo,esPunto,esTarjeta) VALUES (102,'true','true','false');
INSERT INTO metodoPago(idPago,esEfectivo,esPunto,esTarjeta) VALUES (103,'false','false','true');
INSERT INTO metodoPago(idPago,esEfectivo,esPunto,esTarjeta) VALUES (104,'true','false','true');
INSERT INTO metodoPago(idPago,esEfectivo,esPunto,esTarjeta) VALUES (105,'true','true','false');
INSERT INTO metodoPago(idPago,esEfectivo,esPunto,esTarjeta) VALUES (106,'true','false','true');
INSERT INTO metodoPago(idPago,esEfectivo,esPunto,esTarjeta) VALUES (107,'true','false','true');
INSERT INTO metodoPago(idPago,esEfectivo,esPunto,esTarjeta) VALUES (108,'true','false','true');
INSERT INTO metodoPago(idPago,esEfectivo,esPunto,esTarjeta) VALUES (109,'false','true','false');
INSERT INTO metodoPago(idPago,esEfectivo,esPunto,esTarjeta) VALUES (110,'true','true','false');
INSERT INTO metodoPago(idPago,esEfectivo,esPunto,esTarjeta) VALUES (111,'true','true','false');
INSERT INTO metodoPago(idPago,esEfectivo,esPunto,esTarjeta) VALUES (112,'true','true','false');
INSERT INTO metodoPago(idPago,esEfectivo,esPunto,esTarjeta) VALUES (113,'true','false','true');
INSERT INTO metodoPago(idPago,esEfectivo,esPunto,esTarjeta) VALUES (114,'false','false','true');
INSERT INTO metodoPago(idPago,esEfectivo,esPunto,esTarjeta) VALUES (115,'false','false','true');
INSERT INTO metodoPago(idPago,esEfectivo,esPunto,esTarjeta) VALUES (116,'true','false','true');
INSERT INTO metodoPago(idPago,esEfectivo,esPunto,esTarjeta) VALUES (117,'true','true','false');
INSERT INTO metodoPago(idPago,esEfectivo,esPunto,esTarjeta) VALUES (118,'false','false','true');
INSERT INTO metodoPago(idPago,esEfectivo,esPunto,esTarjeta) VALUES (119,'false','false','true');
INSERT INTO metodoPago(idPago,esEfectivo,esPunto,esTarjeta) VALUES (120,'false','true','false');
INSERT INTO metodoPago(idPago,esEfectivo,esPunto,esTarjeta) VALUES (121,'true','true','false');
INSERT INTO metodoPago(idPago,esEfectivo,esPunto,esTarjeta) VALUES (122,'true','false','true');
INSERT INTO metodoPago(idPago,esEfectivo,esPunto,esTarjeta) VALUES (123,'false','true','false');
INSERT INTO metodoPago(idPago,esEfectivo,esPunto,esTarjeta) VALUES (124,'true','false','true');
INSERT INTO metodoPago(idPago,esEfectivo,esPunto,esTarjeta) VALUES (125,'true','false','true');
INSERT INTO metodoPago(idPago,esEfectivo,esPunto,esTarjeta) VALUES (126,'false','true','false');
INSERT INTO metodoPago(idPago,esEfectivo,esPunto,esTarjeta) VALUES (127,'true','true','false');
INSERT INTO metodoPago(idPago,esEfectivo,esPunto,esTarjeta) VALUES (128,'false','false','true');
INSERT INTO metodoPago(idPago,esEfectivo,esPunto,esTarjeta) VALUES (129,'false','false','true');
INSERT INTO metodoPago(idPago,esEfectivo,esPunto,esTarjeta) VALUES (130,'false','false','true');
INSERT INTO metodoPago(idPago,esEfectivo,esPunto,esTarjeta) VALUES (131,'true','false','true');
INSERT INTO metodoPago(idPago,esEfectivo,esPunto,esTarjeta) VALUES (132,'false','true','false');
INSERT INTO metodoPago(idPago,esEfectivo,esPunto,esTarjeta) VALUES (133,'true','false','true');
INSERT INTO metodoPago(idPago,esEfectivo,esPunto,esTarjeta) VALUES (134,'true','false','true');
INSERT INTO metodoPago(idPago,esEfectivo,esPunto,esTarjeta) VALUES (135,'false','false','true');
INSERT INTO metodoPago(idPago,esEfectivo,esPunto,esTarjeta) VALUES (136,'false','true','false');
INSERT INTO metodoPago(idPago,esEfectivo,esPunto,esTarjeta) VALUES (137,'true','true','false');
INSERT INTO metodoPago(idPago,esEfectivo,esPunto,esTarjeta) VALUES (138,'true','false','true');
INSERT INTO metodoPago(idPago,esEfectivo,esPunto,esTarjeta) VALUES (139,'false','false','true');
INSERT INTO metodoPago(idPago,esEfectivo,esPunto,esTarjeta) VALUES (140,'false','false','true');
INSERT INTO metodoPago(idPago,esEfectivo,esPunto,esTarjeta) VALUES (141,'false','false','true');
INSERT INTO metodoPago(idPago,esEfectivo,esPunto,esTarjeta) VALUES (142,'true','false','true');
INSERT INTO metodoPago(idPago,esEfectivo,esPunto,esTarjeta) VALUES (143,'false','false','true');
INSERT INTO metodoPago(idPago,esEfectivo,esPunto,esTarjeta) VALUES (144,'true','false','true');
INSERT INTO metodoPago(idPago,esEfectivo,esPunto,esTarjeta) VALUES (145,'true','true','false');
INSERT INTO metodoPago(idPago,esEfectivo,esPunto,esTarjeta) VALUES (146,'false','false','true');
INSERT INTO metodoPago(idPago,esEfectivo,esPunto,esTarjeta) VALUES (147,'true','true','false');
INSERT INTO metodoPago(idPago,esEfectivo,esPunto,esTarjeta) VALUES (148,'false','false','true');
INSERT INTO metodoPago(idPago,esEfectivo,esPunto,esTarjeta) VALUES (149,'false','false','true');
INSERT INTO metodoPago(idPago,esEfectivo,esPunto,esTarjeta) VALUES (150,'false','false','true');
INSERT INTO metodoPago(idPago,esEfectivo,esPunto,esTarjeta) VALUES (151,'false','false','true');
INSERT INTO metodoPago(idPago,esEfectivo,esPunto,esTarjeta) VALUES (152,'true','true','false');
INSERT INTO metodoPago(idPago,esEfectivo,esPunto,esTarjeta) VALUES (153,'true','true','false');
INSERT INTO metodoPago(idPago,esEfectivo,esPunto,esTarjeta) VALUES (154,'false','false','true');
INSERT INTO metodoPago(idPago,esEfectivo,esPunto,esTarjeta) VALUES (155,'true','false','true');
INSERT INTO metodoPago(idPago,esEfectivo,esPunto,esTarjeta) VALUES (156,'true','true','false');
INSERT INTO metodoPago(idPago,esEfectivo,esPunto,esTarjeta) VALUES (157,'true','false','true');
INSERT INTO metodoPago(idPago,esEfectivo,esPunto,esTarjeta) VALUES (158,'true','false','true');
INSERT INTO metodoPago(idPago,esEfectivo,esPunto,esTarjeta) VALUES (159,'true','true','false');
INSERT INTO metodoPago(idPago,esEfectivo,esPunto,esTarjeta) VALUES (160,'false','false','true');
INSERT INTO metodoPago(idPago,esEfectivo,esPunto,esTarjeta) VALUES (161,'false','true','false');
INSERT INTO metodoPago(idPago,esEfectivo,esPunto,esTarjeta) VALUES (162,'false','true','false');
INSERT INTO metodoPago(idPago,esEfectivo,esPunto,esTarjeta) VALUES (163,'false','false','true');
INSERT INTO metodoPago(idPago,esEfectivo,esPunto,esTarjeta) VALUES (164,'false','true','false');
INSERT INTO metodoPago(idPago,esEfectivo,esPunto,esTarjeta) VALUES (165,'false','true','false');
INSERT INTO metodoPago(idPago,esEfectivo,esPunto,esTarjeta) VALUES (166,'false','true','false');
INSERT INTO metodoPago(idPago,esEfectivo,esPunto,esTarjeta) VALUES (167,'true','false','true');
INSERT INTO metodoPago(idPago,esEfectivo,esPunto,esTarjeta) VALUES (168,'true','true','false');
INSERT INTO metodoPago(idPago,esEfectivo,esPunto,esTarjeta) VALUES (169,'false','false','true');
INSERT INTO metodoPago(idPago,esEfectivo,esPunto,esTarjeta) VALUES (170,'true','true','false');
INSERT INTO metodoPago(idPago,esEfectivo,esPunto,esTarjeta) VALUES (171,'true','false','true');
INSERT INTO metodoPago(idPago,esEfectivo,esPunto,esTarjeta) VALUES (172,'false','true','false');
INSERT INTO metodoPago(idPago,esEfectivo,esPunto,esTarjeta) VALUES (173,'false','true','false');
INSERT INTO metodoPago(idPago,esEfectivo,esPunto,esTarjeta) VALUES (174,'false','true','false');
INSERT INTO metodoPago(idPago,esEfectivo,esPunto,esTarjeta) VALUES (175,'true','true','false');
INSERT INTO metodoPago(idPago,esEfectivo,esPunto,esTarjeta) VALUES (176,'false','true','false');
INSERT INTO metodoPago(idPago,esEfectivo,esPunto,esTarjeta) VALUES (177,'false','true','false');
INSERT INTO metodoPago(idPago,esEfectivo,esPunto,esTarjeta) VALUES (178,'false','true','false');
INSERT INTO metodoPago(idPago,esEfectivo,esPunto,esTarjeta) VALUES (179,'true','false','true');
INSERT INTO metodoPago(idPago,esEfectivo,esPunto,esTarjeta) VALUES (180,'true','false','true');
INSERT INTO metodoPago(idPago,esEfectivo,esPunto,esTarjeta) VALUES (181,'false','true','false');
INSERT INTO metodoPago(idPago,esEfectivo,esPunto,esTarjeta) VALUES (182,'true','false','true');
INSERT INTO metodoPago(idPago,esEfectivo,esPunto,esTarjeta) VALUES (183,'false','true','false');
INSERT INTO metodoPago(idPago,esEfectivo,esPunto,esTarjeta) VALUES (184,'true','true','false');
INSERT INTO metodoPago(idPago,esEfectivo,esPunto,esTarjeta) VALUES (185,'false','true','false');
INSERT INTO metodoPago(idPago,esEfectivo,esPunto,esTarjeta) VALUES (186,'false','true','false');
INSERT INTO metodoPago(idPago,esEfectivo,esPunto,esTarjeta) VALUES (187,'true','true','false');
INSERT INTO metodoPago(idPago,esEfectivo,esPunto,esTarjeta) VALUES (188,'true','false','true');
INSERT INTO metodoPago(idPago,esEfectivo,esPunto,esTarjeta) VALUES (189,'true','false','true');
INSERT INTO metodoPago(idPago,esEfectivo,esPunto,esTarjeta) VALUES (190,'false','false','true');
INSERT INTO metodoPago(idPago,esEfectivo,esPunto,esTarjeta) VALUES (191,'true','false','true');
INSERT INTO metodoPago(idPago,esEfectivo,esPunto,esTarjeta) VALUES (192,'false','true','false');
INSERT INTO metodoPago(idPago,esEfectivo,esPunto,esTarjeta) VALUES (193,'true','true','false');
INSERT INTO metodoPago(idPago,esEfectivo,esPunto,esTarjeta) VALUES (194,'true','false','true');
INSERT INTO metodoPago(idPago,esEfectivo,esPunto,esTarjeta) VALUES (195,'true','true','false');
INSERT INTO metodoPago(idPago,esEfectivo,esPunto,esTarjeta) VALUES (196,'true','true','false');
INSERT INTO metodoPago(idPago,esEfectivo,esPunto,esTarjeta) VALUES (197,'false','false','true');
INSERT INTO metodoPago(idPago,esEfectivo,esPunto,esTarjeta) VALUES (198,'false','false','true');
INSERT INTO metodoPago(idPago,esEfectivo,esPunto,esTarjeta) VALUES (199,'false','true','false');
INSERT INTO metodoPago(idPago,esEfectivo,esPunto,esTarjeta) VALUES (200,'true','false','true');
INSERT INTO metodoPago(idPago,esEfectivo,esPunto,esTarjeta) VALUES (201,'false','true','false');
INSERT INTO metodoPago(idPago,esEfectivo,esPunto,esTarjeta) VALUES (202,'false','false','true');
INSERT INTO metodoPago(idPago,esEfectivo,esPunto,esTarjeta) VALUES (203,'true','true','false');
INSERT INTO metodoPago(idPago,esEfectivo,esPunto,esTarjeta) VALUES (204,'false','true','false');
INSERT INTO metodoPago(idPago,esEfectivo,esPunto,esTarjeta) VALUES (205,'true','false','true');
INSERT INTO metodoPago(idPago,esEfectivo,esPunto,esTarjeta) VALUES (206,'true','false','true');
INSERT INTO metodoPago(idPago,esEfectivo,esPunto,esTarjeta) VALUES (207,'true','false','true');
INSERT INTO metodoPago(idPago,esEfectivo,esPunto,esTarjeta) VALUES (208,'true','true','false');
INSERT INTO metodoPago(idPago,esEfectivo,esPunto,esTarjeta) VALUES (209,'true','true','false');
INSERT INTO metodoPago(idPago,esEfectivo,esPunto,esTarjeta) VALUES (210,'true','false','true');
INSERT INTO metodoPago(idPago,esEfectivo,esPunto,esTarjeta) VALUES (211,'true','true','false');
INSERT INTO metodoPago(idPago,esEfectivo,esPunto,esTarjeta) VALUES (212,'false','false','true');
INSERT INTO metodoPago(idPago,esEfectivo,esPunto,esTarjeta) VALUES (213,'false','false','true');
INSERT INTO metodoPago(idPago,esEfectivo,esPunto,esTarjeta) VALUES (214,'false','false','true');
INSERT INTO metodoPago(idPago,esEfectivo,esPunto,esTarjeta) VALUES (215,'true','false','true');
INSERT INTO metodoPago(idPago,esEfectivo,esPunto,esTarjeta) VALUES (216,'true','false','true');
INSERT INTO metodoPago(idPago,esEfectivo,esPunto,esTarjeta) VALUES (217,'false','false','true');
INSERT INTO metodoPago(idPago,esEfectivo,esPunto,esTarjeta) VALUES (218,'true','true','false');
INSERT INTO metodoPago(idPago,esEfectivo,esPunto,esTarjeta) VALUES (219,'true','false','true');
INSERT INTO metodoPago(idPago,esEfectivo,esPunto,esTarjeta) VALUES (220,'false','false','true');
INSERT INTO metodoPago(idPago,esEfectivo,esPunto,esTarjeta) VALUES (221,'false','true','false');
INSERT INTO metodoPago(idPago,esEfectivo,esPunto,esTarjeta) VALUES (222,'false','true','false');
INSERT INTO metodoPago(idPago,esEfectivo,esPunto,esTarjeta) VALUES (223,'false','true','false');
INSERT INTO metodoPago(idPago,esEfectivo,esPunto,esTarjeta) VALUES (224,'true','false','true');
INSERT INTO metodoPago(idPago,esEfectivo,esPunto,esTarjeta) VALUES (225,'true','false','true');
INSERT INTO metodoPago(idPago,esEfectivo,esPunto,esTarjeta) VALUES (226,'true','false','true');
INSERT INTO metodoPago(idPago,esEfectivo,esPunto,esTarjeta) VALUES (227,'false','true','false');
INSERT INTO metodoPago(idPago,esEfectivo,esPunto,esTarjeta) VALUES (228,'true','true','false');
INSERT INTO metodoPago(idPago,esEfectivo,esPunto,esTarjeta) VALUES (229,'true','false','true');
INSERT INTO metodoPago(idPago,esEfectivo,esPunto,esTarjeta) VALUES (230,'true','false','true');
INSERT INTO metodoPago(idPago,esEfectivo,esPunto,esTarjeta) VALUES (231,'true','false','true');
INSERT INTO metodoPago(idPago,esEfectivo,esPunto,esTarjeta) VALUES (232,'true','true','false');
INSERT INTO metodoPago(idPago,esEfectivo,esPunto,esTarjeta) VALUES (233,'false','true','false');
INSERT INTO metodoPago(idPago,esEfectivo,esPunto,esTarjeta) VALUES (234,'true','true','false');
INSERT INTO metodoPago(idPago,esEfectivo,esPunto,esTarjeta) VALUES (235,'true','true','false');
INSERT INTO metodoPago(idPago,esEfectivo,esPunto,esTarjeta) VALUES (236,'false','false','true');
INSERT INTO metodoPago(idPago,esEfectivo,esPunto,esTarjeta) VALUES (237,'false','true','false');
INSERT INTO metodoPago(idPago,esEfectivo,esPunto,esTarjeta) VALUES (238,'false','false','true');
INSERT INTO metodoPago(idPago,esEfectivo,esPunto,esTarjeta) VALUES (239,'false','false','true');
INSERT INTO metodoPago(idPago,esEfectivo,esPunto,esTarjeta) VALUES (240,'true','false','true');
INSERT INTO metodoPago(idPago,esEfectivo,esPunto,esTarjeta) VALUES (241,'false','true','false');
INSERT INTO metodoPago(idPago,esEfectivo,esPunto,esTarjeta) VALUES (242,'false','true','false');
INSERT INTO metodoPago(idPago,esEfectivo,esPunto,esTarjeta) VALUES (243,'false','true','false');
INSERT INTO metodoPago(idPago,esEfectivo,esPunto,esTarjeta) VALUES (244,'false','false','true');
INSERT INTO metodoPago(idPago,esEfectivo,esPunto,esTarjeta) VALUES (245,'false','false','true');
INSERT INTO metodoPago(idPago,esEfectivo,esPunto,esTarjeta) VALUES (246,'false','false','true');
INSERT INTO metodoPago(idPago,esEfectivo,esPunto,esTarjeta) VALUES (247,'true','false','true');
INSERT INTO metodoPago(idPago,esEfectivo,esPunto,esTarjeta) VALUES (248,'false','true','false');
INSERT INTO metodoPago(idPago,esEfectivo,esPunto,esTarjeta) VALUES (249,'false','true','false');
INSERT INTO metodoPago(idPago,esEfectivo,esPunto,esTarjeta) VALUES (250,'true','false','true');
INSERT INTO metodoPago(idPago,esEfectivo,esPunto,esTarjeta) VALUES (251,'true','true','false');
INSERT INTO metodoPago(idPago,esEfectivo,esPunto,esTarjeta) VALUES (252,'false','true','false');
INSERT INTO metodoPago(idPago,esEfectivo,esPunto,esTarjeta) VALUES (253,'false','false','true');
INSERT INTO metodoPago(idPago,esEfectivo,esPunto,esTarjeta) VALUES (254,'false','false','true');
INSERT INTO metodoPago(idPago,esEfectivo,esPunto,esTarjeta) VALUES (255,'false','true','false');
INSERT INTO metodoPago(idPago,esEfectivo,esPunto,esTarjeta) VALUES (256,'false','true','false');
INSERT INTO metodoPago(idPago,esEfectivo,esPunto,esTarjeta) VALUES (257,'false','true','false');
INSERT INTO metodoPago(idPago,esEfectivo,esPunto,esTarjeta) VALUES (258,'false','false','true');
INSERT INTO metodoPago(idPago,esEfectivo,esPunto,esTarjeta) VALUES (259,'true','false','true');
INSERT INTO metodoPago(idPago,esEfectivo,esPunto,esTarjeta) VALUES (260,'true','false','true');
INSERT INTO metodoPago(idPago,esEfectivo,esPunto,esTarjeta) VALUES (261,'false','false','true');
INSERT INTO metodoPago(idPago,esEfectivo,esPunto,esTarjeta) VALUES (262,'true','false','true');
INSERT INTO metodoPago(idPago,esEfectivo,esPunto,esTarjeta) VALUES (263,'true','true','false');
INSERT INTO metodoPago(idPago,esEfectivo,esPunto,esTarjeta) VALUES (264,'false','true','false');
INSERT INTO metodoPago(idPago,esEfectivo,esPunto,esTarjeta) VALUES (265,'true','false','true');
INSERT INTO metodoPago(idPago,esEfectivo,esPunto,esTarjeta) VALUES (266,'true','false','true');
INSERT INTO metodoPago(idPago,esEfectivo,esPunto,esTarjeta) VALUES (267,'false','true','false');
INSERT INTO metodoPago(idPago,esEfectivo,esPunto,esTarjeta) VALUES (268,'false','false','true');
INSERT INTO metodoPago(idPago,esEfectivo,esPunto,esTarjeta) VALUES (269,'true','true','false');
INSERT INTO metodoPago(idPago,esEfectivo,esPunto,esTarjeta) VALUES (270,'true','false','true');
INSERT INTO metodoPago(idPago,esEfectivo,esPunto,esTarjeta) VALUES (271,'true','true','false');
INSERT INTO metodoPago(idPago,esEfectivo,esPunto,esTarjeta) VALUES (272,'true','false','true');
INSERT INTO metodoPago(idPago,esEfectivo,esPunto,esTarjeta) VALUES (273,'true','false','true');
INSERT INTO metodoPago(idPago,esEfectivo,esPunto,esTarjeta) VALUES (274,'true','false','true');
INSERT INTO metodoPago(idPago,esEfectivo,esPunto,esTarjeta) VALUES (275,'true','false','true');
INSERT INTO metodoPago(idPago,esEfectivo,esPunto,esTarjeta) VALUES (276,'true','true','false');
INSERT INTO metodoPago(idPago,esEfectivo,esPunto,esTarjeta) VALUES (277,'false','false','true');
INSERT INTO metodoPago(idPago,esEfectivo,esPunto,esTarjeta) VALUES (278,'false','false','true');
INSERT INTO metodoPago(idPago,esEfectivo,esPunto,esTarjeta) VALUES (279,'true','true','false');
INSERT INTO metodoPago(idPago,esEfectivo,esPunto,esTarjeta) VALUES (280,'true','true','false');
INSERT INTO metodoPago(idPago,esEfectivo,esPunto,esTarjeta) VALUES (281,'true','true','false');
INSERT INTO metodoPago(idPago,esEfectivo,esPunto,esTarjeta) VALUES (282,'true','true','false');
INSERT INTO metodoPago(idPago,esEfectivo,esPunto,esTarjeta) VALUES (283,'false','false','true');
INSERT INTO metodoPago(idPago,esEfectivo,esPunto,esTarjeta) VALUES (284,'true','true','false');
INSERT INTO metodoPago(idPago,esEfectivo,esPunto,esTarjeta) VALUES (285,'true','false','true');
INSERT INTO metodoPago(idPago,esEfectivo,esPunto,esTarjeta) VALUES (286,'false','false','true');
INSERT INTO metodoPago(idPago,esEfectivo,esPunto,esTarjeta) VALUES (287,'true','true','false');
INSERT INTO metodoPago(idPago,esEfectivo,esPunto,esTarjeta) VALUES (288,'false','true','false');
INSERT INTO metodoPago(idPago,esEfectivo,esPunto,esTarjeta) VALUES (289,'false','true','false');
INSERT INTO metodoPago(idPago,esEfectivo,esPunto,esTarjeta) VALUES (290,'false','false','true');
INSERT INTO metodoPago(idPago,esEfectivo,esPunto,esTarjeta) VALUES (291,'true','false','true');
INSERT INTO metodoPago(idPago,esEfectivo,esPunto,esTarjeta) VALUES (292,'false','false','true');
INSERT INTO metodoPago(idPago,esEfectivo,esPunto,esTarjeta) VALUES (293,'false','false','true');
INSERT INTO metodoPago(idPago,esEfectivo,esPunto,esTarjeta) VALUES (294,'true','false','true');
INSERT INTO metodoPago(idPago,esEfectivo,esPunto,esTarjeta) VALUES (295,'true','true','false');
INSERT INTO metodoPago(idPago,esEfectivo,esPunto,esTarjeta) VALUES (296,'true','true','false');
INSERT INTO metodoPago(idPago,esEfectivo,esPunto,esTarjeta) VALUES (297,'true','true','false');
INSERT INTO metodoPago(idPago,esEfectivo,esPunto,esTarjeta) VALUES (298,'true','false','true');
INSERT INTO metodoPago(idPago,esEfectivo,esPunto,esTarjeta) VALUES (299,'true','true','false');
INSERT INTO metodoPago(idPago,esEfectivo,esPunto,esTarjeta) VALUES (300,'false','false','true');

-- PRECIO

INSERT INTO precio(idProducto,precio,valor,fecha) VALUES (27,268,301,'2022-03-21');
INSERT INTO precio(idProducto,precio,valor,fecha) VALUES (6,224,218,'2022-05-28');
INSERT INTO precio(idProducto,precio,valor,fecha) VALUES (25,124,79,'2022-02-15');
INSERT INTO precio(idProducto,precio,valor,fecha) VALUES (39,176,54,'2022-03-08');
INSERT INTO precio(idProducto,precio,valor,fecha) VALUES (2,89,231,'2022-01-25');
INSERT INTO precio(idProducto,precio,valor,fecha) VALUES (16,261,210,'2021-12-16');
INSERT INTO precio(idProducto,precio,valor,fecha) VALUES (15,103,291,'2022-05-05');
INSERT INTO precio(idProducto,precio,valor,fecha) VALUES (3,344,116,'2021-07-10');
INSERT INTO precio(idProducto,precio,valor,fecha) VALUES (36,384,88,'2021-10-26');
INSERT INTO precio(idProducto,precio,valor,fecha) VALUES (35,225,353,'2021-08-13');
INSERT INTO precio(idProducto,precio,valor,fecha) VALUES (40,24,122,'2021-09-26');
INSERT INTO precio(idProducto,precio,valor,fecha) VALUES (35,144,314,'2021-06-29');
INSERT INTO precio(idProducto,precio,valor,fecha) VALUES (25,49,27,'2022-01-08');
INSERT INTO precio(idProducto,precio,valor,fecha) VALUES (22,118,328,'2021-08-05');
INSERT INTO precio(idProducto,precio,valor,fecha) VALUES (19,363,72,'2021-10-17');
INSERT INTO precio(idProducto,precio,valor,fecha) VALUES (29,47,133,'2021-10-18');
INSERT INTO precio(idProducto,precio,valor,fecha) VALUES (37,161,53,'2021-07-27');
INSERT INTO precio(idProducto,precio,valor,fecha) VALUES (36,86,65,'2021-07-21');
INSERT INTO precio(idProducto,precio,valor,fecha) VALUES (7,76,46,'2021-08-13');
INSERT INTO precio(idProducto,precio,valor,fecha) VALUES (10,178,223,'2022-02-24');
INSERT INTO precio(idProducto,precio,valor,fecha) VALUES (30,223,255,'2022-03-18');
INSERT INTO precio(idProducto,precio,valor,fecha) VALUES (18,88,314,'2021-12-12');
INSERT INTO precio(idProducto,precio,valor,fecha) VALUES (23,141,28,'2021-08-19');
INSERT INTO precio(idProducto,precio,valor,fecha) VALUES (11,300,100,'2021-11-15');
INSERT INTO precio(idProducto,precio,valor,fecha) VALUES (14,117,388,'2021-11-08');
INSERT INTO precio(idProducto,precio,valor,fecha) VALUES (38,254,210,'2022-04-05');
INSERT INTO precio(idProducto,precio,valor,fecha) VALUES (41,375,184,'2022-06-04');
INSERT INTO precio(idProducto,precio,valor,fecha) VALUES (13,75,312,'2022-05-14');
INSERT INTO precio(idProducto,precio,valor,fecha) VALUES (27,226,141,'2021-06-11');
INSERT INTO precio(idProducto,precio,valor,fecha) VALUES (4,214,395,'2021-09-23');
INSERT INTO precio(idProducto,precio,valor,fecha) VALUES (34,58,311,'2021-06-19');
INSERT INTO precio(idProducto,precio,valor,fecha) VALUES (6,231,229,'2021-10-05');
INSERT INTO precio(idProducto,precio,valor,fecha) VALUES (25,333,236,'2021-07-01');
INSERT INTO precio(idProducto,precio,valor,fecha) VALUES (13,244,122,'2021-12-08');
INSERT INTO precio(idProducto,precio,valor,fecha) VALUES (23,78,27,'2022-01-19');
INSERT INTO precio(idProducto,precio,valor,fecha) VALUES (28,164,150,'2021-10-11');
INSERT INTO precio(idProducto,precio,valor,fecha) VALUES (10,34,33,'2021-11-11');
INSERT INTO precio(idProducto,precio,valor,fecha) VALUES (9,279,170,'2021-08-05');
INSERT INTO precio(idProducto,precio,valor,fecha) VALUES (27,263,306,'2022-02-15');
INSERT INTO precio(idProducto,precio,valor,fecha) VALUES (12,95,98,'2021-06-23');
INSERT INTO precio(idProducto,precio,valor,fecha) VALUES (33,111,22,'2021-08-06');
INSERT INTO precio(idProducto,precio,valor,fecha) VALUES (5,196,10,'2022-01-06');
INSERT INTO precio(idProducto,precio,valor,fecha) VALUES (3,341,400,'2021-06-29');
INSERT INTO precio(idProducto,precio,valor,fecha) VALUES (17,26,129,'2021-10-24');
INSERT INTO precio(idProducto,precio,valor,fecha) VALUES (26,327,384,'2022-01-03');
INSERT INTO precio(idProducto,precio,valor,fecha) VALUES (34,273,79,'2021-08-12');
INSERT INTO precio(idProducto,precio,valor,fecha) VALUES (20,325,171,'2021-09-08');
INSERT INTO precio(idProducto,precio,valor,fecha) VALUES (25,198,310,'2021-11-12');
INSERT INTO precio(idProducto,precio,valor,fecha) VALUES (31,168,344,'2021-08-23');
INSERT INTO precio(idProducto,precio,valor,fecha) VALUES (17,98,125,'2022-01-18');
INSERT INTO precio(idProducto,precio,valor,fecha) VALUES (41,122,172,'2022-06-01');
INSERT INTO precio(idProducto,precio,valor,fecha) VALUES (6,282,236,'2022-04-22');
INSERT INTO precio(idProducto,precio,valor,fecha) VALUES (3,307,318,'2022-04-09');
INSERT INTO precio(idProducto,precio,valor,fecha) VALUES (8,197,28,'2021-08-31');
INSERT INTO precio(idProducto,precio,valor,fecha) VALUES (32,59,98,'2021-10-07');
INSERT INTO precio(idProducto,precio,valor,fecha) VALUES (21,222,313,'2022-01-30');
INSERT INTO precio(idProducto,precio,valor,fecha) VALUES (18,328,18,'2021-09-18');
INSERT INTO precio(idProducto,precio,valor,fecha) VALUES (9,381,149,'2022-01-20');
INSERT INTO precio(idProducto,precio,valor,fecha) VALUES (20,90,217,'2021-10-08');
INSERT INTO precio(idProducto,precio,valor,fecha) VALUES (23,199,244,'2022-05-27');
INSERT INTO precio(idProducto,precio,valor,fecha) VALUES (3,182,100,'2021-07-11');
INSERT INTO precio(idProducto,precio,valor,fecha) VALUES (25,220,84,'2021-10-02');
INSERT INTO precio(idProducto,precio,valor,fecha) VALUES (13,262,16,'2021-10-21');
INSERT INTO precio(idProducto,precio,valor,fecha) VALUES (5,53,100,'2021-10-07');
INSERT INTO precio(idProducto,precio,valor,fecha) VALUES (10,121,263,'2022-05-30');
INSERT INTO precio(idProducto,precio,valor,fecha) VALUES (15,331,44,'2021-07-18');
INSERT INTO precio(idProducto,precio,valor,fecha) VALUES (28,148,79,'2022-04-08');
INSERT INTO precio(idProducto,precio,valor,fecha) VALUES (16,91,88,'2021-09-07');
INSERT INTO precio(idProducto,precio,valor,fecha) VALUES (11,180,240,'2022-01-05');
INSERT INTO precio(idProducto,precio,valor,fecha) VALUES (2,171,148,'2022-01-21');
INSERT INTO precio(idProducto,precio,valor,fecha) VALUES (15,80,208,'2022-02-22');
INSERT INTO precio(idProducto,precio,valor,fecha) VALUES (19,232,330,'2022-01-03');
INSERT INTO precio(idProducto,precio,valor,fecha) VALUES (32,247,74,'2021-07-08');
INSERT INTO precio(idProducto,precio,valor,fecha) VALUES (38,360,142,'2022-02-20');
INSERT INTO precio(idProducto,precio,valor,fecha) VALUES (14,112,398,'2021-06-28');
INSERT INTO precio(idProducto,precio,valor,fecha) VALUES (40,156,18,'2022-03-10');
INSERT INTO precio(idProducto,precio,valor,fecha) VALUES (23,9,54,'2021-06-15');
INSERT INTO precio(idProducto,precio,valor,fecha) VALUES (4,351,315,'2021-11-08');
INSERT INTO precio(idProducto,precio,valor,fecha) VALUES (7,376,100,'2022-03-16');
INSERT INTO precio(idProducto,precio,valor,fecha) VALUES (18,120,386,'2021-09-02');
INSERT INTO precio(idProducto,precio,valor,fecha) VALUES (19,347,305,'2021-11-04');
INSERT INTO precio(idProducto,precio,valor,fecha) VALUES (22,62,57,'2021-07-27');
INSERT INTO precio(idProducto,precio,valor,fecha) VALUES (11,253,325,'2022-02-24');
INSERT INTO precio(idProducto,precio,valor,fecha) VALUES (24,63,315,'2022-05-18');
INSERT INTO precio(idProducto,precio,valor,fecha) VALUES (2,167,354,'2022-02-28');
INSERT INTO precio(idProducto,precio,valor,fecha) VALUES (32,228,176,'2021-12-10');
INSERT INTO precio(idProducto,precio,valor,fecha) VALUES (39,251,256,'2021-09-03');
INSERT INTO precio(idProducto,precio,valor,fecha) VALUES (10,64,244,'2022-01-26');
INSERT INTO precio(idProducto,precio,valor,fecha) VALUES (20,66,114,'2022-02-27');
INSERT INTO precio(idProducto,precio,valor,fecha) VALUES (38,162,367,'2021-06-22');
INSERT INTO precio(idProducto,precio,valor,fecha) VALUES (1,334,141,'2022-03-27');
INSERT INTO precio(idProducto,precio,valor,fecha) VALUES (7,366,183,'2021-08-27');
INSERT INTO precio(idProducto,precio,valor,fecha) VALUES (22,38,229,'2021-10-05');
INSERT INTO precio(idProducto,precio,valor,fecha) VALUES (15,181,357,'2021-08-20');
INSERT INTO precio(idProducto,precio,valor,fecha) VALUES (8,213,213,'2021-09-20');
INSERT INTO precio(idProducto,precio,valor,fecha) VALUES (9,286,188,'2021-11-20');
INSERT INTO precio(idProducto,precio,valor,fecha) VALUES (41,355,124,'2021-06-29');
INSERT INTO precio(idProducto,precio,valor,fecha) VALUES (10,92,178,'2022-02-23');
INSERT INTO precio(idProducto,precio,valor,fecha) VALUES (2,152,246,'2022-06-08');
INSERT INTO precio(idProducto,precio,valor,fecha) VALUES (38,271,347,'2022-04-08');
INSERT INTO precio(idProducto,precio,valor,fecha) VALUES (8,69,18,'2021-09-27');
INSERT INTO precio(idProducto,precio,valor,fecha) VALUES (28,305,199,'2021-07-31');
INSERT INTO precio(idProducto,precio,valor,fecha) VALUES (21,173,37,'2021-06-21');
INSERT INTO precio(idProducto,precio,valor,fecha) VALUES (19,35,308,'2022-03-13');
INSERT INTO precio(idProducto,precio,valor,fecha) VALUES (26,138,383,'2022-02-26');
INSERT INTO precio(idProducto,precio,valor,fecha) VALUES (14,339,244,'2022-02-26');
INSERT INTO precio(idProducto,precio,valor,fecha) VALUES (13,314,359,'2022-01-05');
INSERT INTO precio(idProducto,precio,valor,fecha) VALUES (30,248,40,'2021-09-24');
INSERT INTO precio(idProducto,precio,valor,fecha) VALUES (20,179,284,'2022-03-25');
INSERT INTO precio(idProducto,precio,valor,fecha) VALUES (7,374,265,'2022-04-21');
INSERT INTO precio(idProducto,precio,valor,fecha) VALUES (27,48,12,'2022-05-29');
INSERT INTO precio(idProducto,precio,valor,fecha) VALUES (2,157,53,'2021-10-25');
INSERT INTO precio(idProducto,precio,valor,fecha) VALUES (3,28,130,'2022-01-16');
INSERT INTO precio(idProducto,precio,valor,fecha) VALUES (26,40,137,'2022-05-18');
INSERT INTO precio(idProducto,precio,valor,fecha) VALUES (30,82,152,'2022-05-30');
INSERT INTO precio(idProducto,precio,valor,fecha) VALUES (22,27,157,'2022-02-02');
INSERT INTO precio(idProducto,precio,valor,fecha) VALUES (6,321,212,'2022-01-05');
INSERT INTO precio(idProducto,precio,valor,fecha) VALUES (18,358,400,'2021-07-05');
INSERT INTO precio(idProducto,precio,valor,fecha) VALUES (12,392,243,'2022-02-14');
INSERT INTO precio(idProducto,precio,valor,fecha) VALUES (29,153,217,'2021-12-28');
INSERT INTO precio(idProducto,precio,valor,fecha) VALUES (11,277,134,'2021-08-10');
INSERT INTO precio(idProducto,precio,valor,fecha) VALUES (11,174,269,'2021-12-09');
INSERT INTO precio(idProducto,precio,valor,fecha) VALUES (28,272,390,'2021-11-09');
INSERT INTO precio(idProducto,precio,valor,fecha) VALUES (38,129,308,'2021-07-26');
INSERT INTO precio(idProducto,precio,valor,fecha) VALUES (31,349,150,'2022-02-13');
INSERT INTO precio(idProducto,precio,valor,fecha) VALUES (27,123,197,'2021-09-04');
INSERT INTO precio(idProducto,precio,valor,fecha) VALUES (33,364,385,'2021-12-14');
INSERT INTO precio(idProducto,precio,valor,fecha) VALUES (5,235,130,'2022-05-10');
INSERT INTO precio(idProducto,precio,valor,fecha) VALUES (12,269,100,'2022-01-31');
INSERT INTO precio(idProducto,precio,valor,fecha) VALUES (37,192,176,'2022-01-28');
INSERT INTO precio(idProducto,precio,valor,fecha) VALUES (26,22,9,'2022-02-07');
INSERT INTO precio(idProducto,precio,valor,fecha) VALUES (25,329,114,'2022-03-12');
INSERT INTO precio(idProducto,precio,valor,fecha) VALUES (23,378,320,'2021-09-02');
INSERT INTO precio(idProducto,precio,valor,fecha) VALUES (21,12,128,'2022-02-12');
INSERT INTO precio(idProducto,precio,valor,fecha) VALUES (2,51,229,'2021-11-09');
INSERT INTO precio(idProducto,precio,valor,fecha) VALUES (40,389,260,'2021-08-04');
INSERT INTO precio(idProducto,precio,valor,fecha) VALUES (10,316,82,'2022-03-02');
INSERT INTO precio(idProducto,precio,valor,fecha) VALUES (1,377,184,'2021-06-28');
INSERT INTO precio(idProducto,precio,valor,fecha) VALUES (39,342,164,'2022-05-05');
INSERT INTO precio(idProducto,precio,valor,fecha) VALUES (29,175,325,'2021-06-20');
INSERT INTO precio(idProducto,precio,valor,fecha) VALUES (8,87,304,'2022-02-16');
INSERT INTO precio(idProducto,precio,valor,fecha) VALUES (24,30,333,'2021-07-05');
INSERT INTO precio(idProducto,precio,valor,fecha) VALUES (18,18,98,'2021-08-13');
INSERT INTO precio(idProducto,precio,valor,fecha) VALUES (29,143,246,'2021-08-30');
INSERT INTO precio(idProducto,precio,valor,fecha) VALUES (15,215,237,'2021-06-26');
INSERT INTO precio(idProducto,precio,valor,fecha) VALUES (21,368,252,'2021-08-14');
INSERT INTO precio(idProducto,precio,valor,fecha) VALUES (5,324,47,'2021-10-26');
INSERT INTO precio(idProducto,precio,valor,fecha) VALUES (37,345,290,'2022-02-11');
INSERT INTO precio(idProducto,precio,valor,fecha) VALUES (6,145,226,'2021-12-10');
INSERT INTO precio(idProducto,precio,valor,fecha) VALUES (24,73,347,'2022-01-28');
INSERT INTO precio(idProducto,precio,valor,fecha) VALUES (23,212,45,'2021-10-30');
INSERT INTO precio(idProducto,precio,valor,fecha) VALUES (34,151,98,'2022-02-26');
INSERT INTO precio(idProducto,precio,valor,fecha) VALUES (19,155,392,'2022-01-22');
INSERT INTO precio(idProducto,precio,valor,fecha) VALUES (7,83,364,'2022-04-17');
INSERT INTO precio(idProducto,precio,valor,fecha) VALUES (31,163,272,'2021-11-28');
INSERT INTO precio(idProducto,precio,valor,fecha) VALUES (16,428,367,'2022-04-02');
INSERT INTO precio(idProducto,precio,valor,fecha) VALUES (17,189,357,'2022-03-02');
INSERT INTO precio(idProducto,precio,valor,fecha) VALUES (19,348,39,'2022-06-02');
INSERT INTO precio(idProducto,precio,valor,fecha) VALUES (38,8,326,'2022-02-11');
INSERT INTO precio(idProducto,precio,valor,fecha) VALUES (15,55,170,'2022-03-11');
INSERT INTO precio(idProducto,precio,valor,fecha) VALUES (30,74,141,'2022-02-20');
INSERT INTO precio(idProducto,precio,valor,fecha) VALUES (27,293,292,'2022-04-20');
INSERT INTO precio(idProducto,precio,valor,fecha) VALUES (34,285,399,'2021-12-29');
INSERT INTO precio(idProducto,precio,valor,fecha) VALUES (22,15,212,'2021-11-11');
INSERT INTO precio(idProducto,precio,valor,fecha) VALUES (33,229,326,'2022-04-29');
INSERT INTO precio(idProducto,precio,valor,fecha) VALUES (35,343,114,'2022-02-22');
INSERT INTO precio(idProducto,precio,valor,fecha) VALUES (13,240,218,'2021-08-16');
INSERT INTO precio(idProducto,precio,valor,fecha) VALUES (24,139,192,'2021-10-02');
INSERT INTO precio(idProducto,precio,valor,fecha) VALUES (1,60,35,'2022-04-11');
INSERT INTO precio(idProducto,precio,valor,fecha) VALUES (38,395,153,'2021-06-22');
INSERT INTO precio(idProducto,precio,valor,fecha) VALUES (34,146,177,'2022-02-03');
INSERT INTO precio(idProducto,precio,valor,fecha) VALUES (11,257,58,'2021-07-05');
INSERT INTO precio(idProducto,precio,valor,fecha) VALUES (20,357,356,'2021-09-04');
INSERT INTO precio(idProducto,precio,valor,fecha) VALUES (7,93,62,'2022-03-12');
INSERT INTO precio(idProducto,precio,valor,fecha) VALUES (22,177,12,'2021-11-09');
INSERT INTO precio(idProducto,precio,valor,fecha) VALUES (27,134,332,'2022-01-04');
INSERT INTO precio(idProducto,precio,valor,fecha) VALUES (32,13,369,'2022-03-18');
INSERT INTO precio(idProducto,precio,valor,fecha) VALUES (34,119,68,'2021-09-09');
INSERT INTO precio(idProducto,precio,valor,fecha) VALUES (2,39,41,'2022-03-09');
INSERT INTO precio(idProducto,precio,valor,fecha) VALUES (30,125,206,'2022-05-12');
INSERT INTO precio(idProducto,precio,valor,fecha) VALUES (24,56,324,'2022-03-16');
INSERT INTO precio(idProducto,precio,valor,fecha) VALUES (35,54,347,'2021-10-15');
INSERT INTO precio(idProducto,precio,valor,fecha) VALUES (13,312,236,'2022-05-15');
INSERT INTO precio(idProducto,precio,valor,fecha) VALUES (26,36,59,'2021-10-06');
INSERT INTO precio(idProducto,precio,valor,fecha) VALUES (18,369,172,'2021-10-11');
INSERT INTO precio(idProducto,precio,valor,fecha) VALUES (12,77,53,'2022-05-15');
INSERT INTO precio(idProducto,precio,valor,fecha) VALUES (6,295,77,'2021-10-29');
INSERT INTO precio(idProducto,precio,valor,fecha) VALUES (28,390,334,'2022-02-28');
INSERT INTO precio(idProducto,precio,valor,fecha) VALUES (23,159,63,'2021-12-19');
INSERT INTO precio(idProducto,precio,valor,fecha) VALUES (40,386,223,'2022-02-08');
INSERT INTO precio(idProducto,precio,valor,fecha) VALUES (30,243,348,'2021-10-18');
INSERT INTO precio(idProducto,precio,valor,fecha) VALUES (8,172,138,'2021-12-18');
INSERT INTO precio(idProducto,precio,valor,fecha) VALUES (29,136,172,'2021-10-19');
INSERT INTO precio(idProducto,precio,valor,fecha) VALUES (1,183,100,'2022-04-16');
INSERT INTO precio(idProducto,precio,valor,fecha) VALUES (37,135,276,'2021-09-22');
INSERT INTO precio(idProducto,precio,valor,fecha) VALUES (24,217,321,'2021-11-19');
INSERT INTO precio(idProducto,precio,valor,fecha) VALUES (4,352,59,'2022-03-17');
INSERT INTO precio(idProducto,precio,valor,fecha) VALUES (9,126,108,'2022-05-04');
INSERT INTO precio(idProducto,precio,valor,fecha) VALUES (26,158,358,'2021-07-22');
INSERT INTO precio(idProducto,precio,valor,fecha) VALUES (16,379,129,'2022-06-01');
INSERT INTO precio(idProducto,precio,valor,fecha) VALUES (7,52,35,'2021-07-21');
INSERT INTO precio(idProducto,precio,valor,fecha) VALUES (9,373,339,'2021-07-01');
INSERT INTO precio(idProducto,precio,valor,fecha) VALUES (34,813,247,'2022-05-17');
INSERT INTO precio(idProducto,precio,valor,fecha) VALUES (12,367,90,'2022-03-10');
INSERT INTO precio(idProducto,precio,valor,fecha) VALUES (8,19,144,'2021-09-21');
INSERT INTO precio(idProducto,precio,valor,fecha) VALUES (17,132,42,'2021-09-07');
INSERT INTO precio(idProducto,precio,valor,fecha) VALUES (33,289,98,'2021-11-07');
INSERT INTO precio(idProducto,precio,valor,fecha) VALUES (13,23,137,'2021-09-01');
INSERT INTO precio(idProducto,precio,valor,fecha) VALUES (11,234,285,'2022-01-01');
INSERT INTO precio(idProducto,precio,valor,fecha) VALUES (22,252,94,'2021-11-13');
INSERT INTO precio(idProducto,precio,valor,fecha) VALUES (14,221,385,'2021-09-20');
INSERT INTO precio(idProducto,precio,valor,fecha) VALUES (28,33,203,'2021-07-05');
INSERT INTO precio(idProducto,precio,valor,fecha) VALUES (25,322,102,'2021-07-05');
INSERT INTO precio(idProducto,precio,valor,fecha) VALUES (31,165,250,'2021-07-23');
INSERT INTO precio(idProducto,precio,valor,fecha) VALUES (38,68,35,'2021-07-01');
INSERT INTO precio(idProducto,precio,valor,fecha) VALUES (40,335,50,'2021-07-30');
INSERT INTO precio(idProducto,precio,valor,fecha) VALUES (10,239,290,'2021-07-14');
INSERT INTO precio(idProducto,precio,valor,fecha) VALUES (13,142,50,'2021-07-03');
INSERT INTO precio(idProducto,precio,valor,fecha) VALUES (21,149,312,'2022-05-10');
INSERT INTO precio(idProducto,precio,valor,fecha) VALUES (11,267,170,'2021-08-09');
INSERT INTO precio(idProducto,precio,valor,fecha) VALUES (32,79,87,'2021-11-23');
INSERT INTO precio(idProducto,precio,valor,fecha) VALUES (8,140,157,'2021-07-26');
INSERT INTO precio(idProducto,precio,valor,fecha) VALUES (37,249,294,'2021-12-10');
INSERT INTO precio(idProducto,precio,valor,fecha) VALUES (41,41,302,'2022-04-29');
INSERT INTO precio(idProducto,precio,valor,fecha) VALUES (15,309,385,'2022-01-20');
INSERT INTO precio(idProducto,precio,valor,fecha) VALUES (9,208,193,'2022-06-01');
INSERT INTO precio(idProducto,precio,valor,fecha) VALUES (20,274,326,'2021-10-07');
INSERT INTO precio(idProducto,precio,valor,fecha) VALUES (5,209,376,'2021-06-28');
INSERT INTO precio(idProducto,precio,valor,fecha) VALUES (4,370,184,'2022-03-26');
INSERT INTO precio(idProducto,precio,valor,fecha) VALUES (17,106,344,'2021-11-26');

-- TACO

INSERT INTO taco(idProducto) VALUES (1);
INSERT INTO taco(idProducto) VALUES (2);
INSERT INTO taco(idProducto) VALUES (3);
INSERT INTO taco(idProducto) VALUES (4);
INSERT INTO taco(idProducto) VALUES (5);
INSERT INTO taco(idProducto) VALUES (6);
INSERT INTO taco(idProducto) VALUES (7);


-- TORTA

INSERT INTO torta(idProducto) VALUES (8);
INSERT INTO torta(idProducto) VALUES (9);
INSERT INTO torta(idProducto) VALUES (10);
INSERT INTO torta(idProducto) VALUES (11);
INSERT INTO torta(idProducto) VALUES (12);
INSERT INTO torta(idProducto) VALUES (13);

-- PLATILLO MEXICANO

INSERT INTO platilloMexicano(idProducto) VALUES (14);
INSERT INTO platilloMexicano(idProducto) VALUES (15);
INSERT INTO platilloMexicano(idProducto) VALUES (16);
INSERT INTO platilloMexicano(idProducto) VALUES (17);

-- BURRITO

INSERT INTO burrito(idProducto) VALUES (18);
INSERT INTO burrito(idProducto) VALUES (19);
INSERT INTO burrito(idProducto) VALUES (20);
INSERT INTO burrito(idProducto) VALUES (21);

-- GRINGA

INSERT INTO gringa(idProducto) VALUES (22);
INSERT INTO gringa(idProducto) VALUES (23);
INSERT INTO gringa(idProducto) VALUES (24);
INSERT INTO gringa(idProducto) VALUES (25);
INSERT INTO gringa(idProducto) VALUES (26);
INSERT INTO gringa(idProducto) VALUES (27);

-- QUESADILLA

INSERT INTO quesadilla(idProducto) VALUES (28);
INSERT INTO quesadilla(idProducto) VALUES (29);
INSERT INTO quesadilla(idProducto) VALUES (30);
INSERT INTO quesadilla(idProducto) VALUES (31);
INSERT INTO quesadilla(idProducto) VALUES (32);
INSERT INTO quesadilla(idProducto) VALUES (33);

-- BEBIDA

INSERT INTO bebida(idProducto) VALUES (34);
INSERT INTO bebida(idProducto) VALUES (35);
INSERT INTO bebida(idProducto) VALUES (36);

-- SALSA

INSERT INTO salsa(idProducto,recomendacion,nivelPicor,presentacion) VALUES (37,'Taco de pastor',1,2);
INSERT INTO salsa(idProducto,recomendacion,nivelPicor,presentacion) VALUES (38,'Torta de bistec',2,3);
INSERT INTO salsa(idProducto,recomendacion,nivelPicor,presentacion) VALUES (39,'Burrito jr.',3,1);
INSERT INTO salsa(idProducto,recomendacion,nivelPicor,presentacion) VALUES (40,'Gringa de pastor',4,1);
INSERT INTO salsa(idProducto,recomendacion,nivelPicor,presentacion) VALUES (41,'Quesadilla de huitlacoche',5,3);


-- PERSONA

INSERT INTO persona(idPersona,rfcSucursal,nombre,pat,mat,edo,calle,num,cp,correo,curp,rfc,nss,salario,antiguedad,fechaNac,puntos,esEmpleado,esCliente) VALUES (1,'JOAC591637UC3','Bertram','Ovenden','Quinnelly','Zacatecas','Victoria',92,'11788','bquinnelly0@reuters.com','IUNV131931HZSXZS90','LOFI320216EMD','76246514814',39335.107,63,'2004-01-07',127,'true','false');
INSERT INTO persona(idPersona,rfcSucursal,nombre,pat,mat,edo,calle,num,cp,correo,curp,rfc,nss,salario,antiguedad,fechaNac,puntos,esEmpleado,esCliente) VALUES (2,'FAYW200836SC8','Viviana','Emptage','Riddle','Oaxaca','Corben',22900,'43940','vriddle1@google.ca','REJF151601HNEZZZZ7','FODM8306319T3','08962139051',28363.426,23,'2002-08-19',339,'true','true');
INSERT INTO persona(idPersona,rfcSucursal,nombre,pat,mat,edo,calle,num,cp,correo,curp,rfc,nss,salario,antiguedad,fechaNac,puntos,esEmpleado,esCliente) VALUES (3,'IUYT290613116','Shauna','Bilsford','Seacombe','Tamaulipas','Manley',98,'79575','sseacombe2@quantcast.com','RONC210928MNERZZ25','YEMV461200F14','97564185721',40443.377,22,'1980-03-21',139,'true','true');
INSERT INTO persona(idPersona,rfcSucursal,nombre,pat,mat,edo,calle,num,cp,correo,curp,rfc,nss,salario,antiguedad,fechaNac,puntos,esEmpleado,esCliente) VALUES (4,'QOLH310124B3J','Emmie','Thorpe','Flaune','Jalisco','Mifflin',865,'76552','eflaune3@woothemes.com','MUXZ901436HNEZVZ22','WAEY4515314P4','12364224798',37984.512,90,'1982-09-17',790,'false','true');
INSERT INTO persona(idPersona,rfcSucursal,nombre,pat,mat,edo,calle,num,cp,correo,curp,rfc,nss,salario,antiguedad,fechaNac,puntos,esEmpleado,esCliente) VALUES (5,'MESL7912270IQ','Blakelee','Scothron','Dunphie','Chiapas','Petterle',549,'95733','bdunphie4@apple.com','VUPI631900HNEZVZW5','QUUD381527A4D','90695191970',31583.609,6,'1980-10-24',748,'false','false');
INSERT INTO persona(idPersona,rfcSucursal,nombre,pat,mat,edo,calle,num,cp,correo,curp,rfc,nss,salario,antiguedad,fechaNac,puntos,esEmpleado,esCliente) VALUES (6,'VUYC561808C17','Denny','Tomaselli','Wanderschek','Oaxaca','Melby',21,'43169','dwanderschek5@dropbox.com','DUIU791403MTSXXXX7','JUIV3912003U2','00056819552',44700.049,38,'1980-10-25',268,'false','true');
INSERT INTO persona(idPersona,rfcSucursal,nombre,pat,mat,edo,calle,num,cp,correo,curp,rfc,nss,salario,antiguedad,fechaNac,puntos,esEmpleado,esCliente) VALUES (7,'KAHP29103995C','Kent','Tansey','Howick','Nuevo Leon','Doe Crossing',092,'08011','khowick6@gizmodo.com','LUBJ391239MNEXZZB2','RUTU581705YZI','69184077886',36222.888,58,'1982-12-29',124,'true','true');
INSERT INTO persona(idPersona,rfcSucursal,nombre,pat,mat,edo,calle,num,cp,correo,curp,rfc,nss,salario,antiguedad,fechaNac,puntos,esEmpleado,esCliente) VALUES (8,'WURB800325UD8','Lissie','Spaxman','Ivushkin','Jalisco','Porter',5452,'91792','livushkin7@ycombinator.com','XIJH610023MNEXTX54','XUPN920230453','96018978503',26927.776,67,'1971-10-28',835,'true','true');
INSERT INTO persona(idPersona,rfcSucursal,nombre,pat,mat,edo,calle,num,cp,correo,curp,rfc,nss,salario,antiguedad,fechaNac,puntos,esEmpleado,esCliente) VALUES (9,'QURU260117138','Guinna','Bapty','Bigby','Guerrero','Bluestem',32652,'90256','gbigby8@soundcloud.com','AUNL961031HNEVZZY8','RUFB130101W12','80813899521',25958.893,77,'1990-09-01',580,'true','true');
INSERT INTO persona(idPersona,rfcSucursal,nombre,pat,mat,edo,calle,num,cp,correo,curp,rfc,nss,salario,antiguedad,fechaNac,puntos,esEmpleado,esCliente) VALUES (10,'DAEO270010PT4','Benoite','Garrals','Tait','Tamaulipas','Autumn Leaf',50,'67447','btait9@behance.net','DUGD930737MTLZVZ84','WUEZ4007099R3','22016871585',12822.365,53,'1974-08-18',601,'false','true');
INSERT INTO persona(idPersona,rfcSucursal,nombre,pat,mat,edo,calle,num,cp,correo,curp,rfc,nss,salario,antiguedad,fechaNac,puntos,esEmpleado,esCliente) VALUES (11,'MEGU930811TL3','Angie','Bernardot','Gress','Coahuila De Zaragoza','Parkside',48,'25589','agressa@t.co','CUBG261628MNEZZV32','ZOZB680825B25','56707456582',10365.744,65,'1970-11-21',164,'true','true');
INSERT INTO persona(idPersona,rfcSucursal,nombre,pat,mat,edo,calle,num,cp,correo,curp,rfc,nss,salario,antiguedad,fechaNac,puntos,esEmpleado,esCliente) VALUES (12,'AOYI910101689','Karrie','Goulbourn','Whates','Puebla','Merchant',6,'98982','kwhatesb@sitemeter.com','ZUQY641122MNEXXZR4','OOCA740119972','59331384987',27366.397,2,'1972-08-06',592,'true','false');
INSERT INTO persona(idPersona,rfcSucursal,nombre,pat,mat,edo,calle,num,cp,correo,curp,rfc,nss,salario,antiguedad,fechaNac,puntos,esEmpleado,esCliente) VALUES (13,'QOLH310124B3J','Mia','Macvain','Fray','Guerrero','Logan',85,'25165','mfrayc@pagesperso-orange.fr','BIEO471632HZSZZZ88','XIRD081729P12','02651129408',14992.456,60,'1971-09-21',909,'false','true');
INSERT INTO persona(idPersona,rfcSucursal,nombre,pat,mat,edo,calle,num,cp,correo,curp,rfc,nss,salario,antiguedad,fechaNac,puntos,esEmpleado,esCliente) VALUES (14,'KAHP29103995C','Elaine','McCrum','Inkles','Chiapas','Memorial',8317,'85669','einklesd@fema.gov','COIC241625HNEVZT12','MUNX960633HIM','88675803704',40641.064,40,'1975-07-20',328,'false','false');
INSERT INTO persona(idPersona,rfcSucursal,nombre,pat,mat,edo,calle,num,cp,correo,curp,rfc,nss,salario,antiguedad,fechaNac,puntos,esEmpleado,esCliente) VALUES (15,'MEGU930811TL3','Pepita','Rowantree','Twiddy','Veracruz Llave','Stang',03,'66691','ptwiddye@ycombinator.com','YIMW650400MZSZTZS1','HUPL08012999Q','50580842236',26965.606,35,'1980-11-12',37,'false','false');
INSERT INTO persona(idPersona,rfcSucursal,nombre,pat,mat,edo,calle,num,cp,correo,curp,rfc,nss,salario,antiguedad,fechaNac,puntos,esEmpleado,esCliente) VALUES (16,'QUZL111830GG0','Ardisj','Camin','Mawby','Veracruz Llave','Mcguire',45,'20070','amawbyf@sciencedaily.com','PUBV870235MNEZZXR8','DUIO4813279DV','99397051188',34824.969,24,'1971-08-10',524,'true','false');
INSERT INTO persona(idPersona,rfcSucursal,nombre,pat,mat,edo,calle,num,cp,correo,curp,rfc,nss,salario,antiguedad,fechaNac,puntos,esEmpleado,esCliente) VALUES (17,'XUQX6316033H9','Katuscha','Derye-Barrett','Cuerdale','Chihuahua','Hanson',130,'95467','kcuerdaleg@pcworld.com','JUUM090412HZSZZVD5','CUPA71023602J','28726584316',26773.44,60,'1983-10-11',264,'false','false');
INSERT INTO persona(idPersona,rfcSucursal,nombre,pat,mat,edo,calle,num,cp,correo,curp,rfc,nss,salario,antiguedad,fechaNac,puntos,esEmpleado,esCliente) VALUES (18,'QURU260117138','Minta','Sheere','Cicccitti','Veracruz Llave','Merchant',63,'96108','mcicccittih@biglobe.ne.jp','ZADY110532MNEVZX91','YOVF580735DH5','57850757240',21222.136,47,'1984-05-29',708,'true','true');
INSERT INTO persona(idPersona,rfcSucursal,nombre,pat,mat,edo,calle,num,cp,correo,curp,rfc,nss,salario,antiguedad,fechaNac,puntos,esEmpleado,esCliente) VALUES (19,'SUXF421335376','Brit','Larose','O''Crowley','Veracruz Llave','Columbus',4,'90527','bocrowleyi@dmoz.org','HEUY631120HNEQZXM1','JIWJ761422PXV','33528223507',42883.601,15,'1998-02-03',793,'true','true');
INSERT INTO persona(idPersona,rfcSucursal,nombre,pat,mat,edo,calle,num,cp,correo,curp,rfc,nss,salario,antiguedad,fechaNac,puntos,esEmpleado,esCliente) VALUES (20,'YEAV261025N29','Raffarty','Christauffour','Shewring','Jalisco','Butternut',4906,'06743','rshewringj@ucoz.ru','ROWO301211MZSZZZ09','MUUY13091416D','45546916353',36400.401,58,'1985-06-18',1000,'false','true');
INSERT INTO persona(idPersona,rfcSucursal,nombre,pat,mat,edo,calle,num,cp,correo,curp,rfc,nss,salario,antiguedad,fechaNac,puntos,esEmpleado,esCliente) VALUES (21,'TUFA9801296O4','Clare','Schechter','Bratcher','Chiapas','Merchant',414,'75490','cbratcherk@businessinsider.com','GEQX801204HNEZZX49','LUOL710937I3X','21284077528',45678.36,82,'1982-10-01',288,'false','true');
INSERT INTO persona(idPersona,rfcSucursal,nombre,pat,mat,edo,calle,num,cp,correo,curp,rfc,nss,salario,antiguedad,fechaNac,puntos,esEmpleado,esCliente) VALUES (22,'IUYT290613116','Kienan','Sharville','Furneaux','Yucatan','Gerald',4891,'48000','kfurneauxl@businessinsider.com','LUJA870038MZSZZV80','ZOHA81053517L','91150537227',38123.653,51,'1993-06-29',600,'false','false');
INSERT INTO persona(idPersona,rfcSucursal,nombre,pat,mat,edo,calle,num,cp,correo,curp,rfc,nss,salario,antiguedad,fechaNac,puntos,esEmpleado,esCliente) VALUES (23,'FAYW200836SC8','Madelaine','McGennis','Gerger','Guerrero','Ilene',9757,'68878','mgergerm@seesaa.net','QUZG490421MNEZZPV2','DUQC620601Z0Q','19781705342',49866.612,84,'1976-08-22',597,'true','true');
INSERT INTO persona(idPersona,rfcSucursal,nombre,pat,mat,edo,calle,num,cp,correo,curp,rfc,nss,salario,antiguedad,fechaNac,puntos,esEmpleado,esCliente) VALUES (24,'JATS33101301U','Desmund','Lamyman','O''Toole','Chiapas','Hansons',99254,'97599','dotoolen@wp.com','RUDV410808MZSZTQ75','CUGF031110J85','31695189905',42382.061,18,'1999-10-16',182,'true','false');
INSERT INTO persona(idPersona,rfcSucursal,nombre,pat,mat,edo,calle,num,cp,correo,curp,rfc,nss,salario,antiguedad,fechaNac,puntos,esEmpleado,esCliente) VALUES (25,'SUXF421335376','Grenville','Helliar','Dawks','Nayarit','Dorton',2,'11639','gdawkso@sourceforge.net','CEUB820830HNEXVVK1','GOQD960229VSX','00544723274',26813.087,37,'1970-02-09',328,'true','true');
INSERT INTO persona(idPersona,rfcSucursal,nombre,pat,mat,edo,calle,num,cp,correo,curp,rfc,nss,salario,antiguedad,fechaNac,puntos,esEmpleado,esCliente) VALUES (26,'DAEO270010PT4','Asia','Stranks','Loutheane','Jalisco','6th',5,'85460','aloutheanep@nps.gov','YAJK401837HNEXQZQ9','CUMF230738A0V','89663558516',40604.59,68,'1999-05-12',211,'true','true');
INSERT INTO persona(idPersona,rfcSucursal,nombre,pat,mat,edo,calle,num,cp,correo,curp,rfc,nss,salario,antiguedad,fechaNac,puntos,esEmpleado,esCliente) VALUES (27,'QOLH310124B3J','Clemmie','Dennington','Wingeatt','Chihuahua','Manley',3123,'92527','cwingeattq@delicious.com','RIZQ341331MZSPVX86','FUGN61071400C','65235507018',49092.82,41,'1975-02-10',120,'false','true');
INSERT INTO persona(idPersona,rfcSucursal,nombre,pat,mat,edo,calle,num,cp,correo,curp,rfc,nss,salario,antiguedad,fechaNac,puntos,esEmpleado,esCliente) VALUES (28,'JOAC591637UC3','Chiarra','Binnall','Accum','Oaxaca','Farragut',1,'98694','caccumr@pagesperso-orange.fr','WUXR691104HNEZZXN5','YUED340330W6T','91322395021',40998.021,44,'2001-01-22',520,'true','true');
INSERT INTO persona(idPersona,rfcSucursal,nombre,pat,mat,edo,calle,num,cp,correo,curp,rfc,nss,salario,antiguedad,fechaNac,puntos,esEmpleado,esCliente) VALUES (29,'QUZL111830GG0','Jenna','MacEntee','Flippelli','Coahuila De Zaragoza','Loftsgordon',5667,'17453','jflippellis@posterous.com','AIKU850033HNEQTX91','WUCU191330GM8','51792632156',44235.032,81,'1987-03-05',951,'true','false');
INSERT INTO persona(idPersona,rfcSucursal,nombre,pat,mat,edo,calle,num,cp,correo,curp,rfc,nss,salario,antiguedad,fechaNac,puntos,esEmpleado,esCliente) VALUES (30,'JATS33101301U','Rab','Quincee','Hosier','Michoacan De Ocampo','Del Mar',4296,'74354','rhosiert@t-online.de','LIHQ091923HZSZZZ69','OUDZ260517QYB','58136649686',28165.791,69,'2004-04-27',86,'false','true');
INSERT INTO persona(idPersona,rfcSucursal,nombre,pat,mat,edo,calle,num,cp,correo,curp,rfc,nss,salario,antiguedad,fechaNac,puntos,esEmpleado,esCliente) VALUES (31,'MEGU930811TL3','Langston','Milby','Kopelman','Oaxaca','Glendale',35214,'96127','lkopelmanu@tinypic.com','YUIK360520HNETZZ92','UIIW6612347JF','45557614027',14419.199,77,'1982-12-30',405,'true','false');
INSERT INTO persona(idPersona,rfcSucursal,nombre,pat,mat,edo,calle,num,cp,correo,curp,rfc,nss,salario,antiguedad,fechaNac,puntos,esEmpleado,esCliente) VALUES (32,'KUEZ36143933T','Winny','Brucker','Ouver','Veracruz Llave','Eagan',929,'22014','wouverv@netscape.com','AOXP231525MZSVZRB8','TOVU4002371K9','45308921782',25596.947,26,'1997-07-01',447,'true','false');
INSERT INTO persona(idPersona,rfcSucursal,nombre,pat,mat,edo,calle,num,cp,correo,curp,rfc,nss,salario,antiguedad,fechaNac,puntos,esEmpleado,esCliente) VALUES (33,'VUYC561808C17','Hedvige','Dennett','Avramchik','Coahuila De Zaragoza','Melrose',89,'76285','havramchikw@bigcartel.com','QEVY110024HZSXZV19','AUKY301139QD6','96464392048',25004.695,43,'1988-07-27',724,'false','true');
INSERT INTO persona(idPersona,rfcSucursal,nombre,pat,mat,edo,calle,num,cp,correo,curp,rfc,nss,salario,antiguedad,fechaNac,puntos,esEmpleado,esCliente) VALUES (34,'AOYI910101689','Siegfried','Guerner','Winscum','Coahuila De Zaragoza','Dakota',3,'35658','swinscumx@cbslocal.com','SUYT121712HNEZQX14','CUOK9119341BI','21576860605',21003.392,9,'1983-05-25',991,'false','false');
INSERT INTO persona(idPersona,rfcSucursal,nombre,pat,mat,edo,calle,num,cp,correo,curp,rfc,nss,salario,antiguedad,fechaNac,puntos,esEmpleado,esCliente) VALUES (35,'FAYW200836SC8','Davine','Relph','Veare','Chihuahua','Sloan',5595,'77481','dvearey@gov.uk','BUWN051035HZSTZTT9','AOXK430525611','14558751903',39712.76,75,'1995-03-22',38,'false','false');
INSERT INTO persona(idPersona,rfcSucursal,nombre,pat,mat,edo,calle,num,cp,correo,curp,rfc,nss,salario,antiguedad,fechaNac,puntos,esEmpleado,esCliente) VALUES (36,'TUFA9801296O4','Farrah','Belleny','Barrowcliffe','Veracruz Llave','Menomonie',84,'00997','fbarrowcliffez@uol.com.br','JUNC330826HNEVVS37','ROIO471132L9E','61707759335',31866.89,55,'1979-01-02',165,'false','false');
INSERT INTO persona(idPersona,rfcSucursal,nombre,pat,mat,edo,calle,num,cp,correo,curp,rfc,nss,salario,antiguedad,fechaNac,puntos,esEmpleado,esCliente) VALUES (37,'KUEZ36143933T','Eddi','Shackel','Candish','Veracruz Llave','Fairfield',97,'79030','ecandish10@nationalgeographic.com','DINI151239HZSZTZE8','LIAO2913360F2','46283458579',36857.263,15,'1979-03-13',757,'false','false');
INSERT INTO persona(idPersona,rfcSucursal,nombre,pat,mat,edo,calle,num,cp,correo,curp,rfc,nss,salario,antiguedad,fechaNac,puntos,esEmpleado,esCliente) VALUES (38,'TUFA9801296O4','Miltie','Antonio','Huyhton','Guerrero','Utah',5237,'63409','mhuyhton11@walmart.com','TUMX020334MYNZVSD5','OEQP58033846W','57230462218',12732.746,59,'1999-04-26',755,'true','true');
INSERT INTO persona(idPersona,rfcSucursal,nombre,pat,mat,edo,calle,num,cp,correo,curp,rfc,nss,salario,antiguedad,fechaNac,puntos,esEmpleado,esCliente) VALUES (39,'MESL7912270IQ','Magdalene','Stead','Cluelow','Coahuila De Zaragoza','Shelley',4,'22692','mcluelow12@marriott.com','BOBW861732MZSZZZU0','BOLN1714204H7','75258925135',37777.752,63,'2004-04-06',63,'true','false');
INSERT INTO persona(idPersona,rfcSucursal,nombre,pat,mat,edo,calle,num,cp,correo,curp,rfc,nss,salario,antiguedad,fechaNac,puntos,esEmpleado,esCliente) VALUES (40,'QOLH310124B3J','Netta','Filtness','Loseke','Michoacan De Ocampo','Del Mar',74524,'08656','nloseke13@umich.edu','EUDC510432HZSZVXH0','HUOW6114043H9','88511164631',30623.744,81,'1981-10-28',680,'true','false');
INSERT INTO persona(idPersona,rfcSucursal,nombre,pat,mat,edo,calle,num,cp,correo,curp,rfc,nss,salario,antiguedad,fechaNac,puntos,esEmpleado,esCliente) VALUES (41,'MEGU930811TL3','Jsandye','Dacke','Behrens','Guerrero','Carberry',6556,'81926','jbehrens14@mozilla.org','UOFX961310MNEZZZ76','XEIK981232383','69279694152',16451.234,3,'1994-01-03',276,'false','false');
INSERT INTO persona(idPersona,rfcSucursal,nombre,pat,mat,edo,calle,num,cp,correo,curp,rfc,nss,salario,antiguedad,fechaNac,puntos,esEmpleado,esCliente) VALUES (42,'KAHP29103995C','Inger','Cheeke','Bawme','Puebla','Scoville',1,'75242','ibawme15@ebay.com','EUNK840730MVZXTX53','WUKJ5302107UW','72142849587',39377.753,45,'2000-11-07',659,'true','true');
INSERT INTO persona(idPersona,rfcSucursal,nombre,pat,mat,edo,calle,num,cp,correo,curp,rfc,nss,salario,antiguedad,fechaNac,puntos,esEmpleado,esCliente) VALUES (43,'FAYW200836SC8','Tisha','Fakes','Ballinghall','Distrito Federal','Veith',4519,'81521','tballinghall16@msn.com','FUWY311420MNEZZZE5','OAJG0306151CC','68499701783',37297.275,36,'1989-08-07',905,'false','true');
INSERT INTO persona(idPersona,rfcSucursal,nombre,pat,mat,edo,calle,num,cp,correo,curp,rfc,nss,salario,antiguedad,fechaNac,puntos,esEmpleado,esCliente) VALUES (44,'DAEO270010PT4','Clay','McIlhone','Cruikshanks','Veracruz Llave','Derek',1,'93130','ccruikshanks17@nhs.uk','VUFX490500HNEXZZ98','CASL650233N5J','16052180357',18399.372,81,'1998-03-30',524,'true','false');
INSERT INTO persona(idPersona,rfcSucursal,nombre,pat,mat,edo,calle,num,cp,correo,curp,rfc,nss,salario,antiguedad,fechaNac,puntos,esEmpleado,esCliente) VALUES (45,'JOAC591637UC3','Alyson','Godsal','Longhi','Veracruz Llave','Cottonwood',3,'15830','alonghi18@jalbum.net','IUQB551136MNEVTZS5','YIWF9607020V9','30465102652',39191.52,93,'1996-10-09',173,'true','true');
INSERT INTO persona(idPersona,rfcSucursal,nombre,pat,mat,edo,calle,num,cp,correo,curp,rfc,nss,salario,antiguedad,fechaNac,puntos,esEmpleado,esCliente) VALUES (46,'SUXF421335376','Honey','Bloxam','Lowater','Veracruz Llave','Sachtjen',78785,'83608','hlowater19@mozilla.com','YUHI510935HNEXZZ29','MUYN40101851B','05500800896',24368.55,15,'1995-09-22',508,'false','true');
INSERT INTO persona(idPersona,rfcSucursal,nombre,pat,mat,edo,calle,num,cp,correo,curp,rfc,nss,salario,antiguedad,fechaNac,puntos,esEmpleado,esCliente) VALUES (47,'LUVK030421EIJ','Delmore','Siggens','Geere','Coahuila De Zaragoza','Schiller',8016,'22533','dgeere1a@biglobe.ne.jp','LUNX801618HNEZZZF9','UUPG510920J10','86262136402',19323.851,49,'1976-10-01',676,'true','false');
INSERT INTO persona(idPersona,rfcSucursal,nombre,pat,mat,edo,calle,num,cp,correo,curp,rfc,nss,salario,antiguedad,fechaNac,puntos,esEmpleado,esCliente) VALUES (48,'AOYI910101689','Marianna','Frankowski','McKerrow','Veracruz Llave','Coleman',890,'56221','mmckerrow1b@biblegateway.com','EUGS570437MZSXZVO5','AUSB1414223HG','61634583271',39687.497,3,'1991-05-31',538,'false','true');
INSERT INTO persona(idPersona,rfcSucursal,nombre,pat,mat,edo,calle,num,cp,correo,curp,rfc,nss,salario,antiguedad,fechaNac,puntos,esEmpleado,esCliente) VALUES (49,'QURU260117138','Neil','Jezzard','Coyne','Hidalgo','Jana',58,'33016','ncoyne1c@businessinsider.com','IEFY211625MNEXZZ68','TOYT910807I8W','19844380026',24356.408,79,'1984-03-11',215,'true','false');
INSERT INTO persona(idPersona,rfcSucursal,nombre,pat,mat,edo,calle,num,cp,correo,curp,rfc,nss,salario,antiguedad,fechaNac,puntos,esEmpleado,esCliente) VALUES (50,'AOYI910101689','Tobe','Aiken','Schoenfisch','Veracruz Llave','Service',7715,'34371','tschoenfisch1d@weather.com','DOQE501428MZSRVZB7','PUMN37063854L','37674807620',46352.695,33,'1988-02-17',636,'false','true');
INSERT INTO persona(idPersona,rfcSucursal,nombre,pat,mat,edo,calle,num,cp,correo,curp,rfc,nss,salario,antiguedad,fechaNac,puntos,esEmpleado,esCliente) VALUES (51,'MESL7912270IQ','Raimund','McElwee','Stronge','Veracruz Llave','Towne',895,'48377','rstronge1e@hhs.gov','SIAH411900HZSZXZW4','FUGP221327HQO','48702709122',18756.137,7,'1981-01-18',137,'false','true');
INSERT INTO persona(idPersona,rfcSucursal,nombre,pat,mat,edo,calle,num,cp,correo,curp,rfc,nss,salario,antiguedad,fechaNac,puntos,esEmpleado,esCliente) VALUES (52,'YEAV261025N29','Lemar','Jerger','Stegers','Tamaulipas','Manufacturers',0,'97005','lstegers1f@upenn.edu','WALJ631033MNEZZXF9','LUVG1005127QT','71858303550',27429.936,23,'1998-07-11',272,'false','false');
INSERT INTO persona(idPersona,rfcSucursal,nombre,pat,mat,edo,calle,num,cp,correo,curp,rfc,nss,salario,antiguedad,fechaNac,puntos,esEmpleado,esCliente) VALUES (53,'WURB800325UD8','Lindsey','Harrop','Vanderson','Tamaulipas','Bellgrove',1987,'19131','lvanderson1g@blogtalkradio.com','JUSA101936HNEXXZ60','DUZS9115225TA','68481971186',29906.239,49,'1998-09-04',961,'false','false');
INSERT INTO persona(idPersona,rfcSucursal,nombre,pat,mat,edo,calle,num,cp,correo,curp,rfc,nss,salario,antiguedad,fechaNac,puntos,esEmpleado,esCliente) VALUES (54,'MEGU930811TL3','Viv','Hemphrey','Raselles','Jalisco','Judy',6,'84089','vraselles1h@google.com.br','UAPE371531MZSZTZ75','FOBX871214BAZ','60489505753',36380.56,58,'1982-09-19',358,'true','true');
INSERT INTO persona(idPersona,rfcSucursal,nombre,pat,mat,edo,calle,num,cp,correo,curp,rfc,nss,salario,antiguedad,fechaNac,puntos,esEmpleado,esCliente) VALUES (55,'LUVK030421EIJ','Alexio','Lambricht','Serjeantson','Veracruz Llave','Sage',0211,'19361','aserjeantson1i@abc.net.au','IOPC631232MNEZZZI3','AOJE4606193C1','33300356617',17667.974,96,'1997-12-04',335,'true','false');
INSERT INTO persona(idPersona,rfcSucursal,nombre,pat,mat,edo,calle,num,cp,correo,curp,rfc,nss,salario,antiguedad,fechaNac,puntos,esEmpleado,esCliente) VALUES (56,'QUZL111830GG0','Daryl','Watling','Bernardeschi','Coahuila De Zaragoza','Ridgeview',75,'78745','dbernardeschi1j@timesonline.co.uk','DOJI550037HNEXXX44','YUXN241438XDA','74168300406',11596.279,27,'1985-10-06',811,'true','true');
INSERT INTO persona(idPersona,rfcSucursal,nombre,pat,mat,edo,calle,num,cp,correo,curp,rfc,nss,salario,antiguedad,fechaNac,puntos,esEmpleado,esCliente) VALUES (57,'DAEO270010PT4','Maighdiln','Loveguard','Hammarberg','Chiapas','Waxwing',58081,'10398','mhammarberg1k@com.com','VUUJ030233HZSZZZ66','OIMP91083832T','69952245951',40275.597,81,'1993-01-23',805,'true','false');
INSERT INTO persona(idPersona,rfcSucursal,nombre,pat,mat,edo,calle,num,cp,correo,curp,rfc,nss,salario,antiguedad,fechaNac,puntos,esEmpleado,esCliente) VALUES (58,'JATS33101301U','Rozelle','Baitey','Ilyin','Guerrero','Thackeray',3,'27832','rilyin1l@nhs.uk','QUQF321906HVZZXZ56','OUJL4006200KJ','16154741811',27488.447,44,'1971-03-20',173,'true','false');
INSERT INTO persona(idPersona,rfcSucursal,nombre,pat,mat,edo,calle,num,cp,correo,curp,rfc,nss,salario,antiguedad,fechaNac,puntos,esEmpleado,esCliente) VALUES (59,'FAYW200836SC8','Kassey','Potes','Westmacott','Oaxaca','Spenser',365,'70204','kwestmacott1m@hao123.com','JUIX021815HZSXZZ70','XAUA2716385Y0','95251833156',15549.093,100,'1994-08-13',671,'true','false');
INSERT INTO persona(idPersona,rfcSucursal,nombre,pat,mat,edo,calle,num,cp,correo,curp,rfc,nss,salario,antiguedad,fechaNac,puntos,esEmpleado,esCliente) VALUES (60,'XUQX6316033H9','Sanson','Alsobrook','Yatman','Chiapas','Parkside',025,'62670','syatman1n@dedecms.com','NUHM521523HZSVRZ86','SUDO500533008','05169795052',30373.275,70,'2002-09-24',738,'false','true');
INSERT INTO persona(idPersona,rfcSucursal,nombre,pat,mat,edo,calle,num,cp,correo,curp,rfc,nss,salario,antiguedad,fechaNac,puntos,esEmpleado,esCliente) VALUES (61,'QURU260117138','Rhodie','Boyse','Struthers','Coahuila De Zaragoza','Park Meadow',096,'15710','rstruthers1o@mashable.com','OUBI201939MNEZXZ39','IEBD660700J04','96643010592',48411.058,61,'1978-03-14',566,'true','true');
INSERT INTO persona(idPersona,rfcSucursal,nombre,pat,mat,edo,calle,num,cp,correo,curp,rfc,nss,salario,antiguedad,fechaNac,puntos,esEmpleado,esCliente) VALUES (62,'LUVK030421EIJ','Deanna','Bodker','Stocks','Veracruz Llave','Annamark',519,'02130','dstocks1p@tuttocitta.it','AAZB710635MNEZZZL7','HUGE3603265GV','06404395540',17801.915,1,'1973-11-10',773,'true','true');
INSERT INTO persona(idPersona,rfcSucursal,nombre,pat,mat,edo,calle,num,cp,correo,curp,rfc,nss,salario,antiguedad,fechaNac,puntos,esEmpleado,esCliente) VALUES (63,'WURB800325UD8','Karalee','Sherington','Jemmett','Michoacan De Ocampo','Morrow',9,'38466','kjemmett1q@surveymonkey.com','EUOU010921MZSZZZ75','AUSA511338OJB','04414122849',16045.968,33,'1992-03-22',533,'false','true');
INSERT INTO persona(idPersona,rfcSucursal,nombre,pat,mat,edo,calle,num,cp,correo,curp,rfc,nss,salario,antiguedad,fechaNac,puntos,esEmpleado,esCliente) VALUES (64,'SUXF421335376','Minta','Gommey','Pinks','Jalisco','Sage',312,'99188','mpinks1r@google.ru','GUMW540721MZSZZZX1','CODG221134Q7L','18980374262',49570.518,100,'1982-11-22',876,'false','false');
INSERT INTO persona(idPersona,rfcSucursal,nombre,pat,mat,edo,calle,num,cp,correo,curp,rfc,nss,salario,antiguedad,fechaNac,puntos,esEmpleado,esCliente) VALUES (65,'YEAV261025N29','Christie','Cristofolini','De Freitas','Chihuahua','Moulton',1706,'29076','cdefreitas1s@hibu.com','FUGB310638MNEVZZD2','EUWP48010325Y','31987080440',32077.822,51,'1993-08-19',170,'true','true');
INSERT INTO persona(idPersona,rfcSucursal,nombre,pat,mat,edo,calle,num,cp,correo,curp,rfc,nss,salario,antiguedad,fechaNac,puntos,esEmpleado,esCliente) VALUES (66,'AOYI910101689','Chelsie','Blees','Spellsworth','Guerrero','Utah',25718,'31246','cspellsworth1t@spotify.com','MOLO120812MZSXXV59','UUCT731732L43','94713379198',35082.316,67,'1979-06-24',62,'true','true');
INSERT INTO persona(idPersona,rfcSucursal,nombre,pat,mat,edo,calle,num,cp,correo,curp,rfc,nss,salario,antiguedad,fechaNac,puntos,esEmpleado,esCliente) VALUES (67,'JOAC591637UC3','Louisette','Batty','Demaid','Guerrero','Quincy',3,'72246','ldemaid1u@msn.com','DESK731905HZSXTZ61','TOTP411539SLP','56564453745',40759.657,86,'1970-01-03',959,'false','false');
INSERT INTO persona(idPersona,rfcSucursal,nombre,pat,mat,edo,calle,num,cp,correo,curp,rfc,nss,salario,antiguedad,fechaNac,puntos,esEmpleado,esCliente) VALUES (68,'VUYC561808C17','Mignon','Mault','Dodell','Baja California','Utah',285,'15660','mdodell1v@amazon.co.uk','AURB770422HYNSVZ46','IOSF090612222','73918633989',46621.899,85,'1997-09-14',290,'false','false');
INSERT INTO persona(idPersona,rfcSucursal,nombre,pat,mat,edo,calle,num,cp,correo,curp,rfc,nss,salario,antiguedad,fechaNac,puntos,esEmpleado,esCliente) VALUES (69,'TUFA9801296O4','Eileen','Swate','Jurewicz','Chihuahua','Lerdahl',30,'19002','ejurewicz1w@toplist.cz','WUMA130426HNEXZV09','TOKD630515X1R','93824643078',38179.767,71,'1987-06-30',681,'false','false');
INSERT INTO persona(idPersona,rfcSucursal,nombre,pat,mat,edo,calle,num,cp,correo,curp,rfc,nss,salario,antiguedad,fechaNac,puntos,esEmpleado,esCliente) VALUES (70,'MESL7912270IQ','Libbie','Fattorini','Gerholz','Jalisco','Thierer',8345,'27503','lgerholz1x@nba.com','PUWX880534HNEXZZJ0','WUBC4107328I1','88951616181',15620.678,76,'1991-10-03',110,'true','false');
INSERT INTO persona(idPersona,rfcSucursal,nombre,pat,mat,edo,calle,num,cp,correo,curp,rfc,nss,salario,antiguedad,fechaNac,puntos,esEmpleado,esCliente) VALUES (71,'DAEO270010PT4','Skipton','Dugget','Insley','Tamaulipas','Stuart',3,'09240','sinsley1y@ameblo.jp','LAYK991339MYNZXS64','COWJ121613Y59','99859418501',28171.464,33,'1970-03-17',37,'false','false');
INSERT INTO persona(idPersona,rfcSucursal,nombre,pat,mat,edo,calle,num,cp,correo,curp,rfc,nss,salario,antiguedad,fechaNac,puntos,esEmpleado,esCliente) VALUES (72,'XUQX6316033H9','Kathy','Ervin','Dockree','Coahuila De Zaragoza','Northport',8,'88528','kdockree1z@xing.com','DUQN841120HNEVXVO1','NIYG070822C16','39200735642',29649.536,54,'1981-09-23',821,'false','true');
INSERT INTO persona(idPersona,rfcSucursal,nombre,pat,mat,edo,calle,num,cp,correo,curp,rfc,nss,salario,antiguedad,fechaNac,puntos,esEmpleado,esCliente) VALUES (73,'QURU260117138','Kalinda','Oliff','Keir','Oaxaca','Grasskamp',8704,'67651','kkeir20@bigcartel.com','AUYS200538MNERVZN1','ZUXN680200ZQ6','74638430833',19473.705,62,'1994-08-10',845,'false','true');
INSERT INTO persona(idPersona,rfcSucursal,nombre,pat,mat,edo,calle,num,cp,correo,curp,rfc,nss,salario,antiguedad,fechaNac,puntos,esEmpleado,esCliente) VALUES (74,'VUYC561808C17','Tera','McMylor','Abrahart','Veracruz Llave','Garrison',9971,'85295','tabrahart21@mozilla.com','WURY521406HNEVZVI7','FOPC051439NIH','58169226136',20224.648,12,'1973-12-14',456,'false','false');
INSERT INTO persona(idPersona,rfcSucursal,nombre,pat,mat,edo,calle,num,cp,correo,curp,rfc,nss,salario,antiguedad,fechaNac,puntos,esEmpleado,esCliente) VALUES (75,'SUXF421335376','Tudor','Lavrick','Playdon','Guerrero','Toban',50505,'32867','tplaydon22@edublogs.org','XOTK461835MZSZZZ73','DOUS471100680','27394322956',44476.861,66,'1977-08-10',652,'true','false');
INSERT INTO persona(idPersona,rfcSucursal,nombre,pat,mat,edo,calle,num,cp,correo,curp,rfc,nss,salario,antiguedad,fechaNac,puntos,esEmpleado,esCliente) VALUES (76,'JOAC591637UC3','Ranique','Janczewski','Quakley','Puebla','Reinke',25,'08040','rquakley23@china.com.cn','QAIL961428MVZZVZ83','ZIOS2006309T1','30786698274',36341.007,99,'1978-10-12',454,'false','false');
INSERT INTO persona(idPersona,rfcSucursal,nombre,pat,mat,edo,calle,num,cp,correo,curp,rfc,nss,salario,antiguedad,fechaNac,puntos,esEmpleado,esCliente) VALUES (77,'TUFA9801296O4','Marris','Glasser','McMonies','Chiapas','Anderson',3025,'24266','mmcmonies24@ehow.com','SOWH401901MYNZZZA9','AIQG491333XY3','34676353347',32615.876,82,'1999-08-28',496,'false','false');
INSERT INTO persona(idPersona,rfcSucursal,nombre,pat,mat,edo,calle,num,cp,correo,curp,rfc,nss,salario,antiguedad,fechaNac,puntos,esEmpleado,esCliente) VALUES (78,'FAYW200836SC8','Colver','Lotze','Purdom','Nayarit','Sherman',4895,'89049','cpurdom25@deliciousdays.com','KONO160431HSLZXZU0','SALS061130N63','02163927067',35154.943,95,'1992-04-03',613,'true','true');
INSERT INTO persona(idPersona,rfcSucursal,nombre,pat,mat,edo,calle,num,cp,correo,curp,rfc,nss,salario,antiguedad,fechaNac,puntos,esEmpleado,esCliente) VALUES (79,'QUZL111830GG0','Clarie','Martynka','Gilchrist','Michoacan De Ocampo','Rusk',046,'14189','cgilchrist26@comcast.net','ZAQB250225HTLVXVU9','BIQN291636Y5Q','10936701154',41038.694,99,'1994-02-08',104,'false','false');
INSERT INTO persona(idPersona,rfcSucursal,nombre,pat,mat,edo,calle,num,cp,correo,curp,rfc,nss,salario,antiguedad,fechaNac,puntos,esEmpleado,esCliente) VALUES (80,'XUQX6316033H9','Randolf','Brownscombe','Doole','Coahuila De Zaragoza','Blackbird',2453,'83462','rdoole27@china.com.cn','GONE730311HNEZZR78','QUMR851412XEB','74986556193',24233.987,61,'1978-03-11',771,'true','false');
INSERT INTO persona(idPersona,rfcSucursal,nombre,pat,mat,edo,calle,num,cp,correo,curp,rfc,nss,salario,antiguedad,fechaNac,puntos,esEmpleado,esCliente) VALUES (81,'DAEO270010PT4','Gwynne','Van der Kruis','Flieger','Michoacan De Ocampo','Ohio',6,'76659','gflieger28@msn.com','YUFO680927MNEZZZM0','PUGZ8703338F8','43314760409',37238.921,37,'2000-07-23',232,'false','true');
INSERT INTO persona(idPersona,rfcSucursal,nombre,pat,mat,edo,calle,num,cp,correo,curp,rfc,nss,salario,antiguedad,fechaNac,puntos,esEmpleado,esCliente) VALUES (82,'MESL7912270IQ','Josey','Kimblin','Dyson','Chiapas','Porter',866,'70848','jdyson29@exblog.jp','HUJY851739MNEZVXN4','JUPZ1900254J9','47227585260',14498.716,73,'1995-09-19',41,'false','true');
INSERT INTO persona(idPersona,rfcSucursal,nombre,pat,mat,edo,calle,num,cp,correo,curp,rfc,nss,salario,antiguedad,fechaNac,puntos,esEmpleado,esCliente) VALUES (83,'QOLH310124B3J','Wain','Pepperd','Kenealy','Chiapas','Gina',61845,'84640','wkenealy2a@adobe.com','AUWE511017HYNXVS04','HODL851809QZG','99689743507',44304.269,97,'1982-04-30',469,'false','true');
INSERT INTO persona(idPersona,rfcSucursal,nombre,pat,mat,edo,calle,num,cp,correo,curp,rfc,nss,salario,antiguedad,fechaNac,puntos,esEmpleado,esCliente) VALUES (84,'IUYT290613116','Harlin','McAllister','Briggdale','Coahuila De Zaragoza','Red Cloud',4,'33986','hbriggdale2b@umich.edu','ZUPC630836HNEZZZV4','LUTL270031742','26820336044',15207.547,4,'1975-09-04',863,'true','true');
INSERT INTO persona(idPersona,rfcSucursal,nombre,pat,mat,edo,calle,num,cp,correo,curp,rfc,nss,salario,antiguedad,fechaNac,puntos,esEmpleado,esCliente) VALUES (85,'MESL7912270IQ','Nari','Gooley','Murdie','Chihuahua','Valley Edge',8475,'60384','nmurdie2c@shinystat.com','JEBP310930MYNZVZH2','DOFN310109709','18865042753',21424.156,53,'1992-09-25',317,'true','false');
INSERT INTO persona(idPersona,rfcSucursal,nombre,pat,mat,edo,calle,num,cp,correo,curp,rfc,nss,salario,antiguedad,fechaNac,puntos,esEmpleado,esCliente) VALUES (86,'QOLH310124B3J','Kaye','MacCrachen','Oxe','Distrito Federal','Kropf',16,'98772','koxe2d@businessinsider.com','WODJ990331HNEZZX26','SEYO4703054IW','33285619470',30231.28,71,'1992-06-24',115,'true','true');
INSERT INTO persona(idPersona,rfcSucursal,nombre,pat,mat,edo,calle,num,cp,correo,curp,rfc,nss,salario,antiguedad,fechaNac,puntos,esEmpleado,esCliente) VALUES (87,'QURU260117138','Rouvin','Geare','Wegener','Baja California','Mcguire',79,'23807','rwegener2e@godaddy.com','UUDK970438MNEXXZQ5','UUZK531737643','80631226197',42845.857,76,'1976-09-26',356,'false','false');
INSERT INTO persona(idPersona,rfcSucursal,nombre,pat,mat,edo,calle,num,cp,correo,curp,rfc,nss,salario,antiguedad,fechaNac,puntos,esEmpleado,esCliente) VALUES (88,'LUVK030421EIJ','Sydelle','Folca','Huby','Tamaulipas','Forest Dale',2868,'42781','shuby2f@ow.ly','AUOD150638MNEZVZZ7','AIAD970907H21','34309935917',11493.693,93,'1993-08-26',65,'true','false');
INSERT INTO persona(idPersona,rfcSucursal,nombre,pat,mat,edo,calle,num,cp,correo,curp,rfc,nss,salario,antiguedad,fechaNac,puntos,esEmpleado,esCliente) VALUES (89,'TUFA9801296O4','Aubry','Cathcart','McClune','San Luis Potosi','Drewry',314,'40312','amcclune2g@reddit.com','FUSZ470837HYNVZZ63','OOYU7602393KO','33374162460',15532.312,51,'2004-04-15',593,'false','false');
INSERT INTO persona(idPersona,rfcSucursal,nombre,pat,mat,edo,calle,num,cp,correo,curp,rfc,nss,salario,antiguedad,fechaNac,puntos,esEmpleado,esCliente) VALUES (90,'JOAC591637UC3','Sande','Blanchflower','Hamper','Veracruz Llave','Vernon',2283,'66516','shamper2h@tinyurl.com','FUMO051338HNEXZZ20','ZOBK280837YXZ','82335312823',31530.138,1,'1978-11-15',481,'true','true');
INSERT INTO persona(idPersona,rfcSucursal,nombre,pat,mat,edo,calle,num,cp,correo,curp,rfc,nss,salario,antiguedad,fechaNac,puntos,esEmpleado,esCliente) VALUES (91,'MEGU930811TL3','Clarinda','Queyos','Russon','Veracruz Llave','Eastwood',83,'72652','crusson2i@gmpg.org','JADN340633HNEXZXU8','RADG370939776','49316121547',10437.128,16,'2000-01-07',385,'false','true');
INSERT INTO persona(idPersona,rfcSucursal,nombre,pat,mat,edo,calle,num,cp,correo,curp,rfc,nss,salario,antiguedad,fechaNac,puntos,esEmpleado,esCliente) VALUES (92,'DAEO270010PT4','Duffy','Gorch','Belfitt','Coahuila De Zaragoza','7th',59,'75158','dbelfitt2j@infoseek.co.jp','NUAU171235MTSXZZW3','GULE931739I34','45322117036',13062.636,68,'1988-01-08',447,'false','true');
INSERT INTO persona(idPersona,rfcSucursal,nombre,pat,mat,edo,calle,num,cp,correo,curp,rfc,nss,salario,antiguedad,fechaNac,puntos,esEmpleado,esCliente) VALUES (93,'QUZL111830GG0','Caye','Ashment','Weddeburn - Scrimgeour','Sonora','Columbus',3630,'94254','cweddeburnscrimgeour2k@howstuffworks.com','KECZ160737HTLZVX79','NUJF441124BHG','48178817677',28721.799,17,'1974-01-09',451,'true','true');
INSERT INTO persona(idPersona,rfcSucursal,nombre,pat,mat,edo,calle,num,cp,correo,curp,rfc,nss,salario,antiguedad,fechaNac,puntos,esEmpleado,esCliente) VALUES (94,'KAHP29103995C','Phip','Coton','Neame','Veracruz Llave','Starling',942,'00210','pneame2l@shutterfly.com','LOVX751602HNEVXZL2','XEVC811635JNH','80295458098',33218.521,42,'1976-05-20',179,'true','true');
INSERT INTO persona(idPersona,rfcSucursal,nombre,pat,mat,edo,calle,num,cp,correo,curp,rfc,nss,salario,antiguedad,fechaNac,puntos,esEmpleado,esCliente) VALUES (95,'YEAV261025N29','Bette-ann','Gipp','Domerque','Chihuahua','Sage',6,'43687','bdomerque2m@twitpic.com','AUHG561527HNEZXZ78','NUNM461439KE1','25407664798',18690.965,81,'1996-04-14',371,'false','true');
INSERT INTO persona(idPersona,rfcSucursal,nombre,pat,mat,edo,calle,num,cp,correo,curp,rfc,nss,salario,antiguedad,fechaNac,puntos,esEmpleado,esCliente) VALUES (96,'IUYT290613116','Sheelagh','Dahlberg','Eronie','Veracruz Llave','Mendota',28,'04515','seronie2n@reference.com','YEHO411003MNETTZ46','XUBL3502130X2','49427899549',16484.267,58,'1993-02-09',617,'false','false');
INSERT INTO persona(idPersona,rfcSucursal,nombre,pat,mat,edo,calle,num,cp,correo,curp,rfc,nss,salario,antiguedad,fechaNac,puntos,esEmpleado,esCliente) VALUES (97,'QUZL111830GG0','Lexine','Dillistone','Auguste','Nuevo Leon','Pearson',58,'89203','lauguste2o@upenn.edu','AIOA830134MTLZZZY9','TOZV851825NL5','96305398822',18830.193,8,'1998-08-02',195,'false','true');
INSERT INTO persona(idPersona,rfcSucursal,nombre,pat,mat,edo,calle,num,cp,correo,curp,rfc,nss,salario,antiguedad,fechaNac,puntos,esEmpleado,esCliente) VALUES (98,'XUQX6316033H9','Marlene','Champerlen','Mc Giffin','Tamaulipas','Westridge',7048,'32514','mmcgiffin2p@statcounter.com','PIKM480634MZSXZZ19','KULA530238S65','77979977141',39509.553,61,'1989-08-20',959,'false','false');
INSERT INTO persona(idPersona,rfcSucursal,nombre,pat,mat,edo,calle,num,cp,correo,curp,rfc,nss,salario,antiguedad,fechaNac,puntos,esEmpleado,esCliente) VALUES (99,'FAYW200836SC8','Pascal','Dowglass','Billinge','Veracruz Llave','Loeprich',91,'72472','pbillinge2q@quantcast.com','SUUJ820335HZSZVXV3','PUYC231132M98','51595638454',40701.529,69,'2000-11-28',734,'false','true');
INSERT INTO persona(idPersona,rfcSucursal,nombre,pat,mat,edo,calle,num,cp,correo,curp,rfc,nss,salario,antiguedad,fechaNac,puntos,esEmpleado,esCliente) VALUES (100,'IUYT290613116','Georas','Timlin','Laughrey','Tamaulipas','Fremont',9098,'20563','glaughrey2r@feedburner.com','MUBP200818MNEZZX73','BUHW21041068I','19039014615',39400.146,73,'1981-10-15',387,'false','false');
INSERT INTO persona(idPersona,rfcSucursal,nombre,pat,mat,edo,calle,num,cp,correo,curp,rfc,nss,salario,antiguedad,fechaNac,puntos,esEmpleado,esCliente) VALUES (101,'DAEO270010PT4','Melly','Dunnett','Hamm','Tabasco','Packers',81231,'98424','mhamm2s@bandcamp.com','IUNZ811732HNEXZZK1','FEYX971012OLE','82482606254',39159.307,65,'1979-06-16',487,'true','false');
INSERT INTO persona(idPersona,rfcSucursal,nombre,pat,mat,edo,calle,num,cp,correo,curp,rfc,nss,salario,antiguedad,fechaNac,puntos,esEmpleado,esCliente) VALUES (102,'LUVK030421EIJ','Lorianne','Sunnex','Parken','Veracruz Llave','Steensland',0974,'12716','lparken2t@woothemes.com','IOZU420102HNEZZZR2','RIGN75081671L','18501595420',36656.105,56,'1992-03-07',462,'true','false');
INSERT INTO persona(idPersona,rfcSucursal,nombre,pat,mat,edo,calle,num,cp,correo,curp,rfc,nss,salario,antiguedad,fechaNac,puntos,esEmpleado,esCliente) VALUES (103,'JATS33101301U','Theo','Foukx','Muglestone','Veracruz Llave','Schmedeman',242,'32366','tmuglestone2u@tmall.com','XIMC340033HTLZZZD3','ZAUL611023Z8Y','74246421963',13643.915,13,'1983-07-28',811,'true','false');
INSERT INTO persona(idPersona,rfcSucursal,nombre,pat,mat,edo,calle,num,cp,correo,curp,rfc,nss,salario,antiguedad,fechaNac,puntos,esEmpleado,esCliente) VALUES (104,'MESL7912270IQ','Harley','Shaw','Langtree','Chiapas','Mayfield',2060,'40146','hlangtree2v@cnbc.com','XIVQ361235MNEZZZ30','DEIK291122661','67250771216',49140.916,52,'1982-09-03',167,'true','false');
INSERT INTO persona(idPersona,rfcSucursal,nombre,pat,mat,edo,calle,num,cp,correo,curp,rfc,nss,salario,antiguedad,fechaNac,puntos,esEmpleado,esCliente) VALUES (105,'WURB800325UD8','Brand','Raddan','Seiler','Jalisco','Golf Course',8,'64081','bseiler2w@npr.org','PUAI640335MVZZXX26','PUGD800735GEK','87805309170',23592.081,54,'1976-08-21',796,'false','false');
INSERT INTO persona(idPersona,rfcSucursal,nombre,pat,mat,edo,calle,num,cp,correo,curp,rfc,nss,salario,antiguedad,fechaNac,puntos,esEmpleado,esCliente) VALUES (106,'KAHP29103995C','Kile','Musgrove','Thing','Coahuila De Zaragoza','Meadow Vale',84984,'33611','kthing2x@umich.edu','LUJU350219HNETZZK1','FUCU081239XD3','76910441979',17677.117,89,'1979-12-01',861,'false','true');
INSERT INTO persona(idPersona,rfcSucursal,nombre,pat,mat,edo,calle,num,cp,correo,curp,rfc,nss,salario,antiguedad,fechaNac,puntos,esEmpleado,esCliente) VALUES (107,'JOAC591637UC3','Sheena','Clelle','Fakes','Veracruz Llave','Ronald Regan',73257,'54767','sfakes2y@github.com','YUQU800431HNEZZR74','SUSE1215302Z6','14921233128',24294.616,69,'1977-06-21',965,'false','false');
INSERT INTO persona(idPersona,rfcSucursal,nombre,pat,mat,edo,calle,num,cp,correo,curp,rfc,nss,salario,antiguedad,fechaNac,puntos,esEmpleado,esCliente) VALUES (108,'TUFA9801296O4','Arda','Eagland','Ravenshear','Michoacan De Ocampo','Lunder',913,'03792','aravenshear2z@amazon.com','BUQT841914HNEZST77','SIEJ610531W6T','54589846511',40642.016,1,'1998-10-18',259,'true','false');
INSERT INTO persona(idPersona,rfcSucursal,nombre,pat,mat,edo,calle,num,cp,correo,curp,rfc,nss,salario,antiguedad,fechaNac,puntos,esEmpleado,esCliente) VALUES (109,'KAHP29103995C','Darrell','Hardy-Piggin','Kindleysides','Nuevo Leon','Kenwood',461,'64735','dkindleysides30@sourceforge.net','XIHL900201MNEZXXX0','IAQG78183464J','39484465957',33776.377,72,'1978-04-10',66,'true','true');
INSERT INTO persona(idPersona,rfcSucursal,nombre,pat,mat,edo,calle,num,cp,correo,curp,rfc,nss,salario,antiguedad,fechaNac,puntos,esEmpleado,esCliente) VALUES (110,'LUVK030421EIJ','Anette','Ranner','Dobrowolski','Sonora','Holy Cross',9507,'33576','adobrowolski31@trellian.com','UUUM850816MNEXXX36','UUCJ371414P16','55774999072',39640.53,7,'1975-03-06',800,'true','false');
INSERT INTO persona(idPersona,rfcSucursal,nombre,pat,mat,edo,calle,num,cp,correo,curp,rfc,nss,salario,antiguedad,fechaNac,puntos,esEmpleado,esCliente) VALUES (111,'QURU260117138','Britteny','Vondrak','Stinton','Veracruz Llave','West',50,'33946','bstinton32@cocolog-nifty.com','RUKD120114MZSZTZ53','JOUT96051011C','36986740931',45982.653,16,'1978-03-13',433,'true','false');
INSERT INTO persona(idPersona,rfcSucursal,nombre,pat,mat,edo,calle,num,cp,correo,curp,rfc,nss,salario,antiguedad,fechaNac,puntos,esEmpleado,esCliente) VALUES (112,'FAYW200836SC8','Bonnee','Witnall','Andrejs','Oaxaca','Valley Edge',30,'30043','bandrejs33@symantec.com','ZUNO691314HNEZZS27','YIPG211228V47','58267222890',29455.467,58,'1996-08-23',642,'true','false');
INSERT INTO persona(idPersona,rfcSucursal,nombre,pat,mat,edo,calle,num,cp,correo,curp,rfc,nss,salario,antiguedad,fechaNac,puntos,esEmpleado,esCliente) VALUES (113,'TUFA9801296O4','Saidee','Bladge','Gurley','Coahuila De Zaragoza','Veith',69,'70670','sgurley34@nba.com','TEAY220629MZSSZZ46','DANG27162472D','08583858487',17082.077,90,'1987-11-03',108,'true','false');
INSERT INTO persona(idPersona,rfcSucursal,nombre,pat,mat,edo,calle,num,cp,correo,curp,rfc,nss,salario,antiguedad,fechaNac,puntos,esEmpleado,esCliente) VALUES (114,'YEAV261025N29','Laurie','Canedo','Shine','Guerrero','Vidon',57992,'96246','lshine35@timesonline.co.uk','FUYH610037MNEVZV41','LURT521135U2I','84043087426',35121.64,80,'1998-12-31',672,'false','false');
INSERT INTO persona(idPersona,rfcSucursal,nombre,pat,mat,edo,calle,num,cp,correo,curp,rfc,nss,salario,antiguedad,fechaNac,puntos,esEmpleado,esCliente) VALUES (115,'AOYI910101689','Romeo','Bridywater','Happer','Nuevo Leon','Crest Line',19039,'66632','rhapper36@ihg.com','XUDJ330102HNEZZZ78','COLU791932709','05293898514',39111.002,1,'2001-10-06',248,'false','true');
INSERT INTO persona(idPersona,rfcSucursal,nombre,pat,mat,edo,calle,num,cp,correo,curp,rfc,nss,salario,antiguedad,fechaNac,puntos,esEmpleado,esCliente) VALUES (116,'DAEO270010PT4','Cyndie','Bagenal','Duckit','Tamaulipas','Marquette',657,'65669','cduckit37@sciencedaily.com','POLC330223MZSZZXQ8','ZAQW5212387WU','81645626678',15625.787,17,'1991-11-26',51,'false','true');
INSERT INTO persona(idPersona,rfcSucursal,nombre,pat,mat,edo,calle,num,cp,correo,curp,rfc,nss,salario,antiguedad,fechaNac,puntos,esEmpleado,esCliente) VALUES (117,'XUQX6316033H9','Caren','Thirlaway','Arney','Michoacan De Ocampo','Dahle',2,'29255','carney38@disqus.com','YACB211025HNEZVZQ8','FIMO4112132A0','88122801746',45896.186,0,'1983-08-21',729,'true','false');
INSERT INTO persona(idPersona,rfcSucursal,nombre,pat,mat,edo,calle,num,cp,correo,curp,rfc,nss,salario,antiguedad,fechaNac,puntos,esEmpleado,esCliente) VALUES (118,'MEGU930811TL3','Bill','Allington','Humphrey','Chiapas','Montana',71850,'65008','bhumphrey39@tinypic.com','KUIQ670203MNEZMZU4','ZUTD81022982F','11138860474',35687.203,30,'1987-05-27',242,'false','false');
INSERT INTO persona(idPersona,rfcSucursal,nombre,pat,mat,edo,calle,num,cp,correo,curp,rfc,nss,salario,antiguedad,fechaNac,puntos,esEmpleado,esCliente) VALUES (119,'QUZL111830GG0','Teresita','Gingel','Holyland','Sonora','Kropf',46,'39753','tholyland3a@mapquest.com','TOCX391136MNEVZXJ8','BUOV150816O91','69773831695',17874.671,21,'1977-07-16',839,'false','true');
INSERT INTO persona(idPersona,rfcSucursal,nombre,pat,mat,edo,calle,num,cp,correo,curp,rfc,nss,salario,antiguedad,fechaNac,puntos,esEmpleado,esCliente) VALUES (120,'MESL7912270IQ','Eartha','Philipeau','Kristufek','Veracruz Llave','Jana',09,'98053','ekristufek3b@gmpg.org','LUBY210633MVZZZZ88','HUCD6519216CF','56404428639',23358.665,62,'1975-11-04',318,'false','false');
INSERT INTO persona(idPersona,rfcSucursal,nombre,pat,mat,edo,calle,num,cp,correo,curp,rfc,nss,salario,antiguedad,fechaNac,puntos,esEmpleado,esCliente) VALUES (121,'MEGU930811TL3','Patrizio','Wycliff','Ribchester','Tamaulipas','Manitowish',863,'16913','pribchester3c@hao123.com','EUCE641315MVZTXXK5','UATG390734F0F','86292680440',40518.581,88,'1982-12-12',99,'false','true');
INSERT INTO persona(idPersona,rfcSucursal,nombre,pat,mat,edo,calle,num,cp,correo,curp,rfc,nss,salario,antiguedad,fechaNac,puntos,esEmpleado,esCliente) VALUES (122,'WURB800325UD8','Cyril','Dzeniskevich','Bech','Zacatecas','Continental',45787,'37955','cbech3d@archive.org','PUZB870830HZSZZZ54','IUUJ5101210I6','46325211167',48031.49,71,'1970-05-22',295,'false','true');
INSERT INTO persona(idPersona,rfcSucursal,nombre,pat,mat,edo,calle,num,cp,correo,curp,rfc,nss,salario,antiguedad,fechaNac,puntos,esEmpleado,esCliente) VALUES (123,'JATS33101301U','Philbert','Kibby','Lars','Veracruz Llave','Arrowood',18,'25769','plars3e@icio.us','TIIK610306MNEZXZI5','QOLG610220LQC','17671303370',14826.789,29,'1990-11-02',294,'false','false');
INSERT INTO persona(idPersona,rfcSucursal,nombre,pat,mat,edo,calle,num,cp,correo,curp,rfc,nss,salario,antiguedad,fechaNac,puntos,esEmpleado,esCliente) VALUES (124,'TUFA9801296O4','Helaina','Gotfrey','Oleszcuk','Chihuahua','Buena Vista',7,'04752','holeszcuk3f@webmd.com','ZOKS581537HNEZZZH9','RUCX130937RD6','55485867319',45833.639,68,'1977-04-17',11,'true','false');
INSERT INTO persona(idPersona,rfcSucursal,nombre,pat,mat,edo,calle,num,cp,correo,curp,rfc,nss,salario,antiguedad,fechaNac,puntos,esEmpleado,esCliente) VALUES (125,'DAEO270010PT4','Avrom','Rableau','Najara','Tamaulipas','Di Loreto',2104,'42914','anajara3g@amazon.de','XIMV161432HYNZZXD2','WUTY011433D98','69310699067',35250.119,62,'1984-06-12',631,'false','false');
INSERT INTO persona(idPersona,rfcSucursal,nombre,pat,mat,edo,calle,num,cp,correo,curp,rfc,nss,salario,antiguedad,fechaNac,puntos,esEmpleado,esCliente) VALUES (126,'FAYW200836SC8','Devondra','De Gowe','Grieves','Veracruz Llave','Cardinal',2504,'66572','dgrieves3h@technorati.com','OOXO540228HZSXZZ99','FUOJ2707343DD','09065148087',47153.484,4,'1977-09-27',499,'false','true');
INSERT INTO persona(idPersona,rfcSucursal,nombre,pat,mat,edo,calle,num,cp,correo,curp,rfc,nss,salario,antiguedad,fechaNac,puntos,esEmpleado,esCliente) VALUES (127,'QURU260117138','Kirsteni','Arnoldi','Beslier','Michoacan De Ocampo','Hudson',91845,'42471','kbeslier3i@quantcast.com','OEBG800524MZSZVV75','GUPR720520131','56046978848',31438.595,96,'1996-07-29',312,'false','false');
INSERT INTO persona(idPersona,rfcSucursal,nombre,pat,mat,edo,calle,num,cp,correo,curp,rfc,nss,salario,antiguedad,fechaNac,puntos,esEmpleado,esCliente) VALUES (128,'QUZL111830GG0','Barnett','Madgin','Daouze','Veracruz Llave','Brickson Park',3,'29026','bdaouze3j@lulu.com','GUFI261902HNETZZV5','BOMV111031J1L','14886966015',41426.563,62,'1971-05-31',911,'false','true');
INSERT INTO persona(idPersona,rfcSucursal,nombre,pat,mat,edo,calle,num,cp,correo,curp,rfc,nss,salario,antiguedad,fechaNac,puntos,esEmpleado,esCliente) VALUES (129,'KAHP29103995C','Jdavie','Zoppie','Seston','Sonora','Lien',60287,'53374','jseston3k@simplemachines.org','UUOC070137MYNZXX02','LOBF32152609D','58961731127',48780.644,99,'1995-12-13',618,'true','true');
INSERT INTO persona(idPersona,rfcSucursal,nombre,pat,mat,edo,calle,num,cp,correo,curp,rfc,nss,salario,antiguedad,fechaNac,puntos,esEmpleado,esCliente) VALUES (130,'IUYT290613116','Bronson','Olenov','McCahey','Sinaloa','John Wall',61129,'30477','bmccahey3l@miibeian.gov.cn','TIFY191325MVZTZVX6','COAQ260226G7O','77478774208',28199.265,48,'1981-09-10',266,'true','true');
INSERT INTO persona(idPersona,rfcSucursal,nombre,pat,mat,edo,calle,num,cp,correo,curp,rfc,nss,salario,antiguedad,fechaNac,puntos,esEmpleado,esCliente) VALUES (131,'KUEZ36143933T','Redd','Sheal','Menichini','Oaxaca','Eliot',17,'37652','rmenichini3m@bbb.org','HUYQ801523HNEZSZL8','EOAP150921CHW','59438417615',49136.175,65,'1984-08-02',662,'true','false');
INSERT INTO persona(idPersona,rfcSucursal,nombre,pat,mat,edo,calle,num,cp,correo,curp,rfc,nss,salario,antiguedad,fechaNac,puntos,esEmpleado,esCliente) VALUES (132,'AOYI910101689','Yevette','Aspinall','Boake','Chiapas','Mallory',6,'45523','yboake3n@cnbc.com','BOQZ461516MNEXZZB2','IIFY05041604H','44795026538',35703.067,25,'1983-05-30',782,'true','true');
INSERT INTO persona(idPersona,rfcSucursal,nombre,pat,mat,edo,calle,num,cp,correo,curp,rfc,nss,salario,antiguedad,fechaNac,puntos,esEmpleado,esCliente) VALUES (133,'QOLH310124B3J','Linoel','Elijahu','Kilgrove','Tabasco','Mandrake',2,'16880','lkilgrove3o@xing.com','YUXZ141236HNEZXT35','EUOE601337343','26582525105',31845.101,56,'1999-06-29',871,'false','true');
INSERT INTO persona(idPersona,rfcSucursal,nombre,pat,mat,edo,calle,num,cp,correo,curp,rfc,nss,salario,antiguedad,fechaNac,puntos,esEmpleado,esCliente) VALUES (134,'VUYC561808C17','Jere','Totterdill','Joye','Guerrero','Havey',772,'32627','jjoye3p@tuttocitta.it','KUZL371405MNEZTZG7','HAZX7103134CI','33850945916',29521.511,45,'2003-11-29',432,'true','false');
INSERT INTO persona(idPersona,rfcSucursal,nombre,pat,mat,edo,calle,num,cp,correo,curp,rfc,nss,salario,antiguedad,fechaNac,puntos,esEmpleado,esCliente) VALUES (135,'KAHP29103995C','Pincas','Rambaut','McCrainor','Jalisco','Merrick',42637,'49242','pmccrainor3q@google.fr','COKL190813MNEZRZA6','GUMV4309299D9','06814074931',13168.858,39,'1973-07-18',79,'true','true');
INSERT INTO persona(idPersona,rfcSucursal,nombre,pat,mat,edo,calle,num,cp,correo,curp,rfc,nss,salario,antiguedad,fechaNac,puntos,esEmpleado,esCliente) VALUES (136,'LUVK030421EIJ','Julia','Peyton','Richardon','Nuevo Leon','Sunnyside',6,'43272','jrichardon3r@wikia.com','BUDI880905HNEZVZS5','MUXL9416379J4','81956138083',38358.808,82,'2000-09-30',57,'false','false');
INSERT INTO persona(idPersona,rfcSucursal,nombre,pat,mat,edo,calle,num,cp,correo,curp,rfc,nss,salario,antiguedad,fechaNac,puntos,esEmpleado,esCliente) VALUES (137,'WURB800325UD8','Sissy','Dabbes','Bricklebank','Jalisco','Orin',8293,'76664','sbricklebank3s@washingtonpost.com','ZUBZ581813MVZZXZT7','AEXQ00013708B','78335395551',28217.617,78,'1995-01-29',540,'true','false');
INSERT INTO persona(idPersona,rfcSucursal,nombre,pat,mat,edo,calle,num,cp,correo,curp,rfc,nss,salario,antiguedad,fechaNac,puntos,esEmpleado,esCliente) VALUES (138,'XUQX6316033H9','Wallace','Braidley','Davinet','Michoacan De Ocampo','Weeping Birch',20,'64412','wdavinet3t@webmd.com','LEDC090729HNETZZZ4','IUAV401025JO6','26546833581',27600.168,54,'2004-03-25',81,'true','true');
INSERT INTO persona(idPersona,rfcSucursal,nombre,pat,mat,edo,calle,num,cp,correo,curp,rfc,nss,salario,antiguedad,fechaNac,puntos,esEmpleado,esCliente) VALUES (139,'MESL7912270IQ','Martyn','Solano','Gilyatt','Jalisco','Sloan',9627,'28050','mgilyatt3u@nasa.gov','RIUB670934MTLZZV72','AUNC490632IFM','47000022897',45828.291,19,'1975-11-03',589,'false','true');
INSERT INTO persona(idPersona,rfcSucursal,nombre,pat,mat,edo,calle,num,cp,correo,curp,rfc,nss,salario,antiguedad,fechaNac,puntos,esEmpleado,esCliente) VALUES (140,'JOAC591637UC3','Beck','Tokley','Renison','Chiapas','6th',5,'77741','brenison3v@jiathis.com','NOPV850336MZSXZTO1','VOFG6306272W7','78764193716',27958.285,86,'1985-02-21',372,'false','true');
INSERT INTO persona(idPersona,rfcSucursal,nombre,pat,mat,edo,calle,num,cp,correo,curp,rfc,nss,salario,antiguedad,fechaNac,puntos,esEmpleado,esCliente) VALUES (141,'TUFA9801296O4','Damita','Acum','Kippin','Veracruz Llave','Division',33,'45590','dkippin3w@va.gov','BUYP021301MYNZNX70','LUBN100625XP3','40657425734',45996.685,85,'1999-05-28',357,'true','false');
INSERT INTO persona(idPersona,rfcSucursal,nombre,pat,mat,edo,calle,num,cp,correo,curp,rfc,nss,salario,antiguedad,fechaNac,puntos,esEmpleado,esCliente) VALUES (142,'QURU260117138','Gualterio','Cashley','Form','Coahuila De Zaragoza','Sundown',80,'63052','gform3x@barnesandnoble.com','CIRD441420HYNVZXZ8','RUFN80070133M','11755949853',47261.365,36,'1987-06-10',543,'false','false');
INSERT INTO persona(idPersona,rfcSucursal,nombre,pat,mat,edo,calle,num,cp,correo,curp,rfc,nss,salario,antiguedad,fechaNac,puntos,esEmpleado,esCliente) VALUES (143,'IUYT290613116','Dulciana','Ramshaw','Vane','Chiapas','Evergreen',21,'23989','dvane3y@youtu.be','JUQX301516HNEZXZE8','ZUQL360123UY2','59428048486',29682.963,0,'1998-10-21',992,'true','false');
INSERT INTO persona(idPersona,rfcSucursal,nombre,pat,mat,edo,calle,num,cp,correo,curp,rfc,nss,salario,antiguedad,fechaNac,puntos,esEmpleado,esCliente) VALUES (144,'YEAV261025N29','Garry','Calvard','Owain','Puebla','Sunfield',063,'05578','gowain3z@ted.com','EUAU631709MNEZZZ55','JIAT880636O7X','43062878126',18504.321,85,'1995-05-18',412,'false','true');
INSERT INTO persona(idPersona,rfcSucursal,nombre,pat,mat,edo,calle,num,cp,correo,curp,rfc,nss,salario,antiguedad,fechaNac,puntos,esEmpleado,esCliente) VALUES (145,'QURU260117138','Miran','Shilstone','Hansom','Tamaulipas','Barnett',4,'84080','mhansom40@nifty.com','NUHR571712HNEZXXR1','BUMI470107HQN','44329594738',25554.49,0,'1973-03-29',182,'true','true');
INSERT INTO persona(idPersona,rfcSucursal,nombre,pat,mat,edo,calle,num,cp,correo,curp,rfc,nss,salario,antiguedad,fechaNac,puntos,esEmpleado,esCliente) VALUES (146,'MEGU930811TL3','Gerik','Goolden','Kleinber','Chiapas','Michigan',89202,'87372','gkleinber41@wp.com','PUDO951038MYNTZXL6','LOFL040926B71','05865553532',35342.115,9,'1978-10-13',990,'false','false');
INSERT INTO persona(idPersona,rfcSucursal,nombre,pat,mat,edo,calle,num,cp,correo,curp,rfc,nss,salario,antiguedad,fechaNac,puntos,esEmpleado,esCliente) VALUES (147,'QOLH310124B3J','Lief','Donne','Brunicke','Nayarit','Autumn Leaf',53551,'53299','lbrunicke42@sciencedaily.com','XAUE561911HNEXZT94','ZIQN4614067OI','77794347742',48081.83,91,'1978-05-25',198,'false','false');
INSERT INTO persona(idPersona,rfcSucursal,nombre,pat,mat,edo,calle,num,cp,correo,curp,rfc,nss,salario,antiguedad,fechaNac,puntos,esEmpleado,esCliente) VALUES (148,'QUZL111830GG0','Ephraim','MacConneely','Labba','Guerrero','Waywood',3305,'08103','elabba43@amazonaws.com','OURU360727MZSXZX06','PULB131531V3W','63170362711',45298.518,49,'1986-03-31',904,'true','true');
INSERT INTO persona(idPersona,rfcSucursal,nombre,pat,mat,edo,calle,num,cp,correo,curp,rfc,nss,salario,antiguedad,fechaNac,puntos,esEmpleado,esCliente) VALUES (149,'KAHP29103995C','Willamina','Oene','Kempton','Jalisco','Manley',06582,'19682','wkempton44@surveymonkey.com','JOSO570534HYNXZZ19','CUZN060610423','97810062566',15117.435,0,'1988-08-15',60,'true','false');
INSERT INTO persona(idPersona,rfcSucursal,nombre,pat,mat,edo,calle,num,cp,correo,curp,rfc,nss,salario,antiguedad,fechaNac,puntos,esEmpleado,esCliente) VALUES (150,'WURB800325UD8','Bili','Salleir','Costi','Guerrero','Pierstorff',5,'57311','bcosti45@princeton.edu','SUQV581434HNEZZX20','MUOU331636D77','17772825818',17528.856,26,'1994-11-06',935,'true','true');
INSERT INTO persona(idPersona,rfcSucursal,nombre,pat,mat,edo,calle,num,cp,correo,curp,rfc,nss,salario,antiguedad,fechaNac,puntos,esEmpleado,esCliente) VALUES (151,'XUQX6316033H9','Karyn','Dealtry','Urpeth','Veracruz Llave','Sunbrook',91,'18043','kurpeth46@mapy.cz','XUME250437HNEZZZ14','ZUPI441434618','46348222398',16711.56,74,'1999-01-04',589,'false','false');
INSERT INTO persona(idPersona,rfcSucursal,nombre,pat,mat,edo,calle,num,cp,correo,curp,rfc,nss,salario,antiguedad,fechaNac,puntos,esEmpleado,esCliente) VALUES (152,'DAEO270010PT4','Sella','Piaggia','Machent','Veracruz Llave','Pawling',2,'02118','smachent47@google.it','VUIM310910MNEXXT12','COIK731536J7R','63787481618',32184.673,93,'1997-10-19',479,'true','false');
INSERT INTO persona(idPersona,rfcSucursal,nombre,pat,mat,edo,calle,num,cp,correo,curp,rfc,nss,salario,antiguedad,fechaNac,puntos,esEmpleado,esCliente) VALUES (153,'KUEZ36143933T','Nicolai','Birkinshaw','Rayworth','Chiapas','Colorado',6457,'47728','nrayworth48@artisteer.com','VUHD280009HNEZZXO3','NEIC860913N1A','58219836410',43692.108,4,'2001-04-07',194,'false','false');
INSERT INTO persona(idPersona,rfcSucursal,nombre,pat,mat,edo,calle,num,cp,correo,curp,rfc,nss,salario,antiguedad,fechaNac,puntos,esEmpleado,esCliente) VALUES (154,'IUYT290613116','Cletis','Maroney','Pollicatt','Nayarit','Dennis',9487,'49451','cpollicatt49@lulu.com','PUZN740923MNEZVS85','VUSJ6618394WL','04160054404',22717.117,98,'1991-07-12',481,'false','false');
INSERT INTO persona(idPersona,rfcSucursal,nombre,pat,mat,edo,calle,num,cp,correo,curp,rfc,nss,salario,antiguedad,fechaNac,puntos,esEmpleado,esCliente) VALUES (155,'TUFA9801296O4','Revkah','Lorentz','Guisot','Sinaloa','Tomscot',6495,'44702','rguisot4a@gov.uk','MILA870732MZSZZZX5','PUKG8015313GX','43144656630',18952.497,27,'2001-06-15',847,'false','true');
INSERT INTO persona(idPersona,rfcSucursal,nombre,pat,mat,edo,calle,num,cp,correo,curp,rfc,nss,salario,antiguedad,fechaNac,puntos,esEmpleado,esCliente) VALUES (156,'VUYC561808C17','Darla','Gudge','Berkely','Veracruz Llave','Grim',54875,'77891','dberkely4b@ucoz.com','AUWC271530MNEZZT67','QUQP460339SWH','65493803314',15783.334,67,'2002-06-05',510,'true','true');
INSERT INTO persona(idPersona,rfcSucursal,nombre,pat,mat,edo,calle,num,cp,correo,curp,rfc,nss,salario,antiguedad,fechaNac,puntos,esEmpleado,esCliente) VALUES (157,'QUZL111830GG0','Brendis','Schimpke','Delafoy','Oaxaca','Forest',22,'35140','bdelafoy4c@house.gov','YIFZ551634MYNSXZU6','QUDH840610K9D','21407085392',28322.62,72,'1995-05-20',317,'false','true');
INSERT INTO persona(idPersona,rfcSucursal,nombre,pat,mat,edo,calle,num,cp,correo,curp,rfc,nss,salario,antiguedad,fechaNac,puntos,esEmpleado,esCliente) VALUES (158,'XUQX6316033H9','Tamiko','Stebbin','Bransgrove','Oaxaca','Lakewood',2570,'99176','tbransgrove4d@last.fm','NAUG300713HNEZZT27','TUWO201737528','64761587418',37859.702,18,'1987-07-22',703,'false','false');
INSERT INTO persona(idPersona,rfcSucursal,nombre,pat,mat,edo,calle,num,cp,correo,curp,rfc,nss,salario,antiguedad,fechaNac,puntos,esEmpleado,esCliente) VALUES (159,'MESL7912270IQ','Carmella','Gabel','McGillivray','Veracruz Llave','Bay',722,'20665','cmcgillivray4e@virginia.edu','IADB440230HZSZZSR4','YOCW45033796Y','17788149062',18597.096,83,'1977-08-20',945,'true','false');
INSERT INTO persona(idPersona,rfcSucursal,nombre,pat,mat,edo,calle,num,cp,correo,curp,rfc,nss,salario,antiguedad,fechaNac,puntos,esEmpleado,esCliente) VALUES (160,'VUYC561808C17','Ario','Pickton','Depper','Puebla','New Castle',9497,'63238','adepper4f@fc2.com','DUYN011634HNEZZZ33','ZOGW96002147X','54015261974',10686.736,64,'1970-10-27',147,'false','true');
INSERT INTO persona(idPersona,rfcSucursal,nombre,pat,mat,edo,calle,num,cp,correo,curp,rfc,nss,salario,antiguedad,fechaNac,puntos,esEmpleado,esCliente) VALUES (161,'WURB800325UD8','Boote','Bentick','Zoellner','Jalisco','Merry',3,'56747','bzoellner4g@ed.gov','XUBX320222HNEXVZ48','UOON631328I2Z','37359914537',31313.17,66,'1994-02-03',782,'true','false');
INSERT INTO persona(idPersona,rfcSucursal,nombre,pat,mat,edo,calle,num,cp,correo,curp,rfc,nss,salario,antiguedad,fechaNac,puntos,esEmpleado,esCliente) VALUES (162,'QURU260117138','Deana','Dallaway','Coe','Sinaloa','Pearson',71,'04141','dcoe4h@foxnews.com','LAPT260804MNEVZZ38','XUKT011606I82','06117350820',15494.143,68,'1985-09-19',943,'false','true');
INSERT INTO persona(idPersona,rfcSucursal,nombre,pat,mat,edo,calle,num,cp,correo,curp,rfc,nss,salario,antiguedad,fechaNac,puntos,esEmpleado,esCliente) VALUES (163,'LUVK030421EIJ','Karleen','Herreros','Gault','Campeche','Burrows',96,'18688','kgault4i@nature.com','CIIJ171139HNEXXZY9','NUSQ710429VYB','01758269972',45021.165,53,'1971-09-26',191,'false','true');
INSERT INTO persona(idPersona,rfcSucursal,nombre,pat,mat,edo,calle,num,cp,correo,curp,rfc,nss,salario,antiguedad,fechaNac,puntos,esEmpleado,esCliente) VALUES (164,'DAEO270010PT4','Cecily','Weal','Bischof','Puebla','Clove',5,'92621','cbischof4j@taobao.com','KUBJ001531MNEXZVX7','LUEP58123129H','72433860471',17210.779,22,'1979-03-26',146,'true','true');
INSERT INTO persona(idPersona,rfcSucursal,nombre,pat,mat,edo,calle,num,cp,correo,curp,rfc,nss,salario,antiguedad,fechaNac,puntos,esEmpleado,esCliente) VALUES (165,'TUFA9801296O4','Casi','Rosendorf','Crayker','Veracruz Llave','Almo',2823,'14412','ccrayker4k@hp.com','SUGI591638MZSXZT94','YUXQ5615338N4','22653031038',32274.49,56,'1992-12-03',274,'true','false');
INSERT INTO persona(idPersona,rfcSucursal,nombre,pat,mat,edo,calle,num,cp,correo,curp,rfc,nss,salario,antiguedad,fechaNac,puntos,esEmpleado,esCliente) VALUES (166,'AOYI910101689','Keane','Morten','Becaris','Oaxaca','Northwestern',0901,'88321','kbecaris4l@tamu.edu','YEWK260005MNEXZZ54','PUGU081130259','31025266619',15070.184,34,'1980-09-16',275,'false','true');
INSERT INTO persona(idPersona,rfcSucursal,nombre,pat,mat,edo,calle,num,cp,correo,curp,rfc,nss,salario,antiguedad,fechaNac,puntos,esEmpleado,esCliente) VALUES (167,'MEGU930811TL3','Regan','Atte-Stone','Kilbourn','Tamaulipas','1st',7389,'53229','rkilbourn4m@discuz.net','TUHZ801429HNEZZZ88','FUHS1315049M8','34844772862',17506.316,90,'1970-08-28',147,'false','false');
INSERT INTO persona(idPersona,rfcSucursal,nombre,pat,mat,edo,calle,num,cp,correo,curp,rfc,nss,salario,antiguedad,fechaNac,puntos,esEmpleado,esCliente) VALUES (168,'KAHP29103995C','Todd','Pleaden','Landsborough','Guerrero','Almo',96,'11129','tlandsborough4n@cmu.edu','QURB871920HNEVZZ40','SIQV130125B40','14404694397',16030.986,99,'1982-05-26',340,'false','true');
INSERT INTO persona(idPersona,rfcSucursal,nombre,pat,mat,edo,calle,num,cp,correo,curp,rfc,nss,salario,antiguedad,fechaNac,puntos,esEmpleado,esCliente) VALUES (169,'YEAV261025N29','Jeremiah','Cristol','Gillbee','Morelos','Fuller',62459,'87855','jgillbee4o@51.la','IEML141723HZSZXZ72','JIKB050039845','72883901858',16607.198,62,'1971-04-14',179,'true','true');
INSERT INTO persona(idPersona,rfcSucursal,nombre,pat,mat,edo,calle,num,cp,correo,curp,rfc,nss,salario,antiguedad,fechaNac,puntos,esEmpleado,esCliente) VALUES (170,'JOAC591637UC3','Claybourne','Tomsu','Daville','Chiapas','Ruskin',2941,'03546','cdaville4p@dedecms.com','REGD771820HNEZVZ09','RUEG28103217I','12673696974',35981.656,80,'1979-10-11',148,'true','true');
INSERT INTO persona(idPersona,rfcSucursal,nombre,pat,mat,edo,calle,num,cp,correo,curp,rfc,nss,salario,antiguedad,fechaNac,puntos,esEmpleado,esCliente) VALUES (171,'IUYT290613116','Elvis','Barrim','Ruilton','Veracruz Llave','Beilfuss',7655,'43700','eruilton4q@squarespace.com','DUHZ371639MZSVZZA7','OOOL490620I97','49366911244',21296.923,46,'1976-09-08',6,'true','true');
INSERT INTO persona(idPersona,rfcSucursal,nombre,pat,mat,edo,calle,num,cp,correo,curp,rfc,nss,salario,antiguedad,fechaNac,puntos,esEmpleado,esCliente) VALUES (172,'XUQX6316033H9','Crosby','Ostrich','Blaasch','Chiapas','Autumn Leaf',4930,'70661','cblaasch4r@ocn.ne.jp','DOYX880430MNEVZX10','NEAB86052209G','00751204075',32647.882,46,'1988-07-24',401,'true','true');
INSERT INTO persona(idPersona,rfcSucursal,nombre,pat,mat,edo,calle,num,cp,correo,curp,rfc,nss,salario,antiguedad,fechaNac,puntos,esEmpleado,esCliente) VALUES (173,'FAYW200836SC8','Blaire','Tuddenham','Yole','Chiapas','Drewry',6501,'83511','byole4s@washington.edu','XEXF880039MYNZXZ95','TOVI6406246O7','89454619781',40269.984,74,'1983-08-29',152,'false','true');
INSERT INTO persona(idPersona,rfcSucursal,nombre,pat,mat,edo,calle,num,cp,correo,curp,rfc,nss,salario,antiguedad,fechaNac,puntos,esEmpleado,esCliente) VALUES (174,'WURB800325UD8','Skye','Grimshaw','Willatts','Puebla','Derek',96156,'15164','swillatts4t@google.co.jp','MAAX430332HNETSV12','TOUL521912D01','53821904126',47408.345,0,'1991-05-29',445,'false','false');
INSERT INTO persona(idPersona,rfcSucursal,nombre,pat,mat,edo,calle,num,cp,correo,curp,rfc,nss,salario,antiguedad,fechaNac,puntos,esEmpleado,esCliente) VALUES (175,'JATS33101301U','Wiley','Ransley','Bree','Michoacan De Ocampo','Fordem',5,'73316','wbree4u@networkadvertising.org','FUAZ680902HZSZZZY8','MIDF2504398YB','19788260192',43596.901,45,'2003-03-20',652,'false','true');
INSERT INTO persona(idPersona,rfcSucursal,nombre,pat,mat,edo,calle,num,cp,correo,curp,rfc,nss,salario,antiguedad,fechaNac,puntos,esEmpleado,esCliente) VALUES (176,'QOLH310124B3J','Dimitry','Lerner','Duignan','Veracruz Llave','Mayfield',054,'92288','dduignan4v@nps.gov','UUAM901927HNEVVQ21','WOLZ511926TA8','82825194139',29875.551,65,'1990-12-13',531,'false','true');
INSERT INTO persona(idPersona,rfcSucursal,nombre,pat,mat,edo,calle,num,cp,correo,curp,rfc,nss,salario,antiguedad,fechaNac,puntos,esEmpleado,esCliente) VALUES (177,'LUVK030421EIJ','Gearard','Liver','Scanderet','San Luis Potosi','Sycamore',43542,'73361','gscanderet4w@loc.gov','OURZ760839HZSTXZU2','EUTX451124T8W','70480307011',21128.421,76,'1978-04-01',238,'true','false');
INSERT INTO persona(idPersona,rfcSucursal,nombre,pat,mat,edo,calle,num,cp,correo,curp,rfc,nss,salario,antiguedad,fechaNac,puntos,esEmpleado,esCliente) VALUES (178,'AOYI910101689','Gabbie','Corker','Dorracott','Chiapas','Waywood',60,'03616','gdorracott4x@furl.net','TUCO070531HNEZZT42','YOPO1806369UQ','50171539786',45579.303,47,'2003-10-19',475,'true','true');
INSERT INTO persona(idPersona,rfcSucursal,nombre,pat,mat,edo,calle,num,cp,correo,curp,rfc,nss,salario,antiguedad,fechaNac,puntos,esEmpleado,esCliente) VALUES (179,'KAHP29103995C','Gunilla','Spykins','Muckersie','Chiapas','Arrowood',2,'50517','gmuckersie4y@java.com','NULD181417MNEXSVH9','AURB85032965Q','14373953936',44988.485,64,'1999-03-01',621,'false','true');
INSERT INTO persona(idPersona,rfcSucursal,nombre,pat,mat,edo,calle,num,cp,correo,curp,rfc,nss,salario,antiguedad,fechaNac,puntos,esEmpleado,esCliente) VALUES (180,'SUXF421335376','Burl','Schnieder','Bonsale','Chiapas','Mosinee',3110,'06590','bbonsale4z@phoca.cz','JOMW010233HNETXT68','JUHN100330093','03368724615',30705.123,72,'1973-09-03',272,'false','false');
INSERT INTO persona(idPersona,rfcSucursal,nombre,pat,mat,edo,calle,num,cp,correo,curp,rfc,nss,salario,antiguedad,fechaNac,puntos,esEmpleado,esCliente) VALUES (181,'JOAC591637UC3','Clair','Aitken','Bewicke','Veracruz Llave','Orin',1,'82608','cbewicke50@dailymail.co.uk','MUTU230035HNESZZ57','WOQM901732XD5','21155563404',40514.314,98,'1973-10-25',855,'true','false');
INSERT INTO persona(idPersona,rfcSucursal,nombre,pat,mat,edo,calle,num,cp,correo,curp,rfc,nss,salario,antiguedad,fechaNac,puntos,esEmpleado,esCliente) VALUES (182,'AOYI910101689','Thorny','Newall','Suttill','Veracruz Llave','Brown',9840,'59701','tsuttill51@rakuten.co.jp','KIAR790227HNENVZ50','HOCB0812039CS','08495843617',27316.421,18,'1993-01-15',328,'false','true');
INSERT INTO persona(idPersona,rfcSucursal,nombre,pat,mat,edo,calle,num,cp,correo,curp,rfc,nss,salario,antiguedad,fechaNac,puntos,esEmpleado,esCliente) VALUES (183,'VUYC561808C17','Bayard','Hrinchenko','Balnave','Veracruz Llave','Pond',55613,'64861','bbalnave52@guardian.co.uk','WIOM701121HNEZZXE2','ZUTK2402181NV','63686204532',31996.456,4,'1999-07-30',88,'true','true');
INSERT INTO persona(idPersona,rfcSucursal,nombre,pat,mat,edo,calle,num,cp,correo,curp,rfc,nss,salario,antiguedad,fechaNac,puntos,esEmpleado,esCliente) VALUES (184,'QURU260117138','Prissie','Summersby','Trotman','Chihuahua','Dapin',6,'01303','ptrotman53@ox.ac.uk','HUPF421102MNEXXZJ5','AOZH810318N61','53060250989',30504.982,38,'1988-06-20',862,'false','false');
INSERT INTO persona(idPersona,rfcSucursal,nombre,pat,mat,edo,calle,num,cp,correo,curp,rfc,nss,salario,antiguedad,fechaNac,puntos,esEmpleado,esCliente) VALUES (185,'KAHP29103995C','Alica','Giovannacci','Zanotti','Michoacan De Ocampo','Badeau',89316,'31182','azanotti54@ox.ac.uk','TUTS650817HNEZZX05','IUEG5109088IS','48899207984',49084.971,28,'1973-11-09',656,'true','false');
INSERT INTO persona(idPersona,rfcSucursal,nombre,pat,mat,edo,calle,num,cp,correo,curp,rfc,nss,salario,antiguedad,fechaNac,puntos,esEmpleado,esCliente) VALUES (186,'IUYT290613116','Toby','Chadd','Bellam','Puebla','Arapahoe',8,'00376','tbellam55@state.tx.us','LUUX670319MNEVQZC1','UIAD791733Q2W','14236765304',28540.185,14,'1978-08-17',487,'true','true');
INSERT INTO persona(idPersona,rfcSucursal,nombre,pat,mat,edo,calle,num,cp,correo,curp,rfc,nss,salario,antiguedad,fechaNac,puntos,esEmpleado,esCliente) VALUES (187,'TUFA9801296O4','Randy','Kliement','Shirland','Tamaulipas','Northport',39185,'02769','rshirland56@qq.com','AUKW011714MNEXZX20','KURX3418206B0','14248568669',10258.858,57,'1972-03-30',458,'false','true');
INSERT INTO persona(idPersona,rfcSucursal,nombre,pat,mat,edo,calle,num,cp,correo,curp,rfc,nss,salario,antiguedad,fechaNac,puntos,esEmpleado,esCliente) VALUES (188,'QOLH310124B3J','Dyann','Roostan','Gilhoolie','Tamaulipas','Lake View',9365,'46945','dgilhoolie57@mlb.com','JIOR600238MNEZZR64','SUMQ9419198J0','88910004257',25109.839,8,'1985-11-15',629,'true','false');
INSERT INTO persona(idPersona,rfcSucursal,nombre,pat,mat,edo,calle,num,cp,correo,curp,rfc,nss,salario,antiguedad,fechaNac,puntos,esEmpleado,esCliente) VALUES (189,'JATS33101301U','Ruthi','Spencock','Braizier','San Luis Potosi','Randy',9,'88547','rbraizier58@constantcontact.com','MUNO330431HZSZXX48','ZUYS121202UO4','55738782044',33028.954,24,'1978-04-01',208,'false','false');
INSERT INTO persona(idPersona,rfcSucursal,nombre,pat,mat,edo,calle,num,cp,correo,curp,rfc,nss,salario,antiguedad,fechaNac,puntos,esEmpleado,esCliente) VALUES (190,'QUZL111830GG0','Scarface','Andriss','Macallam','Veracruz Llave','Meadow Ridge',55,'35999','smacallam59@over-blog.com','NOIG560221MNEXZXU6','AUIW48031346W','28465007335',17705.241,49,'1970-01-26',533,'true','false');
INSERT INTO persona(idPersona,rfcSucursal,nombre,pat,mat,edo,calle,num,cp,correo,curp,rfc,nss,salario,antiguedad,fechaNac,puntos,esEmpleado,esCliente) VALUES (191,'YEAV261025N29','Solly','Fleury','Swindell','Veracruz Llave','Nelson',6140,'63347','sswindell5a@discovery.com','XUJY811338HNESXZY7','BURF0314338BS','36880623722',12402.496,82,'1994-06-20',410,'false','false');
INSERT INTO persona(idPersona,rfcSucursal,nombre,pat,mat,edo,calle,num,cp,correo,curp,rfc,nss,salario,antiguedad,fechaNac,puntos,esEmpleado,esCliente) VALUES (192,'KUEZ36143933T','Lorraine','Lawry','Stellin','Jalisco','Stuart',23,'80978','lstellin5b@marketwatch.com','HUHK801023MZSVZZR7','SUAQ5500322MT','24853160547',23707.677,74,'1982-01-09',950,'true','true');
INSERT INTO persona(idPersona,rfcSucursal,nombre,pat,mat,edo,calle,num,cp,correo,curp,rfc,nss,salario,antiguedad,fechaNac,puntos,esEmpleado,esCliente) VALUES (193,'IUYT290613116','Sidnee','Nazer','Castrillo','Michoacan De Ocampo','Mesta',56,'39701','scastrillo5c@wordpress.com','HEVS431918MVZZZV38','DUUM60072385Q','97149881567',47031.094,55,'2003-02-27',968,'false','false');
INSERT INTO persona(idPersona,rfcSucursal,nombre,pat,mat,edo,calle,num,cp,correo,curp,rfc,nss,salario,antiguedad,fechaNac,puntos,esEmpleado,esCliente) VALUES (194,'KAHP29103995C','Nathaniel','Degoix','Nuzzetti','Coahuila De Zaragoza','Bobwhite',31185,'69465','nnuzzetti5d@google.cn','RUYA970614HZSZXZW3','IOLO750033VMC','78378174187',35801.012,98,'1972-09-15',454,'false','true');
INSERT INTO persona(idPersona,rfcSucursal,nombre,pat,mat,edo,calle,num,cp,correo,curp,rfc,nss,salario,antiguedad,fechaNac,puntos,esEmpleado,esCliente) VALUES (195,'WURB800325UD8','Melva','Dell''Abbate','Battson','Chiapas','Mayfield',21,'27665','mbattson5e@wunderground.com','WOYB941123MNEZXX23','YICA901916J2L','35290726231',20222.063,40,'1983-01-15',490,'true','true');
INSERT INTO persona(idPersona,rfcSucursal,nombre,pat,mat,edo,calle,num,cp,correo,curp,rfc,nss,salario,antiguedad,fechaNac,puntos,esEmpleado,esCliente) VALUES (196,'QURU260117138','Athene','Rawlyns','Iles','Guerrero','Hoffman',8,'29703','ailes5f@hhs.gov','CUAR610930MNEXXV83','KERU271401NC7','08707189309',10173.815,7,'1998-01-31',621,'true','false');
INSERT INTO persona(idPersona,rfcSucursal,nombre,pat,mat,edo,calle,num,cp,correo,curp,rfc,nss,salario,antiguedad,fechaNac,puntos,esEmpleado,esCliente) VALUES (197,'JOAC591637UC3','Briant','Paquet','Boschmann','Guerrero','Heffernan',5372,'36981','bboschmann5g@sun.com','LUBO160431HZSZZZ50','YUDU18072269M','03215174563',29349.281,87,'1980-08-26',82,'true','true');
INSERT INTO persona(idPersona,rfcSucursal,nombre,pat,mat,edo,calle,num,cp,correo,curp,rfc,nss,salario,antiguedad,fechaNac,puntos,esEmpleado,esCliente) VALUES (198,'VUYC561808C17','Connie','Meneo','Vreiberg','Puebla','Rockefeller',19378,'13402','cvreiberg5h@chron.com','NIID441325MNEZZX60','BOMF990621S31','55980985036',41313.629,45,'1990-07-20',863,'false','true');
INSERT INTO persona(idPersona,rfcSucursal,nombre,pat,mat,edo,calle,num,cp,correo,curp,rfc,nss,salario,antiguedad,fechaNac,puntos,esEmpleado,esCliente) VALUES (199,'KUEZ36143933T','Ashla','Arnfield','Vautre','Tamaulipas','Brickson Park',343,'50185','avautre5i@toplist.cz','NUUY051629HNEZZRZ1','TIKC4710320TC','40303419986',14863.815,91,'1970-02-06',64,'false','false');
INSERT INTO persona(idPersona,rfcSucursal,nombre,pat,mat,edo,calle,num,cp,correo,curp,rfc,nss,salario,antiguedad,fechaNac,puntos,esEmpleado,esCliente) VALUES (200,'QOLH310124B3J','Haze','De Cleyne','Mansbridge','Sinaloa','Talmadge',15,'93099','hmansbridge5j@princeton.edu','UUOR540923HNEZZZF5','KIGZ790638XLE','13084607333',18535.948,60,'1984-03-03',296,'true','true');
INSERT INTO persona(idPersona,rfcSucursal,nombre,pat,mat,edo,calle,num,cp,correo,curp,rfc,nss,salario,antiguedad,fechaNac,puntos,esEmpleado,esCliente) VALUES (201,'AOYI910101689','Clarice','Broadley','Scholfield','Guerrero','Armistice',2207,'04463','cscholfield5k@nhs.uk','KOGD010228HVZZZZ56','TIWG750223YJ4','26992131841',41347.825,88,'2001-08-16',770,'true','true');
INSERT INTO persona(idPersona,rfcSucursal,nombre,pat,mat,edo,calle,num,cp,correo,curp,rfc,nss,salario,antiguedad,fechaNac,puntos,esEmpleado,esCliente) VALUES (202,'FAYW200836SC8','Quinn','Vaughan','Stappard','Veracruz Llave','3rd',752,'18450','qstappard5l@webs.com','UUJZ690424MYNZZSB0','VOKP191939UNG','30073648957',14940.577,30,'1976-02-05',53,'true','true');
INSERT INTO persona(idPersona,rfcSucursal,nombre,pat,mat,edo,calle,num,cp,correo,curp,rfc,nss,salario,antiguedad,fechaNac,puntos,esEmpleado,esCliente) VALUES (203,'MEGU930811TL3','Christine','Reynard','Trowle','Chihuahua','Gina',83,'25703','ctrowle5m@sakura.ne.jp','MULY971034HNESZZ03','IAYD431932DJG','94992938842',13435.637,60,'1972-09-27',537,'true','false');
INSERT INTO persona(idPersona,rfcSucursal,nombre,pat,mat,edo,calle,num,cp,correo,curp,rfc,nss,salario,antiguedad,fechaNac,puntos,esEmpleado,esCliente) VALUES (204,'YEAV261025N29','Barbey','Clarke-Williams','Parks','Guerrero','Shoshone',5,'44271','bparks5n@i2i.jp','DUXI761929MZSZXX15','GINT68110862V','03665462392',22909.042,52,'1973-09-14',218,'true','false');
INSERT INTO persona(idPersona,rfcSucursal,nombre,pat,mat,edo,calle,num,cp,correo,curp,rfc,nss,salario,antiguedad,fechaNac,puntos,esEmpleado,esCliente) VALUES (205,'JOAC591637UC3','Carissa','Harman','Meconi','Distrito Federal','Main',70,'85130','cmeconi5o@dot.gov','OUET901229HYNTZZG9','QEFK071316D92','28556951049',28943.037,82,'1972-10-23',207,'false','true');
INSERT INTO persona(idPersona,rfcSucursal,nombre,pat,mat,edo,calle,num,cp,correo,curp,rfc,nss,salario,antiguedad,fechaNac,puntos,esEmpleado,esCliente) VALUES (206,'LUVK030421EIJ','Alexa','Mac Geaney','McPhelimy','Nuevo Leon','Buell',3,'52554','amcphelimy5p@baidu.com','YOHN361330HTSXZT23','XUCR841838YKF','59667510607',17035.382,48,'2002-04-28',532,'false','true');
INSERT INTO persona(idPersona,rfcSucursal,nombre,pat,mat,edo,calle,num,cp,correo,curp,rfc,nss,salario,antiguedad,fechaNac,puntos,esEmpleado,esCliente) VALUES (207,'MEGU930811TL3','Esteban','Spearett','Duddan','Tamaulipas','Springs',205,'65892','eduddan5q@networksolutions.com','OURL491425MZSZZS47','GOLF76122787I','95314165568',32281.992,28,'1990-01-05',688,'true','true');
INSERT INTO persona(idPersona,rfcSucursal,nombre,pat,mat,edo,calle,num,cp,correo,curp,rfc,nss,salario,antiguedad,fechaNac,puntos,esEmpleado,esCliente) VALUES (208,'KUEZ36143933T','Cristobal','Lozano','Tweede','Sonora','Lerdahl',4,'13821','ctweede5r@lulu.com','ZUDS301134HNEZXZ37','TIKA681132936','35218354773',36717.981,36,'1994-11-20',114,'true','false');
INSERT INTO persona(idPersona,rfcSucursal,nombre,pat,mat,edo,calle,num,cp,correo,curp,rfc,nss,salario,antiguedad,fechaNac,puntos,esEmpleado,esCliente) VALUES (209,'YEAV261025N29','Billy','Chace','Andriveau','Oaxaca','Monica',1,'77314','bandriveau5s@is.gd','POQA821632HNEXSZ95','KUPI92012949W','57546208745',21305.701,54,'1993-02-20',340,'true','true');
INSERT INTO persona(idPersona,rfcSucursal,nombre,pat,mat,edo,calle,num,cp,correo,curp,rfc,nss,salario,antiguedad,fechaNac,puntos,esEmpleado,esCliente) VALUES (210,'DAEO270010PT4','Stearn','Lisciandri','Origin','Jalisco','Carioca',65,'67712','sorigin5t@altervista.org','FUBN990339MZSZNZW2','VIWB740534N4Z','34761084502',33059.79,17,'1990-12-13',286,'false','true');
INSERT INTO persona(idPersona,rfcSucursal,nombre,pat,mat,edo,calle,num,cp,correo,curp,rfc,nss,salario,antiguedad,fechaNac,puntos,esEmpleado,esCliente) VALUES (211,'FAYW200836SC8','Clio','Kyston','Dahmke','Chihuahua','Waxwing',2880,'20848','cdahmke5u@umn.edu','GOLZ570334MNEVXV31','KUSF851922141','57744675099',41498.331,93,'1974-01-29',199,'false','true');
INSERT INTO persona(idPersona,rfcSucursal,nombre,pat,mat,edo,calle,num,cp,correo,curp,rfc,nss,salario,antiguedad,fechaNac,puntos,esEmpleado,esCliente) VALUES (212,'JATS33101301U','Allen','Vittle','Leabeater','Baja California','Hermina',669,'00261','aleabeater5v@creativecommons.org','RUEW260732HZSZZZ20','WUVK601439PSC','42807032729',22044.466,62,'2002-10-03',578,'false','false');
INSERT INTO persona(idPersona,rfcSucursal,nombre,pat,mat,edo,calle,num,cp,correo,curp,rfc,nss,salario,antiguedad,fechaNac,puntos,esEmpleado,esCliente) VALUES (213,'KAHP29103995C','Piotr','Paullin','Farrants','Veracruz Llave','Oak Valley',66,'50044','pfarrants5w@icio.us','ZUFW950132MYNZZX91','UIOJ970313643','39355150638',13722.498,55,'1999-04-17',403,'true','false');
INSERT INTO persona(idPersona,rfcSucursal,nombre,pat,mat,edo,calle,num,cp,correo,curp,rfc,nss,salario,antiguedad,fechaNac,puntos,esEmpleado,esCliente) VALUES (214,'AOYI910101689','Austin','Emilien','Stein','Oaxaca','Fallview',41,'40721','astein5x@biblegateway.com','SUEQ241121HNEXZX63','BUWM2417360HG','06378870464',44414.153,53,'1972-01-11',124,'false','false');
INSERT INTO persona(idPersona,rfcSucursal,nombre,pat,mat,edo,calle,num,cp,correo,curp,rfc,nss,salario,antiguedad,fechaNac,puntos,esEmpleado,esCliente) VALUES (215,'QUZL111830GG0','Marje','Gorrick','Blance','Chiapas','Namekagon',689,'02007','mblance5y@odnoklassniki.ru','BURU060222HZSZZZB0','SUMB840836S23','81281835126',36204.222,9,'1981-09-12',883,'false','true');
INSERT INTO persona(idPersona,rfcSucursal,nombre,pat,mat,edo,calle,num,cp,correo,curp,rfc,nss,salario,antiguedad,fechaNac,puntos,esEmpleado,esCliente) VALUES (216,'QOLH310124B3J','Muriel','Swaysland','Anders','Coahuila De Zaragoza','Londonderry',70270,'35115','manders5z@who.int','HUUD280330HZSZZT69','SUMH99063951S','05411892985',22861.212,72,'2002-06-11',330,'false','true');
INSERT INTO persona(idPersona,rfcSucursal,nombre,pat,mat,edo,calle,num,cp,correo,curp,rfc,nss,salario,antiguedad,fechaNac,puntos,esEmpleado,esCliente) VALUES (217,'TUFA9801296O4','Bernardina','Martyntsev','Domke','Michoacan De Ocampo','Bunker Hill',3,'02974','bdomke60@blogspot.com','MUSX850500HNEZZXF7','LUAG1219216O0','22430687863',32914.47,41,'1986-03-08',837,'false','false');
INSERT INTO persona(idPersona,rfcSucursal,nombre,pat,mat,edo,calle,num,cp,correo,curp,rfc,nss,salario,antiguedad,fechaNac,puntos,esEmpleado,esCliente) VALUES (218,'MEGU930811TL3','Caressa','Josh','Caddick','Guerrero','Autumn Leaf',39,'69696','ccaddick61@bizjournals.com','IUVK541227HNEXXZ11','PUDW9201029LN','02641467881',49126.407,87,'1992-12-25',579,'false','true');
INSERT INTO persona(idPersona,rfcSucursal,nombre,pat,mat,edo,calle,num,cp,correo,curp,rfc,nss,salario,antiguedad,fechaNac,puntos,esEmpleado,esCliente) VALUES (219,'JATS33101301U','Vivianna','Fetterplace','Iori','Chihuahua','Shoshone',7,'81471','viori62@unc.edu','LUWP881931HNEXTZ77','CUPY051931H13','77719006140',15140.362,56,'2003-05-16',577,'false','true');
INSERT INTO persona(idPersona,rfcSucursal,nombre,pat,mat,edo,calle,num,cp,correo,curp,rfc,nss,salario,antiguedad,fechaNac,puntos,esEmpleado,esCliente) VALUES (220,'WURB800325UD8','Krissy','Wasselin','Pogson','Veracruz Llave','Everett',4164,'81064','kpogson63@wufoo.com','DUXE801029HNEXXTS2','NUBJ591415859','01601487204',40568.665,29,'1992-11-19',335,'true','true');
INSERT INTO persona(idPersona,rfcSucursal,nombre,pat,mat,edo,calle,num,cp,correo,curp,rfc,nss,salario,antiguedad,fechaNac,puntos,esEmpleado,esCliente) VALUES (221,'SUXF421335376','Gilberta','Meijer','Mate','Michoacan De Ocampo','Sachtjen',0679,'46108','gmate64@cbsnews.com','DOFH570429HNEXZXW4','FUKL700333IA6','27904486431',39936.253,44,'1989-08-14',496,'false','false');
INSERT INTO persona(idPersona,rfcSucursal,nombre,pat,mat,edo,calle,num,cp,correo,curp,rfc,nss,salario,antiguedad,fechaNac,puntos,esEmpleado,esCliente) VALUES (222,'IUYT290613116','Yoko','Wyleman','Burn','Veracruz Llave','Packers',34,'44997','yburn65@deviantart.com','WUCK010223MYNZVZ66','DUZM981526U8I','29927215155',24799.602,57,'2003-08-29',326,'true','true');
INSERT INTO persona(idPersona,rfcSucursal,nombre,pat,mat,edo,calle,num,cp,correo,curp,rfc,nss,salario,antiguedad,fechaNac,puntos,esEmpleado,esCliente) VALUES (223,'JOAC591637UC3','Sharon','Duchatel','Pindar','Michoacan De Ocampo','Grim',681,'65859','spindar66@g.co','BEGZ021138HNEVXZH8','NELF470238E00','83815481264',43071.113,45,'1997-11-25',116,'false','false');
INSERT INTO persona(idPersona,rfcSucursal,nombre,pat,mat,edo,calle,num,cp,correo,curp,rfc,nss,salario,antiguedad,fechaNac,puntos,esEmpleado,esCliente) VALUES (224,'XUQX6316033H9','Laurice','Crowder','Thraves','Oaxaca','Arizona',20076,'31045','lthraves67@blog.com','SINT280321MNEVXZ24','KIJH700236OL7','43039468415',13253.125,13,'1988-10-18',651,'true','false');
INSERT INTO persona(idPersona,rfcSucursal,nombre,pat,mat,edo,calle,num,cp,correo,curp,rfc,nss,salario,antiguedad,fechaNac,puntos,esEmpleado,esCliente) VALUES (225,'VUYC561808C17','Jermaine','O''Sullivan','Becerra','Distrito Federal','Fairview',66,'35159','jbecerra68@vinaora.com','VUCX230933HYNZXVF7','KUPH240329Q53','16994810256',19510.932,66,'1987-01-12',903,'false','true');
INSERT INTO persona(idPersona,rfcSucursal,nombre,pat,mat,edo,calle,num,cp,correo,curp,rfc,nss,salario,antiguedad,fechaNac,puntos,esEmpleado,esCliente) VALUES (226,'QOLH310124B3J','Scottie','Bayless','Letrange','Tamaulipas','Fairview',09139,'74601','sletrange69@cafepress.com','FUWK880625MNEZZXR5','NUPR4409327VS','91458038571',35786.189,66,'1972-01-29',258,'false','true');
INSERT INTO persona(idPersona,rfcSucursal,nombre,pat,mat,edo,calle,num,cp,correo,curp,rfc,nss,salario,antiguedad,fechaNac,puntos,esEmpleado,esCliente) VALUES (227,'KUEZ36143933T','Giulia','Dybald','Pele','Jalisco','Pleasure',003,'81728','gpele6a@smugmug.com','FUMI971213HNERXZ52','IIBX181811EZB','43070609762',17944.786,54,'1978-09-29',814,'true','true');
INSERT INTO persona(idPersona,rfcSucursal,nombre,pat,mat,edo,calle,num,cp,correo,curp,rfc,nss,salario,antiguedad,fechaNac,puntos,esEmpleado,esCliente) VALUES (228,'FAYW200836SC8','Aila','Cumberland','Dearness','Morelos','Artisan',8,'39745','adearness6b@free.fr','PEOX300431HNERZVN2','KUFP9910391C9','28871168524',36482.256,74,'2002-09-22',513,'true','true');
INSERT INTO persona(idPersona,rfcSucursal,nombre,pat,mat,edo,calle,num,cp,correo,curp,rfc,nss,salario,antiguedad,fechaNac,puntos,esEmpleado,esCliente) VALUES (229,'QURU260117138','Jeannette','Lassells','Furst','Coahuila De Zaragoza','Merry',379,'14722','jfurst6c@vistaprint.com','VUKO420536MVZZVXK4','FOYR990633T61','85023421455',18921.321,87,'2001-03-01',918,'false','true');
INSERT INTO persona(idPersona,rfcSucursal,nombre,pat,mat,edo,calle,num,cp,correo,curp,rfc,nss,salario,antiguedad,fechaNac,puntos,esEmpleado,esCliente) VALUES (230,'TUFA9801296O4','Lodovico','Oglevie','Elce','Guerrero','Steensland',5,'13683','lelce6d@ihg.com','HITB831626MNEVZZ12','MURK4503043XP','26409166004',44076.88,19,'1986-06-13',517,'false','true');
INSERT INTO persona(idPersona,rfcSucursal,nombre,pat,mat,edo,calle,num,cp,correo,curp,rfc,nss,salario,antiguedad,fechaNac,puntos,esEmpleado,esCliente) VALUES (231,'YEAV261025N29','Adora','Longmire','Attree','Tamaulipas','Red Cloud',41781,'74786','aattree6e@thetimes.co.uk','KOKN271137MTSZVZ05','COFD611537Y4F','94256041698',41076.376,99,'2002-11-21',180,'true','true');
INSERT INTO persona(idPersona,rfcSucursal,nombre,pat,mat,edo,calle,num,cp,correo,curp,rfc,nss,salario,antiguedad,fechaNac,puntos,esEmpleado,esCliente) VALUES (232,'JATS33101301U','Dorry','Croisier','Beneix','Coahuila De Zaragoza','Carey',7,'72248','dbeneix6f@opensource.org','LODT041532HTLXXZ81','JOMT351736M3U','52579598916',40037.916,30,'1981-04-18',36,'true','false');
INSERT INTO persona(idPersona,rfcSucursal,nombre,pat,mat,edo,calle,num,cp,correo,curp,rfc,nss,salario,antiguedad,fechaNac,puntos,esEmpleado,esCliente) VALUES (233,'DAEO270010PT4','Karlen','Dorn','Thaim','Veracruz Llave','Novick',26,'84457','kthaim6g@blogspot.com','AUJF011408HZSZZT50','ZUHN220213478','20113009200',22819.41,16,'2002-04-30',631,'true','false');
INSERT INTO persona(idPersona,rfcSucursal,nombre,pat,mat,edo,calle,num,cp,correo,curp,rfc,nss,salario,antiguedad,fechaNac,puntos,esEmpleado,esCliente) VALUES (234,'VUYC561808C17','Tarrah','Jerrold','Dubock','Morelos','Continental',462,'64063','tdubock6h@phpbb.com','DURZ600737HTLQSX24','OOLR970836558','99807993374',47130.452,70,'1992-07-08',83,'false','false');
INSERT INTO persona(idPersona,rfcSucursal,nombre,pat,mat,edo,calle,num,cp,correo,curp,rfc,nss,salario,antiguedad,fechaNac,puntos,esEmpleado,esCliente) VALUES (235,'LUVK030421EIJ','Aryn','Belliard','Dungee','San Luis Potosi','American Ash',60775,'22088','adungee6i@statcounter.com','ZUZJ680932MYNZZV58','MAFR530834W3G','22994915444',33865.617,29,'1974-02-24',398,'true','true');
INSERT INTO persona(idPersona,rfcSucursal,nombre,pat,mat,edo,calle,num,cp,correo,curp,rfc,nss,salario,antiguedad,fechaNac,puntos,esEmpleado,esCliente) VALUES (236,'SUXF421335376','Nerte','Georgelin','Sleith','Veracruz Llave','Autumn Leaf',317,'19637','nsleith6j@cmu.edu','QUGD240911HNEZVZE8','GUEZ270731PY7','42728641025',33792.941,8,'1997-08-09',594,'true','true');
INSERT INTO persona(idPersona,rfcSucursal,nombre,pat,mat,edo,calle,num,cp,correo,curp,rfc,nss,salario,antiguedad,fechaNac,puntos,esEmpleado,esCliente) VALUES (237,'KAHP29103995C','Teodor','Braunds','Grugerr','Veracruz Llave','Debra',0,'89434','tgrugerr6k@networksolutions.com','QAVB580036MVZZXZ00','MOWG0511341Q1','22172066465',40639.178,20,'1988-04-16',132,'false','false');
INSERT INTO persona(idPersona,rfcSucursal,nombre,pat,mat,edo,calle,num,cp,correo,curp,rfc,nss,salario,antiguedad,fechaNac,puntos,esEmpleado,esCliente) VALUES (238,'WURB800325UD8','Lianne','Tibbs','Zannolli','Chihuahua','Prairieview',1,'33280','lzannolli6l@about.com','ZUIA401826MNEZZZ71','BUOY050133BUC','14627938000',10705.573,58,'1993-07-20',292,'false','false');
INSERT INTO persona(idPersona,rfcSucursal,nombre,pat,mat,edo,calle,num,cp,correo,curp,rfc,nss,salario,antiguedad,fechaNac,puntos,esEmpleado,esCliente) VALUES (239,'QUZL111830GG0','Kania','Dericut','Durnill','Michoacan De Ocampo','Sherman',7,'40146','kdurnill6m@walmart.com','IUEJ741633HYNXZXF3','IUDK3011301S0','66573266985',13607.186,99,'1980-01-05',427,'true','false');
INSERT INTO persona(idPersona,rfcSucursal,nombre,pat,mat,edo,calle,num,cp,correo,curp,rfc,nss,salario,antiguedad,fechaNac,puntos,esEmpleado,esCliente) VALUES (240,'IUYT290613116','Clem','Jarry','Klimentyonok','Puebla','Harper',638,'98395','cklimentyonok6n@msn.com','ZURU061024HNETRVD8','MUPM6004319C1','14179561912',34367.53,57,'1976-08-20',841,'true','false');
INSERT INTO persona(idPersona,rfcSucursal,nombre,pat,mat,edo,calle,num,cp,correo,curp,rfc,nss,salario,antiguedad,fechaNac,puntos,esEmpleado,esCliente) VALUES (241,'XUQX6316033H9','Nola','Terzo','Houldcroft','Chihuahua','School',6,'32901','nhouldcroft6o@sohu.com','KEHS040839MNEVZZG7','JUJT761238831','14420868539',16644.034,49,'1994-12-28',780,'false','false');
INSERT INTO persona(idPersona,rfcSucursal,nombre,pat,mat,edo,calle,num,cp,correo,curp,rfc,nss,salario,antiguedad,fechaNac,puntos,esEmpleado,esCliente) VALUES (242,'JOAC591637UC3','Ernst','Deam','Dutt','Veracruz Llave','Mosinee',32207,'92114','edutt6p@hostgator.com','GOEG840433MNEVZZH7','HUWT780708960','59813766895',27574.187,49,'1980-11-16',153,'true','false');
INSERT INTO persona(idPersona,rfcSucursal,nombre,pat,mat,edo,calle,num,cp,correo,curp,rfc,nss,salario,antiguedad,fechaNac,puntos,esEmpleado,esCliente) VALUES (243,'MESL7912270IQ','Kev','Marton','Hector','Michoacan De Ocampo','Kingsford',283,'88692','khector6q@webeden.co.uk','BULT451131MZSZZXJ2','UIBD271538HEC','46866168341',10726.134,48,'1983-03-22',527,'false','true');
INSERT INTO persona(idPersona,rfcSucursal,nombre,pat,mat,edo,calle,num,cp,correo,curp,rfc,nss,salario,antiguedad,fechaNac,puntos,esEmpleado,esCliente) VALUES (244,'FAYW200836SC8','Cleopatra','Klaggeman','Salt','Sonora','Grayhawk',18,'27016','csalt6r@usa.gov','VUTC651433HVZXZZ53','XANP181838RKZ','50787055140',49831.534,10,'1989-08-19',648,'false','true');
INSERT INTO persona(idPersona,rfcSucursal,nombre,pat,mat,edo,calle,num,cp,correo,curp,rfc,nss,salario,antiguedad,fechaNac,puntos,esEmpleado,esCliente) VALUES (245,'KUEZ36143933T','Jabez','Minillo','Bullivant','Tamaulipas','Marcy',72220,'84420','jbullivant6s@usa.gov','VOEX220832MNEZXZ81','JUZC7305348D5','72410468039',38624.008,48,'1989-02-02',81,'true','false');
INSERT INTO persona(idPersona,rfcSucursal,nombre,pat,mat,edo,calle,num,cp,correo,curp,rfc,nss,salario,antiguedad,fechaNac,puntos,esEmpleado,esCliente) VALUES (246,'QOLH310124B3J','Kyle','Eddie','Pengilly','Coahuila De Zaragoza','Packers',636,'96621','kpengilly6t@omniture.com','SUQW121124MYNXVV84','AOXC260331964','81536411746',47728.155,69,'1975-04-24',616,'false','true');
INSERT INTO persona(idPersona,rfcSucursal,nombre,pat,mat,edo,calle,num,cp,correo,curp,rfc,nss,salario,antiguedad,fechaNac,puntos,esEmpleado,esCliente) VALUES (247,'AOYI910101689','Stavros','Greneham','Tooher','Veracruz Llave','Goodland',90,'60333','stooher6u@1und1.de','AUZY980225MVZZQX05','OIMC351035B3B','38130206511',26481.937,54,'1972-04-02',835,'false','true');
INSERT INTO persona(idPersona,rfcSucursal,nombre,pat,mat,edo,calle,num,cp,correo,curp,rfc,nss,salario,antiguedad,fechaNac,puntos,esEmpleado,esCliente) VALUES (248,'MEGU930811TL3','Eugen','Ertelt','Fosher','Oaxaca','Steensland',74,'86295','efosher6v@technorati.com','RAAG590637HNEZZZQ4','IOAD501434CJ0','18969177374',17536.513,79,'1978-01-29',833,'false','true');
INSERT INTO persona(idPersona,rfcSucursal,nombre,pat,mat,edo,calle,num,cp,correo,curp,rfc,nss,salario,antiguedad,fechaNac,puntos,esEmpleado,esCliente) VALUES (249,'XUQX6316033H9','Jessika','Mitro','Manuello','Oaxaca','Roxbury',672,'49248','jmanuello6w@google.co.jp','RUGN380216MZSZZZ99','OUZW950831WZ8','14969562087',19731.424,71,'1996-08-04',21,'false','true');
INSERT INTO persona(idPersona,rfcSucursal,nombre,pat,mat,edo,calle,num,cp,correo,curp,rfc,nss,salario,antiguedad,fechaNac,puntos,esEmpleado,esCliente) VALUES (250,'YEAV261025N29','Cletus','Sline','Peachment','Guerrero','Sherman',9179,'28346','cpeachment6x@imdb.com','MUQS550234HZSXZT63','YAPL780221K61','55946054695',35394.463,65,'1975-04-18',423,'true','true');

-- TELEFONO
INSERT INTO telefono(idPersona,telefono) VALUES (1,'1856112737');
INSERT INTO telefono(idPersona,telefono) VALUES (2,'2302241825');
INSERT INTO telefono(idPersona,telefono) VALUES (3,'8467097871');
INSERT INTO telefono(idPersona,telefono) VALUES (4,'5256979191');
INSERT INTO telefono(idPersona,telefono) VALUES (5,'2156009581');
INSERT INTO telefono(idPersona,telefono) VALUES (6,'5578512899');
INSERT INTO telefono(idPersona,telefono) VALUES (7,'4925958472');
INSERT INTO telefono(idPersona,telefono) VALUES (8,'4912622661');
INSERT INTO telefono(idPersona,telefono) VALUES (9,'1952803463');
INSERT INTO telefono(idPersona,telefono) VALUES (10,'5119389305');
INSERT INTO telefono(idPersona,telefono) VALUES (11,'1263527515');
INSERT INTO telefono(idPersona,telefono) VALUES (12,'7466780406');
INSERT INTO telefono(idPersona,telefono) VALUES (13,'8119873662');
INSERT INTO telefono(idPersona,telefono) VALUES (14,'2281051138');
INSERT INTO telefono(idPersona,telefono) VALUES (15,'3544840167');
INSERT INTO telefono(idPersona,telefono) VALUES (16,'7204432012');
INSERT INTO telefono(idPersona,telefono) VALUES (17,'2923702496');
INSERT INTO telefono(idPersona,telefono) VALUES (18,'2962983017');
INSERT INTO telefono(idPersona,telefono) VALUES (19,'2628424513');
INSERT INTO telefono(idPersona,telefono) VALUES (20,'5499755688');
INSERT INTO telefono(idPersona,telefono) VALUES (21,'7745586290');
INSERT INTO telefono(idPersona,telefono) VALUES (22,'7672941796');
INSERT INTO telefono(idPersona,telefono) VALUES (23,'7901325417');
INSERT INTO telefono(idPersona,telefono) VALUES (24,'8418193174');
INSERT INTO telefono(idPersona,telefono) VALUES (25,'2717110586');
INSERT INTO telefono(idPersona,telefono) VALUES (26,'2042526794');
INSERT INTO telefono(idPersona,telefono) VALUES (27,'1276532711');
INSERT INTO telefono(idPersona,telefono) VALUES (28,'7335445143');
INSERT INTO telefono(idPersona,telefono) VALUES (29,'8156790070');
INSERT INTO telefono(idPersona,telefono) VALUES (30,'1414627550');
INSERT INTO telefono(idPersona,telefono) VALUES (31,'5438468453');
INSERT INTO telefono(idPersona,telefono) VALUES (32,'3714519432');
INSERT INTO telefono(idPersona,telefono) VALUES (33,'1261951358');
INSERT INTO telefono(idPersona,telefono) VALUES (34,'9624731144');
INSERT INTO telefono(idPersona,telefono) VALUES (35,'7561261319');
INSERT INTO telefono(idPersona,telefono) VALUES (36,'4462826164');
INSERT INTO telefono(idPersona,telefono) VALUES (37,'5323521227');
INSERT INTO telefono(idPersona,telefono) VALUES (38,'7619464606');
INSERT INTO telefono(idPersona,telefono) VALUES (39,'1168643676');
INSERT INTO telefono(idPersona,telefono) VALUES (40,'4418952634');
INSERT INTO telefono(idPersona,telefono) VALUES (41,'4211140221');
INSERT INTO telefono(idPersona,telefono) VALUES (42,'7092065723');
INSERT INTO telefono(idPersona,telefono) VALUES (43,'4699177519');
INSERT INTO telefono(idPersona,telefono) VALUES (44,'9777067123');
INSERT INTO telefono(idPersona,telefono) VALUES (45,'2009447459');
INSERT INTO telefono(idPersona,telefono) VALUES (46,'5931689212');
INSERT INTO telefono(idPersona,telefono) VALUES (47,'9623641010');
INSERT INTO telefono(idPersona,telefono) VALUES (48,'5158294515');
INSERT INTO telefono(idPersona,telefono) VALUES (49,'3497283850');
INSERT INTO telefono(idPersona,telefono) VALUES (50,'4773239374');
INSERT INTO telefono(idPersona,telefono) VALUES (51,'2195755769');
INSERT INTO telefono(idPersona,telefono) VALUES (52,'8966623753');
INSERT INTO telefono(idPersona,telefono) VALUES (53,'5097817548');
INSERT INTO telefono(idPersona,telefono) VALUES (54,'9598767158');
INSERT INTO telefono(idPersona,telefono) VALUES (55,'2768828998');
INSERT INTO telefono(idPersona,telefono) VALUES (56,'3682309385');
INSERT INTO telefono(idPersona,telefono) VALUES (57,'5838717881');
INSERT INTO telefono(idPersona,telefono) VALUES (58,'1279332554');
INSERT INTO telefono(idPersona,telefono) VALUES (59,'4551350513');
INSERT INTO telefono(idPersona,telefono) VALUES (60,'5007236455');
INSERT INTO telefono(idPersona,telefono) VALUES (61,'1202223841');
INSERT INTO telefono(idPersona,telefono) VALUES (62,'2842321856');
INSERT INTO telefono(idPersona,telefono) VALUES (63,'2518433843');
INSERT INTO telefono(idPersona,telefono) VALUES (64,'8958250820');
INSERT INTO telefono(idPersona,telefono) VALUES (65,'7317369886');
INSERT INTO telefono(idPersona,telefono) VALUES (66,'2797568524');
INSERT INTO telefono(idPersona,telefono) VALUES (67,'7975583908');
INSERT INTO telefono(idPersona,telefono) VALUES (68,'4153085743');
INSERT INTO telefono(idPersona,telefono) VALUES (69,'3209316581');
INSERT INTO telefono(idPersona,telefono) VALUES (70,'2184653715');
INSERT INTO telefono(idPersona,telefono) VALUES (71,'1795347974');
INSERT INTO telefono(idPersona,telefono) VALUES (72,'3341661847');
INSERT INTO telefono(idPersona,telefono) VALUES (73,'9271178437');
INSERT INTO telefono(idPersona,telefono) VALUES (74,'4132386268');
INSERT INTO telefono(idPersona,telefono) VALUES (75,'9151173294');
INSERT INTO telefono(idPersona,telefono) VALUES (76,'9122498240');
INSERT INTO telefono(idPersona,telefono) VALUES (77,'9423300159');
INSERT INTO telefono(idPersona,telefono) VALUES (78,'4797882206');
INSERT INTO telefono(idPersona,telefono) VALUES (79,'1366845141');
INSERT INTO telefono(idPersona,telefono) VALUES (80,'6318938569');
INSERT INTO telefono(idPersona,telefono) VALUES (81,'4315817082');
INSERT INTO telefono(idPersona,telefono) VALUES (82,'8216357219');
INSERT INTO telefono(idPersona,telefono) VALUES (83,'6472743167');
INSERT INTO telefono(idPersona,telefono) VALUES (84,'4779166497');
INSERT INTO telefono(idPersona,telefono) VALUES (85,'9979050407');
INSERT INTO telefono(idPersona,telefono) VALUES (86,'7764343146');
INSERT INTO telefono(idPersona,telefono) VALUES (87,'1712255008');
INSERT INTO telefono(idPersona,telefono) VALUES (88,'9715756073');
INSERT INTO telefono(idPersona,telefono) VALUES (89,'7368681575');
INSERT INTO telefono(idPersona,telefono) VALUES (90,'8965628590');
INSERT INTO telefono(idPersona,telefono) VALUES (91,'4602717263');
INSERT INTO telefono(idPersona,telefono) VALUES (92,'5965947681');
INSERT INTO telefono(idPersona,telefono) VALUES (93,'2722975210');
INSERT INTO telefono(idPersona,telefono) VALUES (94,'7095809860');
INSERT INTO telefono(idPersona,telefono) VALUES (95,'3529716536');
INSERT INTO telefono(idPersona,telefono) VALUES (96,'7501819429');
INSERT INTO telefono(idPersona,telefono) VALUES (97,'9128187018');
INSERT INTO telefono(idPersona,telefono) VALUES (98,'4221805599');
INSERT INTO telefono(idPersona,telefono) VALUES (99,'6715864807');
INSERT INTO telefono(idPersona,telefono) VALUES (100,'2238929456');
INSERT INTO telefono(idPersona,telefono) VALUES (101,'3023620986');
INSERT INTO telefono(idPersona,telefono) VALUES (102,'4953149445');
INSERT INTO telefono(idPersona,telefono) VALUES (103,'2811911437');
INSERT INTO telefono(idPersona,telefono) VALUES (104,'1685107065');
INSERT INTO telefono(idPersona,telefono) VALUES (105,'6371183390');
INSERT INTO telefono(idPersona,telefono) VALUES (106,'5202299668');
INSERT INTO telefono(idPersona,telefono) VALUES (107,'2044178638');
INSERT INTO telefono(idPersona,telefono) VALUES (108,'5246136819');
INSERT INTO telefono(idPersona,telefono) VALUES (109,'2426928102');
INSERT INTO telefono(idPersona,telefono) VALUES (110,'2604229950');
INSERT INTO telefono(idPersona,telefono) VALUES (111,'3699450587');
INSERT INTO telefono(idPersona,telefono) VALUES (112,'8157721543');
INSERT INTO telefono(idPersona,telefono) VALUES (113,'7009718913');
INSERT INTO telefono(idPersona,telefono) VALUES (114,'6075361717');
INSERT INTO telefono(idPersona,telefono) VALUES (115,'6094850083');
INSERT INTO telefono(idPersona,telefono) VALUES (116,'5175534998');
INSERT INTO telefono(idPersona,telefono) VALUES (117,'1703660376');
INSERT INTO telefono(idPersona,telefono) VALUES (118,'2951896274');
INSERT INTO telefono(idPersona,telefono) VALUES (119,'4948518269');
INSERT INTO telefono(idPersona,telefono) VALUES (120,'2897606810');
INSERT INTO telefono(idPersona,telefono) VALUES (121,'3908767255');
INSERT INTO telefono(idPersona,telefono) VALUES (122,'3944782746');
INSERT INTO telefono(idPersona,telefono) VALUES (123,'7183992515');
INSERT INTO telefono(idPersona,telefono) VALUES (124,'4442003449');
INSERT INTO telefono(idPersona,telefono) VALUES (125,'7371075554');
INSERT INTO telefono(idPersona,telefono) VALUES (126,'8399902687');
INSERT INTO telefono(idPersona,telefono) VALUES (127,'9863979336');
INSERT INTO telefono(idPersona,telefono) VALUES (128,'3715777590');
INSERT INTO telefono(idPersona,telefono) VALUES (129,'2249487950');
INSERT INTO telefono(idPersona,telefono) VALUES (130,'5999006782');
INSERT INTO telefono(idPersona,telefono) VALUES (131,'5134006878');
INSERT INTO telefono(idPersona,telefono) VALUES (132,'1232855908');
INSERT INTO telefono(idPersona,telefono) VALUES (133,'4367609117');
INSERT INTO telefono(idPersona,telefono) VALUES (134,'3435521144');
INSERT INTO telefono(idPersona,telefono) VALUES (135,'2968077366');
INSERT INTO telefono(idPersona,telefono) VALUES (136,'2804488402');
INSERT INTO telefono(idPersona,telefono) VALUES (137,'4273040196');
INSERT INTO telefono(idPersona,telefono) VALUES (138,'9416458945');
INSERT INTO telefono(idPersona,telefono) VALUES (139,'9508905372');
INSERT INTO telefono(idPersona,telefono) VALUES (140,'7902413652');
INSERT INTO telefono(idPersona,telefono) VALUES (141,'3825208301');
INSERT INTO telefono(idPersona,telefono) VALUES (142,'8745914386');
INSERT INTO telefono(idPersona,telefono) VALUES (143,'1427134942');
INSERT INTO telefono(idPersona,telefono) VALUES (144,'2501070854');
INSERT INTO telefono(idPersona,telefono) VALUES (145,'9625797400');
INSERT INTO telefono(idPersona,telefono) VALUES (146,'8418093841');
INSERT INTO telefono(idPersona,telefono) VALUES (147,'1975734429');
INSERT INTO telefono(idPersona,telefono) VALUES (148,'9087129014');
INSERT INTO telefono(idPersona,telefono) VALUES (149,'6267700628');
INSERT INTO telefono(idPersona,telefono) VALUES (150,'5454862373');
INSERT INTO telefono(idPersona,telefono) VALUES (151,'3525494327');
INSERT INTO telefono(idPersona,telefono) VALUES (152,'4833296961');
INSERT INTO telefono(idPersona,telefono) VALUES (153,'9447813395');
INSERT INTO telefono(idPersona,telefono) VALUES (154,'7019074861');
INSERT INTO telefono(idPersona,telefono) VALUES (155,'5881015896');
INSERT INTO telefono(idPersona,telefono) VALUES (156,'6228389062');
INSERT INTO telefono(idPersona,telefono) VALUES (157,'4314288007');
INSERT INTO telefono(idPersona,telefono) VALUES (158,'6975648399');
INSERT INTO telefono(idPersona,telefono) VALUES (159,'7858974733');
INSERT INTO telefono(idPersona,telefono) VALUES (160,'5417120724');
INSERT INTO telefono(idPersona,telefono) VALUES (161,'3708895964');
INSERT INTO telefono(idPersona,telefono) VALUES (162,'4258498551');
INSERT INTO telefono(idPersona,telefono) VALUES (163,'8051984689');
INSERT INTO telefono(idPersona,telefono) VALUES (164,'5053452080');
INSERT INTO telefono(idPersona,telefono) VALUES (165,'3957209417');
INSERT INTO telefono(idPersona,telefono) VALUES (166,'3013815596');
INSERT INTO telefono(idPersona,telefono) VALUES (167,'8802964733');
INSERT INTO telefono(idPersona,telefono) VALUES (168,'3981607738');
INSERT INTO telefono(idPersona,telefono) VALUES (169,'9474027045');
INSERT INTO telefono(idPersona,telefono) VALUES (170,'7556708501');
INSERT INTO telefono(idPersona,telefono) VALUES (171,'4822260711');
INSERT INTO telefono(idPersona,telefono) VALUES (172,'9003011476');
INSERT INTO telefono(idPersona,telefono) VALUES (173,'3369487972');
INSERT INTO telefono(idPersona,telefono) VALUES (174,'8642145282');
INSERT INTO telefono(idPersona,telefono) VALUES (175,'4812499727');
INSERT INTO telefono(idPersona,telefono) VALUES (176,'3971505032');
INSERT INTO telefono(idPersona,telefono) VALUES (177,'3061392094');
INSERT INTO telefono(idPersona,telefono) VALUES (178,'9531562646');
INSERT INTO telefono(idPersona,telefono) VALUES (179,'1891378543');
INSERT INTO telefono(idPersona,telefono) VALUES (180,'3239170748');
INSERT INTO telefono(idPersona,telefono) VALUES (181,'6817720584');
INSERT INTO telefono(idPersona,telefono) VALUES (182,'3095983547');
INSERT INTO telefono(idPersona,telefono) VALUES (183,'3577734157');
INSERT INTO telefono(idPersona,telefono) VALUES (184,'5297859548');
INSERT INTO telefono(idPersona,telefono) VALUES (185,'2627922566');
INSERT INTO telefono(idPersona,telefono) VALUES (186,'7283461692');
INSERT INTO telefono(idPersona,telefono) VALUES (187,'4684974744');
INSERT INTO telefono(idPersona,telefono) VALUES (188,'3587017976');
INSERT INTO telefono(idPersona,telefono) VALUES (189,'7193077447');
INSERT INTO telefono(idPersona,telefono) VALUES (190,'5306520468');
INSERT INTO telefono(idPersona,telefono) VALUES (191,'5793858141');
INSERT INTO telefono(idPersona,telefono) VALUES (192,'1505857304');
INSERT INTO telefono(idPersona,telefono) VALUES (193,'2264476905');
INSERT INTO telefono(idPersona,telefono) VALUES (194,'4259295385');
INSERT INTO telefono(idPersona,telefono) VALUES (195,'3067736233');
INSERT INTO telefono(idPersona,telefono) VALUES (196,'5942478574');
INSERT INTO telefono(idPersona,telefono) VALUES (197,'3428509270');
INSERT INTO telefono(idPersona,telefono) VALUES (198,'7975378181');
INSERT INTO telefono(idPersona,telefono) VALUES (199,'4027833135');
INSERT INTO telefono(idPersona,telefono) VALUES (200,'8946913720');
INSERT INTO telefono(idPersona,telefono) VALUES (201,'2465431738');
INSERT INTO telefono(idPersona,telefono) VALUES (202,'1943742459');
INSERT INTO telefono(idPersona,telefono) VALUES (203,'2996832211');
INSERT INTO telefono(idPersona,telefono) VALUES (204,'6282951806');
INSERT INTO telefono(idPersona,telefono) VALUES (205,'7385650782');
INSERT INTO telefono(idPersona,telefono) VALUES (206,'7767689665');
INSERT INTO telefono(idPersona,telefono) VALUES (207,'8986600652');
INSERT INTO telefono(idPersona,telefono) VALUES (208,'2018096273');
INSERT INTO telefono(idPersona,telefono) VALUES (209,'2885977604');
INSERT INTO telefono(idPersona,telefono) VALUES (210,'8825693780');
INSERT INTO telefono(idPersona,telefono) VALUES (211,'6124109262');
INSERT INTO telefono(idPersona,telefono) VALUES (212,'1717711976');
INSERT INTO telefono(idPersona,telefono) VALUES (213,'3362125583');
INSERT INTO telefono(idPersona,telefono) VALUES (214,'3867768371');
INSERT INTO telefono(idPersona,telefono) VALUES (215,'8847425623');
INSERT INTO telefono(idPersona,telefono) VALUES (216,'7513498415');
INSERT INTO telefono(idPersona,telefono) VALUES (217,'5332305808');
INSERT INTO telefono(idPersona,telefono) VALUES (218,'5094330794');
INSERT INTO telefono(idPersona,telefono) VALUES (219,'3489263844');
INSERT INTO telefono(idPersona,telefono) VALUES (220,'5748224488');
INSERT INTO telefono(idPersona,telefono) VALUES (221,'4977862308');
INSERT INTO telefono(idPersona,telefono) VALUES (222,'2351450634');
INSERT INTO telefono(idPersona,telefono) VALUES (223,'3897625804');
INSERT INTO telefono(idPersona,telefono) VALUES (224,'1053608174');
INSERT INTO telefono(idPersona,telefono) VALUES (225,'5183152440');
INSERT INTO telefono(idPersona,telefono) VALUES (226,'8105798375');
INSERT INTO telefono(idPersona,telefono) VALUES (227,'1315174452');
INSERT INTO telefono(idPersona,telefono) VALUES (228,'1384413416');
INSERT INTO telefono(idPersona,telefono) VALUES (229,'9184706553');
INSERT INTO telefono(idPersona,telefono) VALUES (230,'9911883145');
INSERT INTO telefono(idPersona,telefono) VALUES (231,'8448878963');
INSERT INTO telefono(idPersona,telefono) VALUES (232,'7213223128');
INSERT INTO telefono(idPersona,telefono) VALUES (233,'6977324164');
INSERT INTO telefono(idPersona,telefono) VALUES (234,'1737868139');
INSERT INTO telefono(idPersona,telefono) VALUES (235,'1715067533');
INSERT INTO telefono(idPersona,telefono) VALUES (236,'2131276521');
INSERT INTO telefono(idPersona,telefono) VALUES (237,'3613221361');
INSERT INTO telefono(idPersona,telefono) VALUES (238,'9222448290');
INSERT INTO telefono(idPersona,telefono) VALUES (239,'4388082771');
INSERT INTO telefono(idPersona,telefono) VALUES (240,'7908982976');
INSERT INTO telefono(idPersona,telefono) VALUES (241,'2965342671');
INSERT INTO telefono(idPersona,telefono) VALUES (242,'6205511565');
INSERT INTO telefono(idPersona,telefono) VALUES (243,'8084149740');
INSERT INTO telefono(idPersona,telefono) VALUES (244,'2408004660');
INSERT INTO telefono(idPersona,telefono) VALUES (245,'4382416107');
INSERT INTO telefono(idPersona,telefono) VALUES (246,'7726053774');
INSERT INTO telefono(idPersona,telefono) VALUES (247,'5731203784');
INSERT INTO telefono(idPersona,telefono) VALUES (248,'5602013482');
INSERT INTO telefono(idPersona,telefono) VALUES (249,'9196253140');
INSERT INTO telefono(idPersona,telefono) VALUES (250,'8873383917');

-- PARRILLERO
INSERT INTO parrillero(idPersona) VALUES (18);
INSERT INTO parrillero(idPersona) VALUES (251);
INSERT INTO parrillero(idPersona) VALUES (98);
INSERT INTO parrillero(idPersona) VALUES (49);
INSERT INTO parrillero(idPersona) VALUES (121);
INSERT INTO parrillero(idPersona) VALUES (201);
INSERT INTO parrillero(idPersona) VALUES (125);
INSERT INTO parrillero(idPersona) VALUES (174);
INSERT INTO parrillero(idPersona) VALUES (212);
INSERT INTO parrillero(idPersona) VALUES (100);
INSERT INTO parrillero(idPersona) VALUES (66);
INSERT INTO parrillero(idPersona) VALUES (35);
INSERT INTO parrillero(idPersona) VALUES (89);
INSERT INTO parrillero(idPersona) VALUES (109);
INSERT INTO parrillero(idPersona) VALUES (162);
INSERT INTO parrillero(idPersona) VALUES (197);
INSERT INTO parrillero(idPersona) VALUES (225);
INSERT INTO parrillero(idPersona) VALUES (161);
INSERT INTO parrillero(idPersona) VALUES (120);
INSERT INTO parrillero(idPersona) VALUES (106);



-- TORTILLERO
INSERT INTO tortillero(idPersona) VALUES (99);
INSERT INTO tortillero(idPersona) VALUES (86);
INSERT INTO tortillero(idPersona) VALUES (78);
INSERT INTO tortillero(idPersona) VALUES (71);
INSERT INTO tortillero(idPersona) VALUES (68);
INSERT INTO tortillero(idPersona) VALUES (66);
INSERT INTO tortillero(idPersona) VALUES (64);
INSERT INTO tortillero(idPersona) VALUES (63);
INSERT INTO tortillero(idPersona) VALUES (121);
INSERT INTO tortillero(idPersona) VALUES (120);
INSERT INTO tortillero(idPersona) VALUES (136);
INSERT INTO tortillero(idPersona) VALUES (134);
INSERT INTO tortillero(idPersona) VALUES (144);
INSERT INTO tortillero(idPersona) VALUES (146);
INSERT INTO tortillero(idPersona) VALUES (159);
INSERT INTO tortillero(idPersona) VALUES (158);
INSERT INTO tortillero(idPersona) VALUES (177);
INSERT INTO tortillero(idPersona) VALUES (176);
INSERT INTO tortillero(idPersona) VALUES (194);
INSERT INTO tortillero(idPersona) VALUES (224);



-- CAJERO
INSERT INTO cajero(idPersona) VALUES (1);
INSERT INTO cajero(idPersona) VALUES (2);
INSERT INTO cajero(idPersona) VALUES (3);
INSERT INTO cajero(idPersona) VALUES (4);
INSERT INTO cajero(idPersona) VALUES (5);
INSERT INTO cajero(idPersona) VALUES (6);
INSERT INTO cajero(idPersona) VALUES (7);
INSERT INTO cajero(idPersona) VALUES (8);
INSERT INTO cajero(idPersona) VALUES (9);
INSERT INTO cajero(idPersona) VALUES (249);
INSERT INTO cajero(idPersona) VALUES (250);
INSERT INTO cajero(idPersona) VALUES (64);
INSERT INTO cajero(idPersona) VALUES (66);
INSERT INTO cajero(idPersona) VALUES (194);
INSERT INTO cajero(idPersona) VALUES (189);
INSERT INTO cajero(idPersona) VALUES (171);
INSERT INTO cajero(idPersona) VALUES (170);
INSERT INTO cajero(idPersona) VALUES (147);
INSERT INTO cajero(idPersona) VALUES (146);
INSERT INTO cajero(idPersona) VALUES (136);



-- MESERO
INSERT INTO mesero(idPersona) VALUES (1);
INSERT INTO mesero(idPersona) VALUES (2);
INSERT INTO mesero(idPersona) VALUES (3);
INSERT INTO mesero(idPersona) VALUES (4);
INSERT INTO mesero(idPersona) VALUES (5);
INSERT INTO mesero(idPersona) VALUES (6);
INSERT INTO mesero(idPersona) VALUES (7);
INSERT INTO mesero(idPersona) VALUES (8);
INSERT INTO mesero(idPersona) VALUES (9);
INSERT INTO mesero(idPersona) VALUES (11);
INSERT INTO mesero(idPersona) VALUES (13);
INSERT INTO mesero(idPersona) VALUES (18);
INSERT INTO mesero(idPersona) VALUES (19);
INSERT INTO mesero(idPersona) VALUES (20);
INSERT INTO mesero(idPersona) VALUES (21);
INSERT INTO mesero(idPersona) VALUES (23);
INSERT INTO mesero(idPersona) VALUES (25);
INSERT INTO mesero(idPersona) VALUES (26);
INSERT INTO mesero(idPersona) VALUES (27);
INSERT INTO mesero(idPersona) VALUES (28);


-- TAQUERO
INSERT INTO taquero(idPersona) VALUES (31);
INSERT INTO taquero(idPersona) VALUES (32);
INSERT INTO taquero(idPersona) VALUES (33);
INSERT INTO taquero(idPersona) VALUES (35);
INSERT INTO taquero(idPersona) VALUES (38);
INSERT INTO taquero(idPersona) VALUES (39);
INSERT INTO taquero(idPersona) VALUES (40);
INSERT INTO taquero(idPersona) VALUES (49);
INSERT INTO taquero(idPersona) VALUES (47);
INSERT INTO taquero(idPersona) VALUES (52);
INSERT INTO taquero(idPersona) VALUES (55);
INSERT INTO taquero(idPersona) VALUES (59);
INSERT INTO taquero(idPersona) VALUES (60);
INSERT INTO taquero(idPersona) VALUES (61);
INSERT INTO taquero(idPersona) VALUES (63);
INSERT INTO taquero(idPersona) VALUES (64);
INSERT INTO taquero(idPersona) VALUES (65);
INSERT INTO taquero(idPersona) VALUES (66);
INSERT INTO taquero(idPersona) VALUES (78);
INSERT INTO taquero(idPersona) VALUES (79);



-- REPARTIDOR
INSERT INTO repartidor(idPersona) VALUES (31);
INSERT INTO repartidor(idPersona) VALUES (78);
INSERT INTO repartidor(idPersona) VALUES (79);
INSERT INTO repartidor(idPersona) VALUES (96);
INSERT INTO repartidor(idPersona) VALUES (97);
INSERT INTO repartidor(idPersona) VALUES (98);
INSERT INTO repartidor(idPersona) VALUES (99);
INSERT INTO repartidor(idPersona) VALUES (100);
INSERT INTO repartidor(idPersona) VALUES (120);
INSERT INTO repartidor(idPersona) VALUES (121);
INSERT INTO repartidor(idPersona) VALUES (122);
INSERT INTO repartidor(idPersona) VALUES (127);
INSERT INTO repartidor(idPersona) VALUES (128);
INSERT INTO repartidor(idPersona) VALUES (136);
INSERT INTO repartidor(idPersona) VALUES (137);
INSERT INTO repartidor(idPersona) VALUES (138);
INSERT INTO repartidor(idPersona) VALUES (146);
INSERT INTO repartidor(idPersona) VALUES (147);
INSERT INTO repartidor(idPersona) VALUES (155);
INSERT INTO repartidor(idPersona) VALUES (158);



-- MOTOCICLETA
INSERT INTO motocicleta(idTransporte, modelo, marca, numLic) VALUES (1, 'tricity', 'italika', 471565876);
INSERT INTO motocicleta(idTransporte, modelo, marca, numLic) VALUES (2, 'zitmuv',' harley davidson', 185467388);
INSERT INTO motocicleta(idTransporte, modelo, marca, numLic) VALUES (3, 'zitmuv', 'bmw', 248445639);
INSERT INTO motocicleta(idTransporte, modelo, marca, numLic) VALUES (4, 'macbor', 'suzuki', 493096921);
INSERT INTO motocicleta(idTransporte, modelo, marca, numLic) VALUES (5, 'tricity', 'bmw', 428147815);
INSERT INTO motocicleta(idTransporte, modelo, marca, numLic) VALUES (6, 'macbor', 'harley davidson', 925729206);
INSERT INTO motocicleta(idTransporte, modelo, marca, numLic) VALUES (7, 'keeway', 'harley davidson', 047357296);
INSERT INTO motocicleta(idTransporte, modelo, marca, numLic) VALUES (8, 'lambretta', 'suzuki', 002649662);
INSERT INTO motocicleta(idTransporte, modelo, marca, numLic) VALUES (9, 'tricity', 'italika', 843584746);
INSERT INTO motocicleta(idTransporte, modelo, marca, numLic) VALUES (10, 'keeway', 'bmw', 427928748);
INSERT INTO motocicleta(idTransporte, modelo, marca, numLic) VALUES (11, 'zontes', 'italika', 928620004);
INSERT INTO motocicleta(idTransporte, modelo, marca, numLic) VALUES (12, 'keeway', 'suzuki', 805671555);
INSERT INTO motocicleta(idTransporte, modelo, marca, numLic) VALUES (13, 'macbor', 'honda', 188665460);
INSERT INTO motocicleta(idTransporte, modelo, marca, numLic) VALUES (14, 'zitmuv', 'bmw', 443098871);
INSERT INTO motocicleta(idTransporte, modelo, marca, numLic) VALUES (15, 'keeway', 'suzuki', 934004701);
INSERT INTO motocicleta(idTransporte, modelo, marca, numLic) VALUES (16, 'macbor', 'honda', 708346951);
INSERT INTO motocicleta(idTransporte, modelo, marca, numLic) VALUES (17, 'zontes', 'bmw', 705682253);
INSERT INTO motocicleta(idTransporte, modelo, marca, numLic) VALUES (18, 'keeway', 'suzuki', 634966305);
INSERT INTO motocicleta(idTransporte, modelo, marca, numLic) VALUES (19, 'zitmuv', 'suzuki', 636192522);
INSERT INTO motocicleta(idTransporte, modelo, marca, numLic) VALUES (20, 'macbor', 'suzuki', 223131323);



-- TENER MOTO
INSERT INTO tenerMoto(idPersona, idTransporte) VALUES (31, 3);
INSERT INTO tenerMoto(idPersona, idTransporte) VALUES (78, 7);
INSERT INTO tenerMoto(idPersona, idTransporte) VALUES (31, 12);
INSERT INTO tenerMoto(idPersona, idTransporte) VALUES (96, 1);
INSERT INTO tenerMoto(idPersona, idTransporte) VALUES (98, 8);
INSERT INTO tenerMoto(idPersona, idTransporte) VALUES (31, 9);
INSERT INTO tenerMoto(idPersona, idTransporte) VALUES (99, 18);
INSERT INTO tenerMoto(idPersona, idTransporte) VALUES (97, 17);
INSERT INTO tenerMoto(idPersona, idTransporte) VALUES (97, 20);
INSERT INTO tenerMoto(idPersona, idTransporte) VALUES (100, 2);
INSERT INTO tenerMoto(idPersona, idTransporte) VALUES (120, 4);
INSERT INTO tenerMoto(idPersona, idTransporte) VALUES (120, 6);
INSERT INTO tenerMoto(idPersona, idTransporte) VALUES (147, 11);
INSERT INTO tenerMoto(idPersona, idTransporte) VALUES (146, 5);
INSERT INTO tenerMoto(idPersona, idTransporte) VALUES (138, 10);
INSERT INTO tenerMoto(idPersona, idTransporte) VALUES (137, 14);
INSERT INTO tenerMoto(idPersona, idTransporte) VALUES (136, 13);
INSERT INTO tenerMoto(idPersona, idTransporte) VALUES (78, 15);
INSERT INTO tenerMoto(idPersona, idTransporte) VALUES (122, 16);
INSERT INTO tenerMoto(idPersona, idTransporte) VALUES (121, 19);



-- BICICLETA
INSERT INTO bicicleta(idTransporte, modelo, marca) VALUES (1, 'bmx', 'benotto');
INSERT INTO bicicleta(idTransporte, modelo, marca) VALUES (2, 'montañera', 'merida');
INSERT INTO bicicleta(idTransporte, modelo, marca) VALUES (3, 'montañera', 'orbea');
INSERT INTO bicicleta(idTransporte, modelo, marca) VALUES (4, 'montañera', 'merida');
INSERT INTO bicicleta(idTransporte, modelo, marca) VALUES (5, 'carretera', 'merida');
INSERT INTO bicicleta(idTransporte, modelo, marca) VALUES (6, 'bmx', 'scott');
INSERT INTO bicicleta(idTransporte, modelo, marca) VALUES (7, 'carretera', 'merida');
INSERT INTO bicicleta(idTransporte, modelo, marca) VALUES (8, 'montañera', 'merida');
INSERT INTO bicicleta(idTransporte, modelo, marca) VALUES (9, 'urbana', 'scott');
INSERT INTO bicicleta(idTransporte, modelo, marca) VALUES (10, 'urbana', 'orbea');
INSERT INTO bicicleta(idTransporte, modelo, marca) VALUES (11, 'montañera', 'benotto');
INSERT INTO bicicleta(idTransporte, modelo, marca) VALUES (12, 'competicion', 'scott');
INSERT INTO bicicleta(idTransporte, modelo, marca) VALUES (13, 'carretera', 'merida');
INSERT INTO bicicleta(idTransporte, modelo, marca) VALUES (14, 'carretera', 'orbea');
INSERT INTO bicicleta(idTransporte, modelo, marca) VALUES (15, 'competicion', 'benotto');
INSERT INTO bicicleta(idTransporte, modelo, marca) VALUES (16, 'montañera', 'merida');
INSERT INTO bicicleta(idTransporte, modelo, marca) VALUES (17, 'bmx', 'merida');
INSERT INTO bicicleta(idTransporte, modelo, marca) VALUES (18, 'urbana', 'orbea');
INSERT INTO bicicleta(idTransporte, modelo, marca) VALUES (19, 'urbana', 'orbea');
INSERT INTO bicicleta(idTransporte, modelo, marca) VALUES (20, 'competicion', 'scott');



-- TENER BICI
INSERT INTO tenerBici(idPersona, idTransporte) VALUES (78, 1);
INSERT INTO tenerBici(idPersona, idTransporte) VALUES (138, 2);
INSERT INTO tenerBici(idPersona, idTransporte) VALUES (146, 3);
INSERT INTO tenerBici(idPersona, idTransporte) VALUES (78, 4);
INSERT INTO tenerBici(idPersona, idTransporte) VALUES (79, 5);
INSERT INTO tenerBici(idPersona, idTransporte) VALUES (138, 6);
INSERT INTO tenerBici(idPersona, idTransporte) VALUES (147, 7);
INSERT INTO tenerBici(idPersona, idTransporte) VALUES (79, 8);
INSERT INTO tenerBici(idPersona, idTransporte) VALUES (99, 9);
INSERT INTO tenerBici(idPersona, idTransporte) VALUES (100, 10);
INSERT INTO tenerBici(idPersona, idTransporte) VALUES (100, 11);
INSERT INTO tenerBici(idPersona, idTransporte) VALUES (99, 12);
INSERT INTO tenerBici(idPersona, idTransporte) VALUES (136, 13);
INSERT INTO tenerBici(idPersona, idTransporte) VALUES (158, 14);
INSERT INTO tenerBici(idPersona, idTransporte) VALUES (97, 15);
INSERT INTO tenerBici(idPersona, idTransporte) VALUES (79, 16);
INSERT INTO tenerBici(idPersona, idTransporte) VALUES (155, 17);
INSERT INTO tenerBici(idPersona, idTransporte) VALUES (98, 18);
INSERT INTO tenerBici(idPersona, idTransporte) VALUES (137, 19);
INSERT INTO tenerBici(idPersona, idTransporte) VALUES (120, 20);

-- TICKET

INSERT INTO ticket(idTicket,idPersonaMesero,idPersona,rfc,idPago,fecha,detalleProducto) VALUES (1,21,130,'QUZL111830GG0',153,'2020-07-02 08:12:15','Burrito Jr.');
INSERT INTO ticket(idTicket,idPersonaMesero,idPersona,rfc,idPago,fecha,detalleProducto) VALUES (2,2,29,'MESL7912270IQ',285,'2020-05-22 19:33:50','Taco longaniza');
INSERT INTO ticket(idTicket,idPersonaMesero,idPersona,rfc,idPago,fecha,detalleProducto) VALUES (3,18,43,'LUVK030421EIJ',74,'2021-12-30 13:36:23','Gringa de pastor');
INSERT INTO ticket(idTicket,idPersonaMesero,idPersona,rfc,idPago,fecha,detalleProducto) VALUES (4,7,182,'IUYT290613116',18,'2020-05-30 17:26:56','Salsa roja');
INSERT INTO ticket(idTicket,idPersonaMesero,idPersona,rfc,idPago,fecha,detalleProducto) VALUES (5,9,221,'YEAV261025N29',163,'2020-07-18 12:00:19','Torta de pollo con queso');
INSERT INTO ticket(idTicket,idPersonaMesero,idPersona,rfc,idPago,fecha,detalleProducto) VALUES (6,1,12,'AOYI910101689',141,'2022-03-03 08:22:56','Burrito Pollo');
INSERT INTO ticket(idTicket,idPersonaMesero,idPersona,rfc,idPago,fecha,detalleProducto) VALUES (7,20,137,'QURU260117138',223,'2021-06-18 23:44:19','Gringa de pastor con queso');
INSERT INTO ticket(idTicket,idPersonaMesero,idPersona,rfc,idPago,fecha,detalleProducto) VALUES (8,26,71,'DAEO270010PT4',173,'2020-08-06 16:50:06','Torta de bistec con queso');
INSERT INTO ticket(idTicket,idPersonaMesero,idPersona,rfc,idPago,fecha,detalleProducto) VALUES (9,11,190,'QOLH310124B3J',152,'2020-10-02 08:51:21','Torta de pollo');
INSERT INTO ticket(idTicket,idPersonaMesero,idPersona,rfc,idPago,fecha,detalleProducto) VALUES (10,5,213,'SUXF421335376',77,'2020-12-29 16:37:50','Burrito al pastor');
INSERT INTO ticket(idTicket,idPersonaMesero,idPersona,rfc,idPago,fecha,detalleProducto) VALUES (11,28,203,'TUFA9801296O4',300,'2021-09-29 04:35:50','Taco pastor con queso');
INSERT INTO ticket(idTicket,idPersonaMesero,idPersona,rfc,idPago,fecha,detalleProducto) VALUES (12,23,142,'MEGU930811TL3',93,'2021-05-30 21:33:17','Vegetariano');
INSERT INTO ticket(idTicket,idPersonaMesero,idPersona,rfc,idPago,fecha,detalleProducto) VALUES (13,13,180,'VUYC561808C17',250,'2021-05-18 15:48:27','Burrito al pastor');
INSERT INTO ticket(idTicket,idPersonaMesero,idPersona,rfc,idPago,fecha,detalleProducto) VALUES (14,25,139,'WURB800325UD8',239,'2021-03-20 17:52:16','Salsa mango habanero');
INSERT INTO ticket(idTicket,idPersonaMesero,idPersona,rfc,idPago,fecha,detalleProducto) VALUES (15,27,246,'XUQX6316033H9',219,'2020-08-30 17:49:54','Taco pastor dorado');
INSERT INTO ticket(idTicket,idPersonaMesero,idPersona,rfc,idPago,fecha,detalleProducto) VALUES (16,3,27,'JATS33101301U',256,'2021-04-15 19:30:58','Burrito carne asada');
INSERT INTO ticket(idTicket,idPersonaMesero,idPersona,rfc,idPago,fecha,detalleProducto) VALUES (17,7,39,'SUXF421335376',25,'2021-11-12 06:06:56','Burrito carne asada');
INSERT INTO ticket(idTicket,idPersonaMesero,idPersona,rfc,idPago,fecha,detalleProducto) VALUES (18,8,82,'KUEZ36143933T',159,'2021-05-11 15:05:08','Taco pastor con queso');
INSERT INTO ticket(idTicket,idPersonaMesero,idPersona,rfc,idPago,fecha,detalleProducto) VALUES (19,25,84,'QOLH310124B3J',216,'2021-07-19 07:33:18','Vegetariano');
INSERT INTO ticket(idTicket,idPersonaMesero,idPersona,rfc,idPago,fecha,detalleProducto) VALUES (20,13,108,'VUYC561808C17',229,'2021-02-25 13:18:13','Gringa de pastor con queso');
INSERT INTO ticket(idTicket,idPersonaMesero,idPersona,rfc,idPago,fecha,detalleProducto) VALUES (21,20,98,'YEAV261025N29',51,'2020-12-14 03:01:28','Quesadillas de sesos');
INSERT INTO ticket(idTicket,idPersonaMesero,idPersona,rfc,idPago,fecha,detalleProducto) VALUES (22,28,249,'TUFA9801296O4',180,'2022-05-21 04:57:43','Gallito');
INSERT INTO ticket(idTicket,idPersonaMesero,idPersona,rfc,idPago,fecha,detalleProducto) VALUES (23,4,37,'QURU260117138',291,'2021-07-11 07:46:59','Taco longaniza con queso');
INSERT INTO ticket(idTicket,idPersonaMesero,idPersona,rfc,idPago,fecha,detalleProducto) VALUES (24,2,147,'QUZL111830GG0',199,'2020-08-04 20:44:11','Burrito al pastor');
INSERT INTO ticket(idTicket,idPersonaMesero,idPersona,rfc,idPago,fecha,detalleProducto) VALUES (25,18,67,'MESL7912270IQ',33,'2022-03-26 22:04:53','Taco longaniza');
INSERT INTO ticket(idTicket,idPersonaMesero,idPersona,rfc,idPago,fecha,detalleProducto) VALUES (26,11,92,'KAHP29103995C',171,'2021-11-28 17:53:37','Quesadillas de chicharron prensado');
INSERT INTO ticket(idTicket,idPersonaMesero,idPersona,rfc,idPago,fecha,detalleProducto) VALUES (27,27,129,'MEGU930811TL3',299,'2020-11-26 12:30:17','Taco pastor');
INSERT INTO ticket(idTicket,idPersonaMesero,idPersona,rfc,idPago,fecha,detalleProducto) VALUES (28,5,229,'WURB800325UD8',224,'2022-04-02 07:13:42','Taco suadero');
INSERT INTO ticket(idTicket,idPersonaMesero,idPersona,rfc,idPago,fecha,detalleProducto) VALUES (29,9,150,'AOYI910101689',284,'2020-12-05 21:05:26','Torta de bistec con queso');
INSERT INTO ticket(idTicket,idPersonaMesero,idPersona,rfc,idPago,fecha,detalleProducto) VALUES (30,26,206,'IUYT290613116',32,'2022-02-26 19:15:24','Vegetariano');
INSERT INTO ticket(idTicket,idPersonaMesero,idPersona,rfc,idPago,fecha,detalleProducto) VALUES (31,9,137,'TUFA9801296O4',66,'2021-11-05 04:20:43','Salsa mango habanero');
INSERT INTO ticket(idTicket,idPersonaMesero,idPersona,rfc,idPago,fecha,detalleProducto) VALUES (32,26,188,'DAEO270010PT4',227,'2022-06-01 04:04:08','Salsa verde hulk');
INSERT INTO ticket(idTicket,idPersonaMesero,idPersona,rfc,idPago,fecha,detalleProducto) VALUES (33,6,244,'JOAC591637UC3',19,'2020-09-28 00:12:41','Taco longaniza con queso');
INSERT INTO ticket(idTicket,idPersonaMesero,idPersona,rfc,idPago,fecha,detalleProducto) VALUES (34,25,140,'IUYT290613116',281,'2020-10-13 23:38:18','Quesadillas de chicharron prensado');
INSERT INTO ticket(idTicket,idPersonaMesero,idPersona,rfc,idPago,fecha,detalleProducto) VALUES (35,21,114,'AOYI910101689',62,'2021-07-15 16:46:53','Taco suadero con queso');
INSERT INTO ticket(idTicket,idPersonaMesero,idPersona,rfc,idPago,fecha,detalleProducto) VALUES (36,20,92,'QOLH310124B3J',74,'2020-06-16 03:04:19','Salsa habanero EXTREME');
INSERT INTO ticket(idTicket,idPersonaMesero,idPersona,rfc,idPago,fecha,detalleProducto) VALUES (37,28,216,'MEGU930811TL3',266,'2022-04-21 18:10:58','Taco longaniza');
INSERT INTO ticket(idTicket,idPersonaMesero,idPersona,rfc,idPago,fecha,detalleProducto) VALUES (38,11,175,'QUZL111830GG0',252,'2021-07-18 20:27:42','Burrito Pollo');
INSERT INTO ticket(idTicket,idPersonaMesero,idPersona,rfc,idPago,fecha,detalleProducto) VALUES (39,27,204,'SUXF421335376',146,'2020-09-20 11:59:47','Agua de sabor');
INSERT INTO ticket(idTicket,idPersonaMesero,idPersona,rfc,idPago,fecha,detalleProducto) VALUES (40,4,218,'WURB800325UD8',14,'2022-01-11 15:59:14','Torta de pastor');
INSERT INTO ticket(idTicket,idPersonaMesero,idPersona,rfc,idPago,fecha,detalleProducto) VALUES (41,19,94,'JATS33101301U',225,'2020-10-22 13:43:45','Taco pastor dorado');
INSERT INTO ticket(idTicket,idPersonaMesero,idPersona,rfc,idPago,fecha,detalleProducto) VALUES (42,7,129,'FAYW200836SC8',228,'2020-08-13 17:39:20','Taco longaniza con queso');
INSERT INTO ticket(idTicket,idPersonaMesero,idPersona,rfc,idPago,fecha,detalleProducto) VALUES (43,5,228,'XUQX6316033H9',215,'2020-12-07 10:35:04','Torta de bistec con queso');
INSERT INTO ticket(idTicket,idPersonaMesero,idPersona,rfc,idPago,fecha,detalleProducto) VALUES (44,3,165,'KUEZ36143933T',192,'2020-11-22 10:00:07','Burrito carne asada');
INSERT INTO ticket(idTicket,idPersonaMesero,idPersona,rfc,idPago,fecha,detalleProducto) VALUES (45,8,205,'LUVK030421EIJ',280,'2021-01-09 09:40:40','Llenador');
INSERT INTO ticket(idTicket,idPersonaMesero,idPersona,rfc,idPago,fecha,detalleProducto) VALUES (46,21,48,'JATS33101301U',62,'2022-03-02 23:46:59','Torta de pastor');
INSERT INTO ticket(idTicket,idPersonaMesero,idPersona,rfc,idPago,fecha,detalleProducto) VALUES (47,7,121,'AOYI910101689',41,'2021-01-04 16:31:34','Taco suadero');
INSERT INTO ticket(idTicket,idPersonaMesero,idPersona,rfc,idPago,fecha,detalleProducto) VALUES (48,23,130,'QUZL111830GG0',130,'2021-07-30 21:46:57','Quesadillas de papa');
INSERT INTO ticket(idTicket,idPersonaMesero,idPersona,rfc,idPago,fecha,detalleProducto) VALUES (49,9,52,'TUFA9801296O4',239,'2020-10-10 18:40:55','Taco pastor con queso');
INSERT INTO ticket(idTicket,idPersonaMesero,idPersona,rfc,idPago,fecha,detalleProducto) VALUES (50,1,16,'QOLH310124B3J',134,'2022-04-20 17:06:35','Burrito carne asada');
INSERT INTO ticket(idTicket,idPersonaMesero,idPersona,rfc,idPago,fecha,detalleProducto) VALUES (51,8,238,'MESL7912270IQ',3,'2020-08-21 15:37:59','Burrito al pastor');
INSERT INTO ticket(idTicket,idPersonaMesero,idPersona,rfc,idPago,fecha,detalleProducto) VALUES (52,5,223,'SUXF421335376',249,'2021-06-28 00:47:25','Quesadillas de sesos');
INSERT INTO ticket(idTicket,idPersonaMesero,idPersona,rfc,idPago,fecha,detalleProducto) VALUES (53,28,204,'VUYC561808C17',138,'2021-09-25 20:38:40','Taco suadero');
INSERT INTO ticket(idTicket,idPersonaMesero,idPersona,rfc,idPago,fecha,detalleProducto) VALUES (54,3,75,'FAYW200836SC8',300,'2022-01-05 21:20:59','Quesadillas de sesos');
INSERT INTO ticket(idTicket,idPersonaMesero,idPersona,rfc,idPago,fecha,detalleProducto) VALUES (55,6,112,'LUVK030421EIJ',295,'2021-08-31 18:43:27','Vegetariano');
INSERT INTO ticket(idTicket,idPersonaMesero,idPersona,rfc,idPago,fecha,detalleProducto) VALUES (56,18,242,'XUQX6316033H9',36,'2021-06-21 05:11:51','Taco longaniza');
INSERT INTO ticket(idTicket,idPersonaMesero,idPersona,rfc,idPago,fecha,detalleProducto) VALUES (57,13,31,'QURU260117138',178,'2021-05-25 13:37:37','Taco pastor');
INSERT INTO ticket(idTicket,idPersonaMesero,idPersona,rfc,idPago,fecha,detalleProducto) VALUES (58,2,166,'KAHP29103995C',189,'2021-07-17 18:05:20','Torta de pollo con queso');
INSERT INTO ticket(idTicket,idPersonaMesero,idPersona,rfc,idPago,fecha,detalleProducto) VALUES (59,27,97,'IUYT290613116',8,'2021-08-16 03:24:47','Torta de bistec con queso');
INSERT INTO ticket(idTicket,idPersonaMesero,idPersona,rfc,idPago,fecha,detalleProducto) VALUES (60,19,158,'YEAV261025N29',219,'2021-03-24 10:39:17','Pelangoche');
INSERT INTO ticket(idTicket,idPersonaMesero,idPersona,rfc,idPago,fecha,detalleProducto) VALUES (61,6,184,'JATS33101301U',46,'2021-09-22 03:17:27','Gringa de pastor con queso');
INSERT INTO ticket(idTicket,idPersonaMesero,idPersona,rfc,idPago,fecha,detalleProducto) VALUES (62,28,236,'JOAC591637UC3',35,'2020-11-17 13:25:05','Salsa verde hulk');
INSERT INTO ticket(idTicket,idPersonaMesero,idPersona,rfc,idPago,fecha,detalleProducto) VALUES (63,13,75,'DAEO270010PT4',149,'2020-10-13 20:59:28','Taco pastor con queso');
INSERT INTO ticket(idTicket,idPersonaMesero,idPersona,rfc,idPago,fecha,detalleProducto) VALUES (64,21,224,'LUVK030421EIJ',4,'2022-02-22 06:44:22','Gallito');
INSERT INTO ticket(idTicket,idPersonaMesero,idPersona,rfc,idPago,fecha,detalleProducto) VALUES (65,7,139,'IUYT290613116',118,'2020-11-10 16:34:26','Salsa roja');
INSERT INTO ticket(idTicket,idPersonaMesero,idPersona,rfc,idPago,fecha,detalleProducto) VALUES (66,4,161,'TUFA9801296O4',67,'2021-10-09 03:50:54','Gringa de pollo con queso');
INSERT INTO ticket(idTicket,idPersonaMesero,idPersona,rfc,idPago,fecha,detalleProducto) VALUES (67,26,122,'MEGU930811TL3',133,'2021-10-19 14:09:11','Quesadillas de flor de calabaza');
INSERT INTO ticket(idTicket,idPersonaMesero,idPersona,rfc,idPago,fecha,detalleProducto) VALUES (68,8,4,'YEAV261025N29',85,'2021-09-19 13:32:13','Coca cola');
INSERT INTO ticket(idTicket,idPersonaMesero,idPersona,rfc,idPago,fecha,detalleProducto) VALUES (69,18,159,'SUXF421335376',145,'2021-08-25 05:31:39','Salsa EL SUSTO');
INSERT INTO ticket(idTicket,idPersonaMesero,idPersona,rfc,idPago,fecha,detalleProducto) VALUES (70,11,125,'AOYI910101689',28,'2022-04-09 04:54:52','Gringa de pollo');
INSERT INTO ticket(idTicket,idPersonaMesero,idPersona,rfc,idPago,fecha,detalleProducto) VALUES (71,5,120,'MESL7912270IQ',218,'2021-03-29 19:25:39','Quesadillas de champiñones');
INSERT INTO ticket(idTicket,idPersonaMesero,idPersona,rfc,idPago,fecha,detalleProducto) VALUES (72,3,214,'QURU260117138',54,'2022-05-28 23:20:06','Torta de bistec');
INSERT INTO ticket(idTicket,idPersonaMesero,idPersona,rfc,idPago,fecha,detalleProducto) VALUES (73,20,42,'FAYW200836SC8',128,'2021-09-25 03:59:06','Torta de pollo');
INSERT INTO ticket(idTicket,idPersonaMesero,idPersona,rfc,idPago,fecha,detalleProducto) VALUES (74,23,100,'VUYC561808C17',89,'2020-07-20 05:28:10','Taco pastor con queso');
INSERT INTO ticket(idTicket,idPersonaMesero,idPersona,rfc,idPago,fecha,detalleProducto) VALUES (75,27,208,'WURB800325UD8',60,'2021-08-18 14:53:16','Quesadillas de sesos');
INSERT INTO ticket(idTicket,idPersonaMesero,idPersona,rfc,idPago,fecha,detalleProducto) VALUES (76,25,6,'QUZL111830GG0',81,'2021-12-28 22:08:28','Coca cola');
INSERT INTO ticket(idTicket,idPersonaMesero,idPersona,rfc,idPago,fecha,detalleProducto) VALUES (77,26,119,'TUFA9801296O4',242,'2021-03-17 00:52:00','Burrito carne asada');
INSERT INTO ticket(idTicket,idPersonaMesero,idPersona,rfc,idPago,fecha,detalleProducto) VALUES (78,13,77,'QURU260117138',192,'2020-06-02 12:51:58','Pelangoche');
INSERT INTO ticket(idTicket,idPersonaMesero,idPersona,rfc,idPago,fecha,detalleProducto) VALUES (79,27,143,'YEAV261025N29',241,'2021-05-23 16:29:23','Quesadillas de chicharron prensado');
INSERT INTO ticket(idTicket,idPersonaMesero,idPersona,rfc,idPago,fecha,detalleProducto) VALUES (80,19,142,'IUYT290613116',165,'2022-03-11 16:30:44','Salsa habanero EXTREME');
INSERT INTO ticket(idTicket,idPersonaMesero,idPersona,rfc,idPago,fecha,detalleProducto) VALUES (81,1,59,'AOYI910101689',125,'2020-10-15 17:44:04','Gringa de bistec con queso');
INSERT INTO ticket(idTicket,idPersonaMesero,idPersona,rfc,idPago,fecha,detalleProducto) VALUES (82,9,8,'JOAC591637UC3',181,'2021-08-14 03:44:39','Pelangoche');
INSERT INTO ticket(idTicket,idPersonaMesero,idPersona,rfc,idPago,fecha,detalleProducto) VALUES (83,18,36,'KUEZ36143933T',277,'2021-12-09 23:04:53','Torta de pollo con queso');
INSERT INTO ticket(idTicket,idPersonaMesero,idPersona,rfc,idPago,fecha,detalleProducto) VALUES (84,5,81,'WURB800325UD8',262,'2020-08-02 13:17:10','Agua de sabor');
INSERT INTO ticket(idTicket,idPersonaMesero,idPersona,rfc,idPago,fecha,detalleProducto) VALUES (85,11,138,'VUYC561808C17',79,'2021-10-08 10:51:04','Taco longaniza con queso');
INSERT INTO ticket(idTicket,idPersonaMesero,idPersona,rfc,idPago,fecha,detalleProducto) VALUES (86,3,85,'XUQX6316033H9',5,'2022-05-18 14:39:53','Taco longaniza');
INSERT INTO ticket(idTicket,idPersonaMesero,idPersona,rfc,idPago,fecha,detalleProducto) VALUES (87,2,43,'FAYW200836SC8',234,'2020-08-24 00:46:22','Quesadillas de chicharron prensado');
INSERT INTO ticket(idTicket,idPersonaMesero,idPersona,rfc,idPago,fecha,detalleProducto) VALUES (88,4,196,'JATS33101301U',228,'2020-06-12 15:20:03','Torta de pollo con queso');
INSERT INTO ticket(idTicket,idPersonaMesero,idPersona,rfc,idPago,fecha,detalleProducto) VALUES (89,21,23,'MEGU930811TL3',122,'2020-08-14 11:12:07','Salsa roja');
INSERT INTO ticket(idTicket,idPersonaMesero,idPersona,rfc,idPago,fecha,detalleProducto) VALUES (90,28,205,'QOLH310124B3J',270,'2021-12-19 00:49:39','Salsa roja');
INSERT INTO ticket(idTicket,idPersonaMesero,idPersona,rfc,idPago,fecha,detalleProducto) VALUES (91,6,85,'MEGU930811TL3',255,'2020-12-21 23:05:06','Burrito Pollo');
INSERT INTO ticket(idTicket,idPersonaMesero,idPersona,rfc,idPago,fecha,detalleProducto) VALUES (92,20,47,'VUYC561808C17',295,'2022-05-05 12:31:15','Quesadillas de huitlacoche');
INSERT INTO ticket(idTicket,idPersonaMesero,idPersona,rfc,idPago,fecha,detalleProducto) VALUES (93,1,220,'MESL7912270IQ',132,'2020-05-31 05:57:58','Burrito Jr.');
INSERT INTO ticket(idTicket,idPersonaMesero,idPersona,rfc,idPago,fecha,detalleProducto) VALUES (94,9,226,'YEAV261025N29',176,'2021-10-12 22:43:08','Salsa EL SUSTO');
INSERT INTO ticket(idTicket,idPersonaMesero,idPersona,rfc,idPago,fecha,detalleProducto) VALUES (95,11,167,'TUFA9801296O4',252,'2021-08-20 00:01:21','Pelangoche');
INSERT INTO ticket(idTicket,idPersonaMesero,idPersona,rfc,idPago,fecha,detalleProducto) VALUES (96,21,155,'KAHP29103995C',79,'2022-04-01 14:13:56','Taco suadero');
INSERT INTO ticket(idTicket,idPersonaMesero,idPersona,rfc,idPago,fecha,detalleProducto) VALUES (97,8,162,'DAEO270010PT4',111,'2022-06-03 19:00:03','Salsa EL SUSTO');
INSERT INTO ticket(idTicket,idPersonaMesero,idPersona,rfc,idPago,fecha,detalleProducto) VALUES (98,4,75,'QUZL111830GG0',257,'2020-05-21 04:10:28','Torta de pastor con queso');
INSERT INTO ticket(idTicket,idPersonaMesero,idPersona,rfc,idPago,fecha,detalleProducto) VALUES (99,27,54,'KUEZ36143933T',218,'2022-01-10 03:49:13','Taco suadero');
INSERT INTO ticket(idTicket,idPersonaMesero,idPersona,rfc,idPago,fecha,detalleProducto) VALUES (100,28,67,'JATS33101301U',29,'2022-05-14 10:36:57','Taco longaniza con queso');
INSERT INTO ticket(idTicket,idPersonaMesero,idPersona,rfc,idPago,fecha,detalleProducto) VALUES (101,18,62,'AOYI910101689',274,'2021-08-09 14:00:29','Gallito');
INSERT INTO ticket(idTicket,idPersonaMesero,idPersona,rfc,idPago,fecha,detalleProducto) VALUES (102,19,184,'FAYW200836SC8',146,'2022-03-17 02:33:41','Torta de bistec con queso');
INSERT INTO ticket(idTicket,idPersonaMesero,idPersona,rfc,idPago,fecha,detalleProducto) VALUES (103,13,224,'XUQX6316033H9',169,'2021-12-14 12:26:41','Quesadillas de chicharron prensado');
INSERT INTO ticket(idTicket,idPersonaMesero,idPersona,rfc,idPago,fecha,detalleProducto) VALUES (104,26,69,'JOAC591637UC3',299,'2022-06-03 06:53:24','Gringa de pastor');
INSERT INTO ticket(idTicket,idPersonaMesero,idPersona,rfc,idPago,fecha,detalleProducto) VALUES (105,7,117,'WURB800325UD8',83,'2021-04-29 12:37:01','Pelangoche');
INSERT INTO ticket(idTicket,idPersonaMesero,idPersona,rfc,idPago,fecha,detalleProducto) VALUES (106,5,224,'QOLH310124B3J',91,'2021-06-10 04:44:45','Burrito Jr.');
INSERT INTO ticket(idTicket,idPersonaMesero,idPersona,rfc,idPago,fecha,detalleProducto) VALUES (107,2,3,'AOYI910101689',134,'2021-05-16 04:29:49','Gringa de pollo');
INSERT INTO ticket(idTicket,idPersonaMesero,idPersona,rfc,idPago,fecha,detalleProducto) VALUES (108,26,48,'WURB800325UD8',53,'2021-11-12 10:06:30','Torta de bistec');
INSERT INTO ticket(idTicket,idPersonaMesero,idPersona,rfc,idPago,fecha,detalleProducto) VALUES (109,1,62,'TUFA9801296O4',61,'2020-10-03 08:06:57','Taco longaniza');
INSERT INTO ticket(idTicket,idPersonaMesero,idPersona,rfc,idPago,fecha,detalleProducto) VALUES (110,28,51,'LUVK030421EIJ',227,'2020-10-20 12:05:26','Torta de pastor');
INSERT INTO ticket(idTicket,idPersonaMesero,idPersona,rfc,idPago,fecha,detalleProducto) VALUES (111,19,25,'QURU260117138',5,'2020-08-19 15:07:30','Gringa de pollo');
INSERT INTO ticket(idTicket,idPersonaMesero,idPersona,rfc,idPago,fecha,detalleProducto) VALUES (112,7,88,'XUQX6316033H9',156,'2022-05-11 23:18:39','Llenador');
INSERT INTO ticket(idTicket,idPersonaMesero,idPersona,rfc,idPago,fecha,detalleProducto) VALUES (113,23,184,'KAHP29103995C',123,'2022-02-17 17:06:56','Llenador');
INSERT INTO ticket(idTicket,idPersonaMesero,idPersona,rfc,idPago,fecha,detalleProducto) VALUES (114,8,133,'JATS33101301U',170,'2020-11-18 00:05:33','Taco longaniza con queso');
INSERT INTO ticket(idTicket,idPersonaMesero,idPersona,rfc,idPago,fecha,detalleProducto) VALUES (115,4,249,'IUYT290613116',149,'2021-04-29 13:39:57','Torta de pastor');
INSERT INTO ticket(idTicket,idPersonaMesero,idPersona,rfc,idPago,fecha,detalleProducto) VALUES (116,3,167,'QUZL111830GG0',75,'2020-12-09 23:05:52','Gringa de bistec con queso');
INSERT INTO ticket(idTicket,idPersonaMesero,idPersona,rfc,idPago,fecha,detalleProducto) VALUES (117,21,163,'KUEZ36143933T',131,'2021-08-05 03:26:03','Gringa de bistec');
INSERT INTO ticket(idTicket,idPersonaMesero,idPersona,rfc,idPago,fecha,detalleProducto) VALUES (118,6,34,'VUYC561808C17',100,'2020-07-18 17:05:13','Burrito carne asada');
INSERT INTO ticket(idTicket,idPersonaMesero,idPersona,rfc,idPago,fecha,detalleProducto) VALUES (119,11,33,'JOAC591637UC3',255,'2022-03-09 23:47:53','Torta de pastor');
INSERT INTO ticket(idTicket,idPersonaMesero,idPersona,rfc,idPago,fecha,detalleProducto) VALUES (120,25,120,'YEAV261025N29',180,'2021-08-30 20:01:48','Salsa mango habanero');
INSERT INTO ticket(idTicket,idPersonaMesero,idPersona,rfc,idPago,fecha,detalleProducto) VALUES (121,8,216,'SUXF421335376',95,'2021-09-27 01:13:14','Quesadillas de chicharron prensado');
INSERT INTO ticket(idTicket,idPersonaMesero,idPersona,rfc,idPago,fecha,detalleProducto) VALUES (122,27,162,'KAHP29103995C',9,'2022-02-27 17:16:58','Salsa habanero EXTREME');
INSERT INTO ticket(idTicket,idPersonaMesero,idPersona,rfc,idPago,fecha,detalleProducto) VALUES (123,23,220,'DAEO270010PT4',123,'2021-11-27 08:54:20','Taco suadero');
INSERT INTO ticket(idTicket,idPersonaMesero,idPersona,rfc,idPago,fecha,detalleProducto) VALUES (124,5,177,'YEAV261025N29',226,'2021-07-14 14:45:36','Salsa verde hulk');
INSERT INTO ticket(idTicket,idPersonaMesero,idPersona,rfc,idPago,fecha,detalleProducto) VALUES (125,9,186,'VUYC561808C17',80,'2020-08-17 00:45:27','Torta de pollo');
INSERT INTO ticket(idTicket,idPersonaMesero,idPersona,rfc,idPago,fecha,detalleProducto) VALUES (126,11,144,'XUQX6316033H9',122,'2022-05-24 17:47:42','Taco suadero con queso');
INSERT INTO ticket(idTicket,idPersonaMesero,idPersona,rfc,idPago,fecha,detalleProducto) VALUES (127,2,199,'MEGU930811TL3',109,'2021-10-28 13:26:40','Quesadillas de chicharron prensado');
INSERT INTO ticket(idTicket,idPersonaMesero,idPersona,rfc,idPago,fecha,detalleProducto) VALUES (128,19,127,'JATS33101301U',59,'2021-02-14 17:11:59','Burrito Pollo');
INSERT INTO ticket(idTicket,idPersonaMesero,idPersona,rfc,idPago,fecha,detalleProducto) VALUES (129,13,61,'IUYT290613116',184,'2020-05-22 00:19:28','Gringa de pastor con queso');
INSERT INTO ticket(idTicket,idPersonaMesero,idPersona,rfc,idPago,fecha,detalleProducto) VALUES (130,18,87,'KUEZ36143933T',206,'2022-01-25 02:14:24','Taco longaniza');
INSERT INTO ticket(idTicket,idPersonaMesero,idPersona,rfc,idPago,fecha,detalleProducto) VALUES (131,4,139,'QURU260117138',160,'2021-10-22 21:46:55','Torta de pastor con queso');
INSERT INTO ticket(idTicket,idPersonaMesero,idPersona,rfc,idPago,fecha,detalleProducto) VALUES (132,21,98,'AOYI910101689',289,'2020-10-07 15:56:02','Taco longaniza con queso');
INSERT INTO ticket(idTicket,idPersonaMesero,idPersona,rfc,idPago,fecha,detalleProducto) VALUES (133,20,28,'QUZL111830GG0',101,'2020-12-13 00:45:10','Torta de pastor con queso');
INSERT INTO ticket(idTicket,idPersonaMesero,idPersona,rfc,idPago,fecha,detalleProducto) VALUES (134,3,156,'MESL7912270IQ',112,'2021-10-02 20:43:56','Gallito');
INSERT INTO ticket(idTicket,idPersonaMesero,idPersona,rfc,idPago,fecha,detalleProducto) VALUES (135,7,197,'WURB800325UD8',78,'2021-09-01 15:48:42','Quesadillas de flor de calabaza');
INSERT INTO ticket(idTicket,idPersonaMesero,idPersona,rfc,idPago,fecha,detalleProducto) VALUES (136,8,12,'FAYW200836SC8',214,'2021-07-13 22:27:36','Salsa EL SUSTO');
INSERT INTO ticket(idTicket,idPersonaMesero,idPersona,rfc,idPago,fecha,detalleProducto) VALUES (137,20,196,'TUFA9801296O4',115,'2021-08-05 19:14:58','Gringa de pastor con queso');
INSERT INTO ticket(idTicket,idPersonaMesero,idPersona,rfc,idPago,fecha,detalleProducto) VALUES (138,1,245,'VUYC561808C17',111,'2021-11-04 22:23:42','Torta de pollo');
INSERT INTO ticket(idTicket,idPersonaMesero,idPersona,rfc,idPago,fecha,detalleProducto) VALUES (139,27,110,'AOYI910101689',164,'2020-11-25 04:04:09','Gringa de pollo');
INSERT INTO ticket(idTicket,idPersonaMesero,idPersona,rfc,idPago,fecha,detalleProducto) VALUES (140,3,34,'QURU260117138',174,'2021-12-25 10:16:56','Burrito Pollo');
INSERT INTO ticket(idTicket,idPersonaMesero,idPersona,rfc,idPago,fecha,detalleProducto) VALUES (141,21,129,'KUEZ36143933T',133,'2021-07-31 05:38:29','Taco pastor con queso');
INSERT INTO ticket(idTicket,idPersonaMesero,idPersona,rfc,idPago,fecha,detalleProducto) VALUES (142,18,131,'WURB800325UD8',203,'2021-10-22 22:04:02','Torta de bistec');
INSERT INTO ticket(idTicket,idPersonaMesero,idPersona,rfc,idPago,fecha,detalleProducto) VALUES (143,19,112,'QOLH310124B3J',151,'2020-06-24 14:40:56','Burrito carne asada');
INSERT INTO ticket(idTicket,idPersonaMesero,idPersona,rfc,idPago,fecha,detalleProducto) VALUES (144,4,162,'JATS33101301U',288,'2021-12-03 14:29:06','Torta de pastor');
INSERT INTO ticket(idTicket,idPersonaMesero,idPersona,rfc,idPago,fecha,detalleProducto) VALUES (145,28,170,'XUQX6316033H9',199,'2021-02-04 04:47:16','Salsa mango habanero');
INSERT INTO ticket(idTicket,idPersonaMesero,idPersona,rfc,idPago,fecha,detalleProducto) VALUES (146,23,172,'SUXF421335376',262,'2020-05-21 15:27:52','Torta de pollo');
INSERT INTO ticket(idTicket,idPersonaMesero,idPersona,rfc,idPago,fecha,detalleProducto) VALUES (147,25,93,'IUYT290613116',144,'2022-01-08 23:51:28','Salsa roja');
INSERT INTO ticket(idTicket,idPersonaMesero,idPersona,rfc,idPago,fecha,detalleProducto) VALUES (148,6,54,'LUVK030421EIJ',176,'2021-01-16 04:01:26','Salsa mango habanero');
INSERT INTO ticket(idTicket,idPersonaMesero,idPersona,rfc,idPago,fecha,detalleProducto) VALUES (149,13,188,'KAHP29103995C',173,'2020-06-30 18:06:10','Taco longaniza');
INSERT INTO ticket(idTicket,idPersonaMesero,idPersona,rfc,idPago,fecha,detalleProducto) VALUES (150,7,241,'DAEO270010PT4',65,'2020-09-11 18:42:25','Torta de pastor con queso');
INSERT INTO ticket(idTicket,idPersonaMesero,idPersona,rfc,idPago,fecha,detalleProducto) VALUES (151,27,133,'WURB800325UD8',164,'2022-05-02 18:11:58','Taco pastor');
INSERT INTO ticket(idTicket,idPersonaMesero,idPersona,rfc,idPago,fecha,detalleProducto) VALUES (152,26,162,'JOAC591637UC3',261,'2020-11-30 17:57:05','Torta de bistec con queso');
INSERT INTO ticket(idTicket,idPersonaMesero,idPersona,rfc,idPago,fecha,detalleProducto) VALUES (153,21,221,'TUFA9801296O4',193,'2021-10-27 19:57:14','Salsa roja');
INSERT INTO ticket(idTicket,idPersonaMesero,idPersona,rfc,idPago,fecha,detalleProducto) VALUES (154,9,16,'YEAV261025N29',132,'2022-05-11 23:12:33','Gringa de pollo');
INSERT INTO ticket(idTicket,idPersonaMesero,idPersona,rfc,idPago,fecha,detalleProducto) VALUES (155,19,4,'KUEZ36143933T',284,'2021-01-18 09:29:33','Taco pastor');
INSERT INTO ticket(idTicket,idPersonaMesero,idPersona,rfc,idPago,fecha,detalleProducto) VALUES (156,13,33,'AOYI910101689',269,'2020-12-08 04:06:09','Burrito al pastor');
INSERT INTO ticket(idTicket,idPersonaMesero,idPersona,rfc,idPago,fecha,detalleProducto) VALUES (157,6,203,'LUVK030421EIJ',195,'2021-06-27 08:52:26','Quesadillas de flor de calabaza');
INSERT INTO ticket(idTicket,idPersonaMesero,idPersona,rfc,idPago,fecha,detalleProducto) VALUES (158,20,170,'JATS33101301U',22,'2021-11-13 14:23:57','Salsa habanero EXTREME');
INSERT INTO ticket(idTicket,idPersonaMesero,idPersona,rfc,idPago,fecha,detalleProducto) VALUES (159,2,55,'DAEO270010PT4',149,'2020-07-17 02:19:26','Taco pastor con queso');
INSERT INTO ticket(idTicket,idPersonaMesero,idPersona,rfc,idPago,fecha,detalleProducto) VALUES (160,28,245,'XUQX6316033H9',77,'2021-03-02 22:00:33','Gringa de bistec');
INSERT INTO ticket(idTicket,idPersonaMesero,idPersona,rfc,idPago,fecha,detalleProducto) VALUES (161,5,174,'FAYW200836SC8',6,'2021-04-09 18:59:58','Taco suadero');
INSERT INTO ticket(idTicket,idPersonaMesero,idPersona,rfc,idPago,fecha,detalleProducto) VALUES (162,11,223,'MESL7912270IQ',23,'2020-09-13 04:00:21','Torta de pollo con queso');
INSERT INTO ticket(idTicket,idPersonaMesero,idPersona,rfc,idPago,fecha,detalleProducto) VALUES (163,4,180,'IUYT290613116',293,'2021-01-06 03:00:34','Pelangoche');
INSERT INTO ticket(idTicket,idPersonaMesero,idPersona,rfc,idPago,fecha,detalleProducto) VALUES (164,18,81,'QUZL111830GG0',3,'2020-10-12 13:50:42','Taco longaniza');
INSERT INTO ticket(idTicket,idPersonaMesero,idPersona,rfc,idPago,fecha,detalleProducto) VALUES (165,25,208,'KAHP29103995C',27,'2020-12-25 23:56:43','Gringa de bistec');
INSERT INTO ticket(idTicket,idPersonaMesero,idPersona,rfc,idPago,fecha,detalleProducto) VALUES (166,3,218,'JOAC591637UC3',197,'2022-05-19 12:32:07','Agua de sabor');
INSERT INTO ticket(idTicket,idPersonaMesero,idPersona,rfc,idPago,fecha,detalleProducto) VALUES (167,8,191,'DAEO270010PT4',2,'2020-11-13 00:20:23','Torta de pollo con queso');
INSERT INTO ticket(idTicket,idPersonaMesero,idPersona,rfc,idPago,fecha,detalleProducto) VALUES (168,26,161,'YEAV261025N29',62,'2021-10-11 06:33:25','Gringa de pastor');
INSERT INTO ticket(idTicket,idPersonaMesero,idPersona,rfc,idPago,fecha,detalleProducto) VALUES (169,13,61,'QUZL111830GG0',120,'2021-07-27 18:44:29','Quesadillas de sesos');
INSERT INTO ticket(idTicket,idPersonaMesero,idPersona,rfc,idPago,fecha,detalleProducto) VALUES (170,7,62,'QOLH310124B3J',195,'2021-10-21 04:04:35','Torta de pastor con queso');
INSERT INTO ticket(idTicket,idPersonaMesero,idPersona,rfc,idPago,fecha,detalleProducto) VALUES (171,5,139,'WURB800325UD8',36,'2022-02-27 16:36:29','Vegetariano');
INSERT INTO ticket(idTicket,idPersonaMesero,idPersona,rfc,idPago,fecha,detalleProducto) VALUES (172,20,152,'SUXF421335376',132,'2022-05-13 09:05:04','Vegetariano');
INSERT INTO ticket(idTicket,idPersonaMesero,idPersona,rfc,idPago,fecha,detalleProducto) VALUES (173,23,27,'KAHP29103995C',269,'2022-04-29 17:26:09','Salsa habanero EXTREME');
INSERT INTO ticket(idTicket,idPersonaMesero,idPersona,rfc,idPago,fecha,detalleProducto) VALUES (174,4,141,'TUFA9801296O4',30,'2022-06-01 18:41:12','Vegetariano');
INSERT INTO ticket(idTicket,idPersonaMesero,idPersona,rfc,idPago,fecha,detalleProducto) VALUES (175,28,181,'AOYI910101689',115,'2021-02-07 16:12:49','Quesadillas de chicharron prensado');
INSERT INTO ticket(idTicket,idPersonaMesero,idPersona,rfc,idPago,fecha,detalleProducto) VALUES (176,25,132,'JATS33101301U',225,'2020-10-31 06:03:54','Vegetariano');
INSERT INTO ticket(idTicket,idPersonaMesero,idPersona,rfc,idPago,fecha,detalleProducto) VALUES (177,6,197,'FAYW200836SC8',59,'2020-07-10 21:42:24','Salsa verde hulk');
INSERT INTO ticket(idTicket,idPersonaMesero,idPersona,rfc,idPago,fecha,detalleProducto) VALUES (178,19,66,'XUQX6316033H9',88,'2020-05-27 03:22:34','Llenador');
INSERT INTO ticket(idTicket,idPersonaMesero,idPersona,rfc,idPago,fecha,detalleProducto) VALUES (179,1,248,'KUEZ36143933T',64,'2022-05-07 09:14:10','Burrito Pollo');
INSERT INTO ticket(idTicket,idPersonaMesero,idPersona,rfc,idPago,fecha,detalleProducto) VALUES (180,21,163,'QURU260117138',229,'2021-04-16 03:08:02','Taco longaniza');
INSERT INTO ticket(idTicket,idPersonaMesero,idPersona,rfc,idPago,fecha,detalleProducto) VALUES (181,8,62,'KAHP29103995C',218,'2021-07-30 03:59:07','Quesadillas de champiñones');
INSERT INTO ticket(idTicket,idPersonaMesero,idPersona,rfc,idPago,fecha,detalleProducto) VALUES (182,6,168,'QOLH310124B3J',17,'2020-08-31 23:57:24','Burrito al pastor');
INSERT INTO ticket(idTicket,idPersonaMesero,idPersona,rfc,idPago,fecha,detalleProducto) VALUES (183,1,39,'XUQX6316033H9',274,'2021-10-30 21:39:41','Gringa de pastor');
INSERT INTO ticket(idTicket,idPersonaMesero,idPersona,rfc,idPago,fecha,detalleProducto) VALUES (184,27,104,'KUEZ36143933T',69,'2022-01-04 20:30:02','Quesadillas de papa');
INSERT INTO ticket(idTicket,idPersonaMesero,idPersona,rfc,idPago,fecha,detalleProducto) VALUES (185,4,126,'MEGU930811TL3',250,'2021-10-15 17:18:23','Salsa habanero EXTREME');
INSERT INTO ticket(idTicket,idPersonaMesero,idPersona,rfc,idPago,fecha,detalleProducto) VALUES (186,9,19,'TUFA9801296O4',184,'2020-12-29 18:37:36','Torta de bistec');
INSERT INTO ticket(idTicket,idPersonaMesero,idPersona,rfc,idPago,fecha,detalleProducto) VALUES (187,26,44,'QUZL111830GG0',128,'2020-10-28 00:02:26','Quesadillas de chicharron prensado');
INSERT INTO ticket(idTicket,idPersonaMesero,idPersona,rfc,idPago,fecha,detalleProducto) VALUES (188,5,75,'JATS33101301U',292,'2021-12-28 15:22:31','Quesadillas de chicharron prensado');
INSERT INTO ticket(idTicket,idPersonaMesero,idPersona,rfc,idPago,fecha,detalleProducto) VALUES (189,11,17,'JOAC591637UC3',185,'2021-10-21 00:19:15','Quesadillas de sesos');
INSERT INTO ticket(idTicket,idPersonaMesero,idPersona,rfc,idPago,fecha,detalleProducto) VALUES (190,2,16,'DAEO270010PT4',279,'2021-01-02 23:54:56','Gringa de bistec con queso');
INSERT INTO ticket(idTicket,idPersonaMesero,idPersona,rfc,idPago,fecha,detalleProducto) VALUES (191,23,134,'WURB800325UD8',259,'2021-07-05 16:30:51','Torta de pollo con queso');
INSERT INTO ticket(idTicket,idPersonaMesero,idPersona,rfc,idPago,fecha,detalleProducto) VALUES (192,7,125,'YEAV261025N29',251,'2020-11-09 23:31:59','Quesadillas de papa');
INSERT INTO ticket(idTicket,idPersonaMesero,idPersona,rfc,idPago,fecha,detalleProducto) VALUES (193,13,59,'AOYI910101689',120,'2020-05-27 06:53:52','Taco pastor');
INSERT INTO ticket(idTicket,idPersonaMesero,idPersona,rfc,idPago,fecha,detalleProducto) VALUES (194,18,106,'MESL7912270IQ',31,'2020-09-22 18:30:31','Taco longaniza con queso');
INSERT INTO ticket(idTicket,idPersonaMesero,idPersona,rfc,idPago,fecha,detalleProducto) VALUES (195,19,186,'SUXF421335376',197,'2021-06-19 10:26:26','Torta de pollo con queso');
INSERT INTO ticket(idTicket,idPersonaMesero,idPersona,rfc,idPago,fecha,detalleProducto) VALUES (196,6,198,'IUYT290613116',218,'2022-01-23 11:14:00','Burrito al pastor');
INSERT INTO ticket(idTicket,idPersonaMesero,idPersona,rfc,idPago,fecha,detalleProducto) VALUES (197,21,134,'MEGU930811TL3',282,'2020-05-21 17:10:31','Quesadillas de papa');
INSERT INTO ticket(idTicket,idPersonaMesero,idPersona,rfc,idPago,fecha,detalleProducto) VALUES (198,1,16,'MESL7912270IQ',94,'2021-07-13 21:50:00','Taco longaniza con queso');
INSERT INTO ticket(idTicket,idPersonaMesero,idPersona,rfc,idPago,fecha,detalleProducto) VALUES (199,2,117,'QUZL111830GG0',53,'2022-04-28 18:41:04','Quesadillas de sesos');
INSERT INTO ticket(idTicket,idPersonaMesero,idPersona,rfc,idPago,fecha,detalleProducto) VALUES (200,18,37,'QURU260117138',147,'2020-08-11 12:03:27','Taco longaniza con queso');
INSERT INTO ticket(idTicket,idPersonaMesero,idPersona,rfc,idPago,fecha,detalleProducto) VALUES (201,20,24,'YEAV261025N29',222,'2020-08-29 18:41:34','Burrito carne asada');
INSERT INTO ticket(idTicket,idPersonaMesero,idPersona,rfc,idPago,fecha,detalleProducto) VALUES (202,27,209,'AOYI910101689',12,'2022-05-08 23:01:49','Gringa de bistec con queso');
INSERT INTO ticket(idTicket,idPersonaMesero,idPersona,rfc,idPago,fecha,detalleProducto) VALUES (203,19,19,'QOLH310124B3J',182,'2021-04-17 07:31:25','Agua de sabor');
INSERT INTO ticket(idTicket,idPersonaMesero,idPersona,rfc,idPago,fecha,detalleProducto) VALUES (204,28,60,'KAHP29103995C',192,'2021-12-11 06:46:15','Taco suadero');
INSERT INTO ticket(idTicket,idPersonaMesero,idPersona,rfc,idPago,fecha,detalleProducto) VALUES (205,9,116,'TUFA9801296O4',235,'2021-08-05 12:32:23','Taco suadero con queso');
INSERT INTO ticket(idTicket,idPersonaMesero,idPersona,rfc,idPago,fecha,detalleProducto) VALUES (206,8,216,'XUQX6316033H9',165,'2021-09-08 15:23:51','Quesadillas de flor de calabaza');
INSERT INTO ticket(idTicket,idPersonaMesero,idPersona,rfc,idPago,fecha,detalleProducto) VALUES (207,5,7,'DAEO270010PT4',240,'2020-10-19 18:50:34','Quesadillas de chicharron prensado');
INSERT INTO ticket(idTicket,idPersonaMesero,idPersona,rfc,idPago,fecha,detalleProducto) VALUES (208,25,59,'VUYC561808C17',18,'2020-06-03 22:39:06','Salsa verde hulk');
INSERT INTO ticket(idTicket,idPersonaMesero,idPersona,rfc,idPago,fecha,detalleProducto) VALUES (209,26,14,'WURB800325UD8',11,'2020-09-29 22:51:30','Quesadillas de papa');
INSERT INTO ticket(idTicket,idPersonaMesero,idPersona,rfc,idPago,fecha,detalleProducto) VALUES (210,11,13,'FAYW200836SC8',189,'2020-11-27 19:36:02','Torta de bistec');
INSERT INTO ticket(idTicket,idPersonaMesero,idPersona,rfc,idPago,fecha,detalleProducto) VALUES (211,11,157,'JOAC591637UC3',69,'2021-04-26 01:03:54','Boing');
INSERT INTO ticket(idTicket,idPersonaMesero,idPersona,rfc,idPago,fecha,detalleProducto) VALUES (212,13,210,'KUEZ36143933T',190,'2022-04-09 03:34:52','Gringa de pastor');
INSERT INTO ticket(idTicket,idPersonaMesero,idPersona,rfc,idPago,fecha,detalleProducto) VALUES (213,19,209,'MEGU930811TL3',158,'2021-12-29 18:34:46','Gringa de pollo');
INSERT INTO ticket(idTicket,idPersonaMesero,idPersona,rfc,idPago,fecha,detalleProducto) VALUES (214,1,18,'JATS33101301U',8,'2021-02-23 15:32:28','Salsa roja');
INSERT INTO ticket(idTicket,idPersonaMesero,idPersona,rfc,idPago,fecha,detalleProducto) VALUES (215,26,9,'AOYI910101689',228,'2022-05-04 08:12:17','Salsa mango habanero');
INSERT INTO ticket(idTicket,idPersonaMesero,idPersona,rfc,idPago,fecha,detalleProducto) VALUES (216,18,235,'KAHP29103995C',287,'2020-06-28 17:14:01','Quesadillas de sesos');
INSERT INTO ticket(idTicket,idPersonaMesero,idPersona,rfc,idPago,fecha,detalleProducto) VALUES (217,23,95,'MESL7912270IQ',59,'2020-06-21 21:19:08','Quesadillas de champiñones');
INSERT INTO ticket(idTicket,idPersonaMesero,idPersona,rfc,idPago,fecha,detalleProducto) VALUES (218,8,220,'IUYT290613116',94,'2021-02-19 21:40:50','Torta de bistec con queso');
INSERT INTO ticket(idTicket,idPersonaMesero,idPersona,rfc,idPago,fecha,detalleProducto) VALUES (219,5,71,'DAEO270010PT4',242,'2021-06-17 10:01:20','Quesadillas de flor de calabaza');
INSERT INTO ticket(idTicket,idPersonaMesero,idPersona,rfc,idPago,fecha,detalleProducto) VALUES (220,27,57,'TUFA9801296O4',37,'2020-09-02 14:36:55','Taco longaniza');
INSERT INTO ticket(idTicket,idPersonaMesero,idPersona,rfc,idPago,fecha,detalleProducto) VALUES (221,20,137,'QOLH310124B3J',65,'2020-07-25 07:29:23','Salsa EL SUSTO');
INSERT INTO ticket(idTicket,idPersonaMesero,idPersona,rfc,idPago,fecha,detalleProducto) VALUES (222,4,228,'QURU260117138',60,'2022-06-07 20:36:00','Torta de pollo');
INSERT INTO ticket(idTicket,idPersonaMesero,idPersona,rfc,idPago,fecha,detalleProducto) VALUES (223,7,134,'SUXF421335376',143,'2020-09-16 04:22:24','Torta de pollo');
INSERT INTO ticket(idTicket,idPersonaMesero,idPersona,rfc,idPago,fecha,detalleProducto) VALUES (224,6,119,'QUZL111830GG0',293,'2021-09-21 18:09:39','Salsa roja');
INSERT INTO ticket(idTicket,idPersonaMesero,idPersona,rfc,idPago,fecha,detalleProducto) VALUES (225,2,49,'LUVK030421EIJ',101,'2021-05-16 03:48:30','Burrito al pastor');
INSERT INTO ticket(idTicket,idPersonaMesero,idPersona,rfc,idPago,fecha,detalleProducto) VALUES (226,5,59,'JOAC591637UC3',198,'2021-09-09 20:18:04','Gringa de pollo con queso');
INSERT INTO ticket(idTicket,idPersonaMesero,idPersona,rfc,idPago,fecha,detalleProducto) VALUES (227,11,65,'KUEZ36143933T',80,'2022-04-10 04:15:29','Pelangoche');
INSERT INTO ticket(idTicket,idPersonaMesero,idPersona,rfc,idPago,fecha,detalleProducto) VALUES (228,3,201,'WURB800325UD8',168,'2020-12-26 18:46:35','Taco longaniza');
INSERT INTO ticket(idTicket,idPersonaMesero,idPersona,rfc,idPago,fecha,detalleProducto) VALUES (229,8,107,'MESL7912270IQ',230,'2021-03-30 03:11:24','Burrito al pastor');
INSERT INTO ticket(idTicket,idPersonaMesero,idPersona,rfc,idPago,fecha,detalleProducto) VALUES (230,4,209,'FAYW200836SC8',44,'2021-01-14 21:31:40','Gringa de pastor con queso');
INSERT INTO ticket(idTicket,idPersonaMesero,idPersona,rfc,idPago,fecha,detalleProducto) VALUES (231,13,215,'VUYC561808C17',205,'2020-10-12 19:54:20','Quesadillas de papa');
INSERT INTO ticket(idTicket,idPersonaMesero,idPersona,rfc,idPago,fecha,detalleProducto) VALUES (232,21,200,'XUQX6316033H9',176,'2020-08-27 17:56:39','Gringa de bistec');
INSERT INTO ticket(idTicket,idPersonaMesero,idPersona,rfc,idPago,fecha,detalleProducto) VALUES (233,18,185,'YEAV261025N29',179,'2021-03-27 15:38:59','Torta de pollo con queso');
INSERT INTO ticket(idTicket,idPersonaMesero,idPersona,rfc,idPago,fecha,detalleProducto) VALUES (234,9,143,'LUVK030421EIJ',200,'2022-05-14 17:18:13','Taco pastor dorado');
INSERT INTO ticket(idTicket,idPersonaMesero,idPersona,rfc,idPago,fecha,detalleProducto) VALUES (235,25,50,'AOYI910101689',178,'2021-08-23 00:08:02','Salsa roja');
INSERT INTO ticket(idTicket,idPersonaMesero,idPersona,rfc,idPago,fecha,detalleProducto) VALUES (236,28,98,'TUFA9801296O4',19,'2022-05-02 15:09:14','Salsa roja');
INSERT INTO ticket(idTicket,idPersonaMesero,idPersona,rfc,idPago,fecha,detalleProducto) VALUES (237,2,58,'IUYT290613116',224,'2022-01-08 18:27:16','Torta de pastor con queso');
INSERT INTO ticket(idTicket,idPersonaMesero,idPersona,rfc,idPago,fecha,detalleProducto) VALUES (238,27,212,'SUXF421335376',180,'2021-06-15 21:49:28','Torta de bistec con queso');
INSERT INTO ticket(idTicket,idPersonaMesero,idPersona,rfc,idPago,fecha,detalleProducto) VALUES (239,6,76,'QUZL111830GG0',294,'2021-04-27 01:33:52','Quesadillas de champiñones');
INSERT INTO ticket(idTicket,idPersonaMesero,idPersona,rfc,idPago,fecha,detalleProducto) VALUES (240,26,16,'JATS33101301U',2,'2021-02-03 16:58:28','Taco pastor dorado');
INSERT INTO ticket(idTicket,idPersonaMesero,idPersona,rfc,idPago,fecha,detalleProducto) VALUES (241,4,60,'WURB800325UD8',178,'2021-07-07 22:46:36','Torta de bistec con queso');
INSERT INTO ticket(idTicket,idPersonaMesero,idPersona,rfc,idPago,fecha,detalleProducto) VALUES (242,21,26,'MEGU930811TL3',270,'2020-07-09 07:05:54','Salsa habanero EXTREME');
INSERT INTO ticket(idTicket,idPersonaMesero,idPersona,rfc,idPago,fecha,detalleProducto) VALUES (243,3,172,'JATS33101301U',241,'2022-01-03 19:50:10','Burrito carne asada');
INSERT INTO ticket(idTicket,idPersonaMesero,idPersona,rfc,idPago,fecha,detalleProducto) VALUES (244,18,105,'KAHP29103995C',65,'2022-04-18 20:02:47','Burrito carne asada');
INSERT INTO ticket(idTicket,idPersonaMesero,idPersona,rfc,idPago,fecha,detalleProducto) VALUES (245,20,188,'QURU260117138',193,'2021-08-20 21:32:07','Salsa roja');
INSERT INTO ticket(idTicket,idPersonaMesero,idPersona,rfc,idPago,fecha,detalleProducto) VALUES (246,13,237,'IUYT290613116',198,'2020-06-11 12:29:50','Quesadillas de flor de calabaza');
INSERT INTO ticket(idTicket,idPersonaMesero,idPersona,rfc,idPago,fecha,detalleProducto) VALUES (247,2,76,'FAYW200836SC8',57,'2022-02-13 03:32:54','Burrito carne asada');
INSERT INTO ticket(idTicket,idPersonaMesero,idPersona,rfc,idPago,fecha,detalleProducto) VALUES (248,5,73,'LUVK030421EIJ',254,'2021-06-06 17:05:14','Gringa de bistec con queso');
INSERT INTO ticket(idTicket,idPersonaMesero,idPersona,rfc,idPago,fecha,detalleProducto) VALUES (249,27,87,'TUFA9801296O4',286,'2020-10-09 22:20:03','Gallito');
INSERT INTO ticket(idTicket,idPersonaMesero,idPersona,rfc,idPago,fecha,detalleProducto) VALUES (250,25,65,'QOLH310124B3J',159,'2021-05-14 19:15:11','Quesadillas de papa');
INSERT INTO ticket(idTicket,idPersonaMesero,idPersona,rfc,idPago,fecha,detalleProducto) VALUES (251,19,161,'YEAV261025N29',34,'2020-11-08 09:47:09','Taco pastor dorado');
INSERT INTO ticket(idTicket,idPersonaMesero,idPersona,rfc,idPago,fecha,detalleProducto) VALUES (252,1,157,'XUQX6316033H9',25,'2021-02-16 15:49:53','Burrito carne asada');
INSERT INTO ticket(idTicket,idPersonaMesero,idPersona,rfc,idPago,fecha,detalleProducto) VALUES (253,8,55,'KUEZ36143933T',215,'2021-01-30 22:43:26','Salsa habanero EXTREME');
INSERT INTO ticket(idTicket,idPersonaMesero,idPersona,rfc,idPago,fecha,detalleProducto) VALUES (254,26,90,'VUYC561808C17',24,'2021-07-20 23:36:10','Salsa verde hulk');
INSERT INTO ticket(idTicket,idPersonaMesero,idPersona,rfc,idPago,fecha,detalleProducto) VALUES (255,28,51,'JOAC591637UC3',194,'2020-05-22 10:43:13','Boing');
INSERT INTO ticket(idTicket,idPersonaMesero,idPersona,rfc,idPago,fecha,detalleProducto) VALUES (256,19,186,'AOYI910101689',173,'2021-12-10 11:51:32','Taco pastor con queso');
INSERT INTO ticket(idTicket,idPersonaMesero,idPersona,rfc,idPago,fecha,detalleProducto) VALUES (257,9,138,'JATS33101301U',169,'2020-06-11 23:43:07','Burrito carne asada');
INSERT INTO ticket(idTicket,idPersonaMesero,idPersona,rfc,idPago,fecha,detalleProducto) VALUES (258,13,243,'TUFA9801296O4',3,'2021-01-19 13:28:21','Salsa roja');
INSERT INTO ticket(idTicket,idPersonaMesero,idPersona,rfc,idPago,fecha,detalleProducto) VALUES (259,6,162,'DAEO270010PT4',147,'2021-06-21 23:41:57','Gringa de bistec con queso');
INSERT INTO ticket(idTicket,idPersonaMesero,idPersona,rfc,idPago,fecha,detalleProducto) VALUES (260,21,61,'KUEZ36143933T',196,'2020-11-04 10:10:19','Burrito Jr.');
INSERT INTO ticket(idTicket,idPersonaMesero,idPersona,rfc,idPago,fecha,detalleProducto) VALUES (261,1,217,'QURU260117138',172,'2020-07-21 15:52:23','Torta de bistec');
INSERT INTO ticket(idTicket,idPersonaMesero,idPersona,rfc,idPago,fecha,detalleProducto) VALUES (262,28,163,'SUXF421335376',186,'2021-01-06 07:00:11','Llenador');
INSERT INTO ticket(idTicket,idPersonaMesero,idPersona,rfc,idPago,fecha,detalleProducto) VALUES (263,11,123,'WURB800325UD8',44,'2020-06-16 17:48:30','Llenador');
INSERT INTO ticket(idTicket,idPersonaMesero,idPersona,rfc,idPago,fecha,detalleProducto) VALUES (264,4,114,'QOLH310124B3J',113,'2020-07-20 22:44:15','Quesadillas de flor de calabaza');
INSERT INTO ticket(idTicket,idPersonaMesero,idPersona,rfc,idPago,fecha,detalleProducto) VALUES (265,18,170,'KAHP29103995C',92,'2021-05-06 03:01:45','Gringa de pastor con queso');
INSERT INTO ticket(idTicket,idPersonaMesero,idPersona,rfc,idPago,fecha,detalleProducto) VALUES (266,20,191,'JOAC591637UC3',210,'2020-09-22 17:10:40','Torta de pollo');
INSERT INTO ticket(idTicket,idPersonaMesero,idPersona,rfc,idPago,fecha,detalleProducto) VALUES (267,25,198,'XUQX6316033H9',224,'2022-01-22 07:26:55','Boing');
INSERT INTO ticket(idTicket,idPersonaMesero,idPersona,rfc,idPago,fecha,detalleProducto) VALUES (268,27,2,'YEAV261025N29',50,'2020-09-22 22:26:34','Gringa de bistec');
INSERT INTO ticket(idTicket,idPersonaMesero,idPersona,rfc,idPago,fecha,detalleProducto) VALUES (269,23,59,'IUYT290613116',126,'2020-12-20 21:46:21','Quesadillas de huitlacoche');
INSERT INTO ticket(idTicket,idPersonaMesero,idPersona,rfc,idPago,fecha,detalleProducto) VALUES (270,8,249,'VUYC561808C17',60,'2020-10-31 15:07:23','Burrito carne asada');
INSERT INTO ticket(idTicket,idPersonaMesero,idPersona,rfc,idPago,fecha,detalleProducto) VALUES (271,5,36,'QOLH310124B3J',65,'2021-03-09 15:33:04','Llenador');
INSERT INTO ticket(idTicket,idPersonaMesero,idPersona,rfc,idPago,fecha,detalleProducto) VALUES (272,18,106,'QURU260117138',35,'2020-06-03 16:20:15','Vegetariano');
INSERT INTO ticket(idTicket,idPersonaMesero,idPersona,rfc,idPago,fecha,detalleProducto) VALUES (273,21,8,'VUYC561808C17',132,'2020-11-22 01:13:11','Salsa roja');
INSERT INTO ticket(idTicket,idPersonaMesero,idPersona,rfc,idPago,fecha,detalleProducto) VALUES (274,11,205,'WURB800325UD8',282,'2022-02-05 21:16:57','Coca cola');
INSERT INTO ticket(idTicket,idPersonaMesero,idPersona,rfc,idPago,fecha,detalleProducto) VALUES (275,20,169,'YEAV261025N29',41,'2021-11-02 21:58:53','Taco longaniza con queso');
INSERT INTO ticket(idTicket,idPersonaMesero,idPersona,rfc,idPago,fecha,detalleProducto) VALUES (276,23,120,'TUFA9801296O4',257,'2021-10-03 09:42:48','Gallito');
INSERT INTO ticket(idTicket,idPersonaMesero,idPersona,rfc,idPago,fecha,detalleProducto) VALUES (277,3,242,'IUYT290613116',175,'2021-03-30 21:26:23','Taco longaniza');
INSERT INTO ticket(idTicket,idPersonaMesero,idPersona,rfc,idPago,fecha,detalleProducto) VALUES (278,4,229,'QUZL111830GG0',223,'2020-05-21 02:26:41','Salsa habanero EXTREME');
INSERT INTO ticket(idTicket,idPersonaMesero,idPersona,rfc,idPago,fecha,detalleProducto) VALUES (279,26,189,'KUEZ36143933T',153,'2020-09-03 17:06:05','Torta de bistec');
INSERT INTO ticket(idTicket,idPersonaMesero,idPersona,rfc,idPago,fecha,detalleProducto) VALUES (280,13,217,'XUQX6316033H9',97,'2021-09-24 13:08:29','Salsa mango habanero');
INSERT INTO ticket(idTicket,idPersonaMesero,idPersona,rfc,idPago,fecha,detalleProducto) VALUES (281,28,162,'MEGU930811TL3',200,'2021-04-24 15:01:37','Taco suadero');
INSERT INTO ticket(idTicket,idPersonaMesero,idPersona,rfc,idPago,fecha,detalleProducto) VALUES (282,27,9,'JOAC591637UC3',218,'2020-12-07 02:48:30','Coca cola');
INSERT INTO ticket(idTicket,idPersonaMesero,idPersona,rfc,idPago,fecha,detalleProducto) VALUES (283,25,226,'LUVK030421EIJ',1,'2021-01-28 09:52:22','Quesadillas de chicharron prensado');
INSERT INTO ticket(idTicket,idPersonaMesero,idPersona,rfc,idPago,fecha,detalleProducto) VALUES (284,6,144,'JATS33101301U',142,'2022-04-03 14:11:46','Salsa habanero EXTREME');
INSERT INTO ticket(idTicket,idPersonaMesero,idPersona,rfc,idPago,fecha,detalleProducto) VALUES (285,1,20,'DAEO270010PT4',124,'2020-05-24 10:39:13','Salsa habanero EXTREME');
INSERT INTO ticket(idTicket,idPersonaMesero,idPersona,rfc,idPago,fecha,detalleProducto) VALUES (286,5,129,'MEGU930811TL3',151,'2021-05-17 10:10:11','Quesadillas de chicharron prensado');
INSERT INTO ticket(idTicket,idPersonaMesero,idPersona,rfc,idPago,fecha,detalleProducto) VALUES (287,8,76,'TUFA9801296O4',44,'2021-10-12 22:48:53','Gringa de pastor con queso');
INSERT INTO ticket(idTicket,idPersonaMesero,idPersona,rfc,idPago,fecha,detalleProducto) VALUES (288,19,142,'VUYC561808C17',38,'2020-10-24 16:33:11','Quesadillas de sesos');
INSERT INTO ticket(idTicket,idPersonaMesero,idPersona,rfc,idPago,fecha,detalleProducto) VALUES (289,9,105,'KUEZ36143933T',45,'2021-03-10 00:32:20','Gringa de pollo con queso');
INSERT INTO ticket(idTicket,idPersonaMesero,idPersona,rfc,idPago,fecha,detalleProducto) VALUES (290,1,171,'SUXF421335376',216,'2021-11-21 02:39:48','Torta de bistec con queso');
INSERT INTO ticket(idTicket,idPersonaMesero,idPersona,rfc,idPago,fecha,detalleProducto) VALUES (291,23,44,'FAYW200836SC8',206,'2021-05-24 05:30:53','Taco longaniza');
INSERT INTO ticket(idTicket,idPersonaMesero,idPersona,rfc,idPago,fecha,detalleProducto) VALUES (292,7,160,'IUYT290613116',226,'2021-12-01 17:03:55','Gringa de bistec');
INSERT INTO ticket(idTicket,idPersonaMesero,idPersona,rfc,idPago,fecha,detalleProducto) VALUES (293,28,176,'QUZL111830GG0',98,'2020-10-20 18:03:58','Agua de sabor');
INSERT INTO ticket(idTicket,idPersonaMesero,idPersona,rfc,idPago,fecha,detalleProducto) VALUES (294,2,77,'WURB800325UD8',243,'2021-04-08 23:03:22','Quesadillas de flor de calabaza');
INSERT INTO ticket(idTicket,idPersonaMesero,idPersona,rfc,idPago,fecha,detalleProducto) VALUES (295,4,68,'YEAV261025N29',139,'2021-03-25 07:16:49','Taco pastor dorado');
INSERT INTO ticket(idTicket,idPersonaMesero,idPersona,rfc,idPago,fecha,detalleProducto) VALUES (296,26,149,'XUQX6316033H9',217,'2021-10-16 16:10:22','Taco suadero con queso');
INSERT INTO ticket(idTicket,idPersonaMesero,idPersona,rfc,idPago,fecha,detalleProducto) VALUES (297,6,29,'QOLH310124B3J',141,'2022-06-14 21:41:01','Gringa de pastor con queso');
INSERT INTO ticket(idTicket,idPersonaMesero,idPersona,rfc,idPago,fecha,detalleProducto) VALUES (298,18,54,'LUVK030421EIJ',5,'2022-05-26 00:25:17','Coca cola');
INSERT INTO ticket(idTicket,idPersonaMesero,idPersona,rfc,idPago,fecha,detalleProducto) VALUES (299,3,118,'DAEO270010PT4',93,'2020-10-06 17:33:09','Taco suadero');
INSERT INTO ticket(idTicket,idPersonaMesero,idPersona,rfc,idPago,fecha,detalleProducto) VALUES (300,20,196,'AOYI910101689',63,'2022-02-26 23:40:38','Taco suadero');

-- REGISTRAR

INSERT INTO registrar(idProducto,idTicket,cantidad) VALUES (3,108,37);
INSERT INTO registrar(idProducto,idTicket,cantidad) VALUES (34,113,62);
INSERT INTO registrar(idProducto,idTicket,cantidad) VALUES (40,27,97);
INSERT INTO registrar(idProducto,idTicket,cantidad) VALUES (6,210,59);
INSERT INTO registrar(idProducto,idTicket,cantidad) VALUES (29,137,79);
INSERT INTO registrar(idProducto,idTicket,cantidad) VALUES (36,187,27);
INSERT INTO registrar(idProducto,idTicket,cantidad) VALUES (5,46,28);
INSERT INTO registrar(idProducto,idTicket,cantidad) VALUES (19,158,23);
INSERT INTO registrar(idProducto,idTicket,cantidad) VALUES (41,69,12);
INSERT INTO registrar(idProducto,idTicket,cantidad) VALUES (35,200,69);
INSERT INTO registrar(idProducto,idTicket,cantidad) VALUES (22,42,12);
INSERT INTO registrar(idProducto,idTicket,cantidad) VALUES (28,103,31);
INSERT INTO registrar(idProducto,idTicket,cantidad) VALUES (23,214,48);
INSERT INTO registrar(idProducto,idTicket,cantidad) VALUES (30,286,56);
INSERT INTO registrar(idProducto,idTicket,cantidad) VALUES (17,62,58);
INSERT INTO registrar(idProducto,idTicket,cantidad) VALUES (13,150,73);
INSERT INTO registrar(idProducto,idTicket,cantidad) VALUES (25,65,38);
INSERT INTO registrar(idProducto,idTicket,cantidad) VALUES (33,270,100);
INSERT INTO registrar(idProducto,idTicket,cantidad) VALUES (18,249,59);
INSERT INTO registrar(idProducto,idTicket,cantidad) VALUES (41,162,9);
INSERT INTO registrar(idProducto,idTicket,cantidad) VALUES (39,265,84);
INSERT INTO registrar(idProducto,idTicket,cantidad) VALUES (36,296,95);
INSERT INTO registrar(idProducto,idTicket,cantidad) VALUES (9,62,16);
INSERT INTO registrar(idProducto,idTicket,cantidad) VALUES (27,74,30);
INSERT INTO registrar(idProducto,idTicket,cantidad) VALUES (29,138,57);
INSERT INTO registrar(idProducto,idTicket,cantidad) VALUES (26,278,66);
INSERT INTO registrar(idProducto,idTicket,cantidad) VALUES (22,64,34);
INSERT INTO registrar(idProducto,idTicket,cantidad) VALUES (40,107,83);
INSERT INTO registrar(idProducto,idTicket,cantidad) VALUES (14,215,47);
INSERT INTO registrar(idProducto,idTicket,cantidad) VALUES (23,51,48);
INSERT INTO registrar(idProducto,idTicket,cantidad) VALUES (40,202,81);
INSERT INTO registrar(idProducto,idTicket,cantidad) VALUES (18,76,12);
INSERT INTO registrar(idProducto,idTicket,cantidad) VALUES (1,27,4);
INSERT INTO registrar(idProducto,idTicket,cantidad) VALUES (24,220,70);
INSERT INTO registrar(idProducto,idTicket,cantidad) VALUES (35,54,83);
INSERT INTO registrar(idProducto,idTicket,cantidad) VALUES (9,17,67);
INSERT INTO registrar(idProducto,idTicket,cantidad) VALUES (5,53,37);
INSERT INTO registrar(idProducto,idTicket,cantidad) VALUES (3,192,7);
INSERT INTO registrar(idProducto,idTicket,cantidad) VALUES (31,158,80);
INSERT INTO registrar(idProducto,idTicket,cantidad) VALUES (32,18,17);
INSERT INTO registrar(idProducto,idTicket,cantidad) VALUES (4,247,21);
INSERT INTO registrar(idProducto,idTicket,cantidad) VALUES (16,238,29);
INSERT INTO registrar(idProducto,idTicket,cantidad) VALUES (15,175,55);
INSERT INTO registrar(idProducto,idTicket,cantidad) VALUES (23,60,69);
INSERT INTO registrar(idProducto,idTicket,cantidad) VALUES (7,261,8);
INSERT INTO registrar(idProducto,idTicket,cantidad) VALUES (21,188,80);
INSERT INTO registrar(idProducto,idTicket,cantidad) VALUES (34,173,64);
INSERT INTO registrar(idProducto,idTicket,cantidad) VALUES (32,51,31);
INSERT INTO registrar(idProducto,idTicket,cantidad) VALUES (31,258,81);
INSERT INTO registrar(idProducto,idTicket,cantidad) VALUES (10,175,24);
INSERT INTO registrar(idProducto,idTicket,cantidad) VALUES (4,82,74);
INSERT INTO registrar(idProducto,idTicket,cantidad) VALUES (19,55,34);
INSERT INTO registrar(idProducto,idTicket,cantidad) VALUES (36,156,27);
INSERT INTO registrar(idProducto,idTicket,cantidad) VALUES (28,163,34);
INSERT INTO registrar(idProducto,idTicket,cantidad) VALUES (38,222,16);
INSERT INTO registrar(idProducto,idTicket,cantidad) VALUES (22,221,77);
INSERT INTO registrar(idProducto,idTicket,cantidad) VALUES (25,271,43);
INSERT INTO registrar(idProducto,idTicket,cantidad) VALUES (18,71,62);
INSERT INTO registrar(idProducto,idTicket,cantidad) VALUES (15,253,7);
INSERT INTO registrar(idProducto,idTicket,cantidad) VALUES (14,135,72);
INSERT INTO registrar(idProducto,idTicket,cantidad) VALUES (31,230,6);
INSERT INTO registrar(idProducto,idTicket,cantidad) VALUES (38,207,74);
INSERT INTO registrar(idProducto,idTicket,cantidad) VALUES (37,247,29);
INSERT INTO registrar(idProducto,idTicket,cantidad) VALUES (17,151,91);
INSERT INTO registrar(idProducto,idTicket,cantidad) VALUES (16,179,38);
INSERT INTO registrar(idProducto,idTicket,cantidad) VALUES (12,170,93);
INSERT INTO registrar(idProducto,idTicket,cantidad) VALUES (21,254,41);
INSERT INTO registrar(idProducto,idTicket,cantidad) VALUES (39,103,75);
INSERT INTO registrar(idProducto,idTicket,cantidad) VALUES (29,290,45);
INSERT INTO registrar(idProducto,idTicket,cantidad) VALUES (26,40,38);
INSERT INTO registrar(idProducto,idTicket,cantidad) VALUES (2,185,68);
INSERT INTO registrar(idProducto,idTicket,cantidad) VALUES (3,165,69);
INSERT INTO registrar(idProducto,idTicket,cantidad) VALUES (10,68,14);
INSERT INTO registrar(idProducto,idTicket,cantidad) VALUES (28,54,8);
INSERT INTO registrar(idProducto,idTicket,cantidad) VALUES (6,64,23);
INSERT INTO registrar(idProducto,idTicket,cantidad) VALUES (30,9,38);
INSERT INTO registrar(idProducto,idTicket,cantidad) VALUES (2,118,39);
INSERT INTO registrar(idProducto,idTicket,cantidad) VALUES (17,277,45);
INSERT INTO registrar(idProducto,idTicket,cantidad) VALUES (22,149,66);
INSERT INTO registrar(idProducto,idTicket,cantidad) VALUES (1,128,21);
INSERT INTO registrar(idProducto,idTicket,cantidad) VALUES (19,257,93);
INSERT INTO registrar(idProducto,idTicket,cantidad) VALUES (8,23,72);
INSERT INTO registrar(idProducto,idTicket,cantidad) VALUES (10,164,30);
INSERT INTO registrar(idProducto,idTicket,cantidad) VALUES (18,52,2);
INSERT INTO registrar(idProducto,idTicket,cantidad) VALUES (33,158,39);
INSERT INTO registrar(idProducto,idTicket,cantidad) VALUES (12,212,78);
INSERT INTO registrar(idProducto,idTicket,cantidad) VALUES (41,64,46);
INSERT INTO registrar(idProducto,idTicket,cantidad) VALUES (32,21,78);
INSERT INTO registrar(idProducto,idTicket,cantidad) VALUES (15,103,3);
INSERT INTO registrar(idProducto,idTicket,cantidad) VALUES (6,126,89);
INSERT INTO registrar(idProducto,idTicket,cantidad) VALUES (5,236,15);
INSERT INTO registrar(idProducto,idTicket,cantidad) VALUES (38,95,64);
INSERT INTO registrar(idProducto,idTicket,cantidad) VALUES (31,27,3);
INSERT INTO registrar(idProducto,idTicket,cantidad) VALUES (36,292,41);
INSERT INTO registrar(idProducto,idTicket,cantidad) VALUES (7,97,88);
INSERT INTO registrar(idProducto,idTicket,cantidad) VALUES (16,267,93);
INSERT INTO registrar(idProducto,idTicket,cantidad) VALUES (12,22,94);
INSERT INTO registrar(idProducto,idTicket,cantidad) VALUES (30,13,55);
INSERT INTO registrar(idProducto,idTicket,cantidad) VALUES (20,109,59);
INSERT INTO registrar(idProducto,idTicket,cantidad) VALUES (9,2,89);
INSERT INTO registrar(idProducto,idTicket,cantidad) VALUES (35,56,12);
INSERT INTO registrar(idProducto,idTicket,cantidad) VALUES (1,49,72);
INSERT INTO registrar(idProducto,idTicket,cantidad) VALUES (40,121,84);
INSERT INTO registrar(idProducto,idTicket,cantidad) VALUES (37,287,33);
INSERT INTO registrar(idProducto,idTicket,cantidad) VALUES (23,200,20);
INSERT INTO registrar(idProducto,idTicket,cantidad) VALUES (36,250,38);
INSERT INTO registrar(idProducto,idTicket,cantidad) VALUES (21,115,47);
INSERT INTO registrar(idProducto,idTicket,cantidad) VALUES (22,256,78);
INSERT INTO registrar(idProducto,idTicket,cantidad) VALUES (39,104,51);
INSERT INTO registrar(idProducto,idTicket,cantidad) VALUES (40,3,3);
INSERT INTO registrar(idProducto,idTicket,cantidad) VALUES (9,220,3);
INSERT INTO registrar(idProducto,idTicket,cantidad) VALUES (35,110,40);
INSERT INTO registrar(idProducto,idTicket,cantidad) VALUES (33,229,20);
INSERT INTO registrar(idProducto,idTicket,cantidad) VALUES (7,184,3);
INSERT INTO registrar(idProducto,idTicket,cantidad) VALUES (12,52,77);
INSERT INTO registrar(idProducto,idTicket,cantidad) VALUES (38,271,96);
INSERT INTO registrar(idProducto,idTicket,cantidad) VALUES (37,56,26);
INSERT INTO registrar(idProducto,idTicket,cantidad) VALUES (28,178,47);
INSERT INTO registrar(idProducto,idTicket,cantidad) VALUES (19,145,37);
INSERT INTO registrar(idProducto,idTicket,cantidad) VALUES (25,68,55);
INSERT INTO registrar(idProducto,idTicket,cantidad) VALUES (8,250,35);
INSERT INTO registrar(idProducto,idTicket,cantidad) VALUES (28,232,97);
INSERT INTO registrar(idProducto,idTicket,cantidad) VALUES (18,56,50);
INSERT INTO registrar(idProducto,idTicket,cantidad) VALUES (33,55,48);
INSERT INTO registrar(idProducto,idTicket,cantidad) VALUES (36,111,26);
INSERT INTO registrar(idProducto,idTicket,cantidad) VALUES (24,267,1);
INSERT INTO registrar(idProducto,idTicket,cantidad) VALUES (19,97,90);
INSERT INTO registrar(idProducto,idTicket,cantidad) VALUES (35,6,2);
INSERT INTO registrar(idProducto,idTicket,cantidad) VALUES (15,100,14);
INSERT INTO registrar(idProducto,idTicket,cantidad) VALUES (30,61,68);
INSERT INTO registrar(idProducto,idTicket,cantidad) VALUES (41,22,83);
INSERT INTO registrar(idProducto,idTicket,cantidad) VALUES (38,70,16);
INSERT INTO registrar(idProducto,idTicket,cantidad) VALUES (20,271,75);
INSERT INTO registrar(idProducto,idTicket,cantidad) VALUES (26,217,97);
INSERT INTO registrar(idProducto,idTicket,cantidad) VALUES (22,110,66);
INSERT INTO registrar(idProducto,idTicket,cantidad) VALUES (6,97,35);
INSERT INTO registrar(idProducto,idTicket,cantidad) VALUES (4,237,61);
INSERT INTO registrar(idProducto,idTicket,cantidad) VALUES (33,45,78);
INSERT INTO registrar(idProducto,idTicket,cantidad) VALUES (24,64,64);
INSERT INTO registrar(idProducto,idTicket,cantidad) VALUES (41,265,79);
INSERT INTO registrar(idProducto,idTicket,cantidad) VALUES (21,119,26);
INSERT INTO registrar(idProducto,idTicket,cantidad) VALUES (29,158,15);
INSERT INTO registrar(idProducto,idTicket,cantidad) VALUES (10,187,6);
INSERT INTO registrar(idProducto,idTicket,cantidad) VALUES (28,80,21);
INSERT INTO registrar(idProducto,idTicket,cantidad) VALUES (22,134,75);
INSERT INTO registrar(idProducto,idTicket,cantidad) VALUES (14,218,2);
INSERT INTO registrar(idProducto,idTicket,cantidad) VALUES (37,232,58);
INSERT INTO registrar(idProducto,idTicket,cantidad) VALUES (17,23,69);
INSERT INTO registrar(idProducto,idTicket,cantidad) VALUES (34,224,24);
INSERT INTO registrar(idProducto,idTicket,cantidad) VALUES (13,215,34);
INSERT INTO registrar(idProducto,idTicket,cantidad) VALUES (7,143,66);
INSERT INTO registrar(idProducto,idTicket,cantidad) VALUES (21,230,21);
INSERT INTO registrar(idProducto,idTicket,cantidad) VALUES (2,11,89);
INSERT INTO registrar(idProducto,idTicket,cantidad) VALUES (3,69,28);
INSERT INTO registrar(idProducto,idTicket,cantidad) VALUES (27,112,73);
INSERT INTO registrar(idProducto,idTicket,cantidad) VALUES (36,283,26);
INSERT INTO registrar(idProducto,idTicket,cantidad) VALUES (39,44,52);
INSERT INTO registrar(idProducto,idTicket,cantidad) VALUES (25,290,64);
INSERT INTO registrar(idProducto,idTicket,cantidad) VALUES (18,193,37);
INSERT INTO registrar(idProducto,idTicket,cantidad) VALUES (10,45,8);
INSERT INTO registrar(idProducto,idTicket,cantidad) VALUES (5,163,12);
INSERT INTO registrar(idProducto,idTicket,cantidad) VALUES (20,169,43);
INSERT INTO registrar(idProducto,idTicket,cantidad) VALUES (34,237,17);
INSERT INTO registrar(idProducto,idTicket,cantidad) VALUES (16,211,93);
INSERT INTO registrar(idProducto,idTicket,cantidad) VALUES (40,259,6);
INSERT INTO registrar(idProducto,idTicket,cantidad) VALUES (7,70,51);
INSERT INTO registrar(idProducto,idTicket,cantidad) VALUES (11,291,48);
INSERT INTO registrar(idProducto,idTicket,cantidad) VALUES (41,38,87);
INSERT INTO registrar(idProducto,idTicket,cantidad) VALUES (1,187,79);
INSERT INTO registrar(idProducto,idTicket,cantidad) VALUES (12,296,68);
INSERT INTO registrar(idProducto,idTicket,cantidad) VALUES (38,48,40);
INSERT INTO registrar(idProducto,idTicket,cantidad) VALUES (25,51,37);
INSERT INTO registrar(idProducto,idTicket,cantidad) VALUES (27,8,55);
INSERT INTO registrar(idProducto,idTicket,cantidad) VALUES (37,26,38);
INSERT INTO registrar(idProducto,idTicket,cantidad) VALUES (13,20,76);
INSERT INTO registrar(idProducto,idTicket,cantidad) VALUES (4,206,49);
INSERT INTO registrar(idProducto,idTicket,cantidad) VALUES (6,4,21);
INSERT INTO registrar(idProducto,idTicket,cantidad) VALUES (21,280,37);
INSERT INTO registrar(idProducto,idTicket,cantidad) VALUES (40,212,21);
INSERT INTO registrar(idProducto,idTicket,cantidad) VALUES (26,204,58);
INSERT INTO registrar(idProducto,idTicket,cantidad) VALUES (37,26,57);
INSERT INTO registrar(idProducto,idTicket,cantidad) VALUES (30,145,94);
INSERT INTO registrar(idProducto,idTicket,cantidad) VALUES (6,65,3);
INSERT INTO registrar(idProducto,idTicket,cantidad) VALUES (19,184,69);
INSERT INTO registrar(idProducto,idTicket,cantidad) VALUES (2,24,33);
INSERT INTO registrar(idProducto,idTicket,cantidad) VALUES (41,13,82);
INSERT INTO registrar(idProducto,idTicket,cantidad) VALUES (15,16,29);
INSERT INTO registrar(idProducto,idTicket,cantidad) VALUES (29,42,40);
INSERT INTO registrar(idProducto,idTicket,cantidad) VALUES (35,284,14);
INSERT INTO registrar(idProducto,idTicket,cantidad) VALUES (1,159,80);
INSERT INTO registrar(idProducto,idTicket,cantidad) VALUES (18,278,63);
INSERT INTO registrar(idProducto,idTicket,cantidad) VALUES (14,34,29);
INSERT INTO registrar(idProducto,idTicket,cantidad) VALUES (34,210,38);
INSERT INTO registrar(idProducto,idTicket,cantidad) VALUES (22,7,29);
INSERT INTO registrar(idProducto,idTicket,cantidad) VALUES (7,11,66);
INSERT INTO registrar(idProducto,idTicket,cantidad) VALUES (38,54,41);
INSERT INTO registrar(idProducto,idTicket,cantidad) VALUES (3,233,66);
INSERT INTO registrar(idProducto,idTicket,cantidad) VALUES (39,82,91);
INSERT INTO registrar(idProducto,idTicket,cantidad) VALUES (34,299,45);
INSERT INTO registrar(idProducto,idTicket,cantidad) VALUES (14,210,14);
INSERT INTO registrar(idProducto,idTicket,cantidad) VALUES (20,49,32);
INSERT INTO registrar(idProducto,idTicket,cantidad) VALUES (29,14,76);
INSERT INTO registrar(idProducto,idTicket,cantidad) VALUES (28,295,100);
INSERT INTO registrar(idProducto,idTicket,cantidad) VALUES (27,293,30);
INSERT INTO registrar(idProducto,idTicket,cantidad) VALUES (11,166,9);
INSERT INTO registrar(idProducto,idTicket,cantidad) VALUES (6,26,99);
INSERT INTO registrar(idProducto,idTicket,cantidad) VALUES (30,92,66);
INSERT INTO registrar(idProducto,idTicket,cantidad) VALUES (36,7,70);
INSERT INTO registrar(idProducto,idTicket,cantidad) VALUES (31,63,21);
INSERT INTO registrar(idProducto,idTicket,cantidad) VALUES (18,68,4);
INSERT INTO registrar(idProducto,idTicket,cantidad) VALUES (20,103,17);
INSERT INTO registrar(idProducto,idTicket,cantidad) VALUES (33,134,93);
INSERT INTO registrar(idProducto,idTicket,cantidad) VALUES (31,8,25);
INSERT INTO registrar(idProducto,idTicket,cantidad) VALUES (22,53,26);
INSERT INTO registrar(idProducto,idTicket,cantidad) VALUES (12,214,66);
INSERT INTO registrar(idProducto,idTicket,cantidad) VALUES (30,114,30);
INSERT INTO registrar(idProducto,idTicket,cantidad) VALUES (40,89,28);
INSERT INTO registrar(idProducto,idTicket,cantidad) VALUES (13,126,10);
INSERT INTO registrar(idProducto,idTicket,cantidad) VALUES (10,152,28);
INSERT INTO registrar(idProducto,idTicket,cantidad) VALUES (19,1,98);
INSERT INTO registrar(idProducto,idTicket,cantidad) VALUES (15,171,5);
INSERT INTO registrar(idProducto,idTicket,cantidad) VALUES (17,157,48);
INSERT INTO registrar(idProducto,idTicket,cantidad) VALUES (38,108,33);
INSERT INTO registrar(idProducto,idTicket,cantidad) VALUES (37,195,97);
INSERT INTO registrar(idProducto,idTicket,cantidad) VALUES (11,212,91);
INSERT INTO registrar(idProducto,idTicket,cantidad) VALUES (25,61,22);
INSERT INTO registrar(idProducto,idTicket,cantidad) VALUES (33,227,29);
INSERT INTO registrar(idProducto,idTicket,cantidad) VALUES (38,270,56);
INSERT INTO registrar(idProducto,idTicket,cantidad) VALUES (21,285,37);
INSERT INTO registrar(idProducto,idTicket,cantidad) VALUES (36,240,18);
INSERT INTO registrar(idProducto,idTicket,cantidad) VALUES (6,162,49);
INSERT INTO registrar(idProducto,idTicket,cantidad) VALUES (40,129,79);
INSERT INTO registrar(idProducto,idTicket,cantidad) VALUES (24,274,58);
INSERT INTO registrar(idProducto,idTicket,cantidad) VALUES (41,233,41);
INSERT INTO registrar(idProducto,idTicket,cantidad) VALUES (30,101,3);
INSERT INTO registrar(idProducto,idTicket,cantidad) VALUES (11,143,50);
INSERT INTO registrar(idProducto,idTicket,cantidad) VALUES (10,154,12);
INSERT INTO registrar(idProducto,idTicket,cantidad) VALUES (12,47,73);
INSERT INTO registrar(idProducto,idTicket,cantidad) VALUES (29,122,13);
INSERT INTO registrar(idProducto,idTicket,cantidad) VALUES (13,23,66);
INSERT INTO registrar(idProducto,idTicket,cantidad) VALUES (38,249,29);
INSERT INTO registrar(idProducto,idTicket,cantidad) VALUES (30,107,23);
INSERT INTO registrar(idProducto,idTicket,cantidad) VALUES (35,52,57);
INSERT INTO registrar(idProducto,idTicket,cantidad) VALUES (40,172,53);
INSERT INTO registrar(idProducto,idTicket,cantidad) VALUES (23,100,55);
INSERT INTO registrar(idProducto,idTicket,cantidad) VALUES (41,183,18);
INSERT INTO registrar(idProducto,idTicket,cantidad) VALUES (17,72,76);
INSERT INTO registrar(idProducto,idTicket,cantidad) VALUES (32,91,68);
INSERT INTO registrar(idProducto,idTicket,cantidad) VALUES (20,81,73);
INSERT INTO registrar(idProducto,idTicket,cantidad) VALUES (24,104,64);
INSERT INTO registrar(idProducto,idTicket,cantidad) VALUES (18,200,26);
INSERT INTO registrar(idProducto,idTicket,cantidad) VALUES (3,143,90);
INSERT INTO registrar(idProducto,idTicket,cantidad) VALUES (33,300,61);
INSERT INTO registrar(idProducto,idTicket,cantidad) VALUES (11,258,95);
INSERT INTO registrar(idProducto,idTicket,cantidad) VALUES (9,208,15);
INSERT INTO registrar(idProducto,idTicket,cantidad) VALUES (10,162,10);
INSERT INTO registrar(idProducto,idTicket,cantidad) VALUES (16,219,84);
INSERT INTO registrar(idProducto,idTicket,cantidad) VALUES (38,240,31);
INSERT INTO registrar(idProducto,idTicket,cantidad) VALUES (2,229,11);
INSERT INTO registrar(idProducto,idTicket,cantidad) VALUES (34,31,8);
INSERT INTO registrar(idProducto,idTicket,cantidad) VALUES (15,260,73);
INSERT INTO registrar(idProducto,idTicket,cantidad) VALUES (32,68,30);
INSERT INTO registrar(idProducto,idTicket,cantidad) VALUES (24,294,51);
INSERT INTO registrar(idProducto,idTicket,cantidad) VALUES (22,270,80);
INSERT INTO registrar(idProducto,idTicket,cantidad) VALUES (11,288,94);
INSERT INTO registrar(idProducto,idTicket,cantidad) VALUES (9,181,47);
INSERT INTO registrar(idProducto,idTicket,cantidad) VALUES (3,250,34);
INSERT INTO registrar(idProducto,idTicket,cantidad) VALUES (29,292,83);
INSERT INTO registrar(idProducto,idTicket,cantidad) VALUES (7,22,8);
INSERT INTO registrar(idProducto,idTicket,cantidad) VALUES (6,257,23);
INSERT INTO registrar(idProducto,idTicket,cantidad) VALUES (40,291,37);
INSERT INTO registrar(idProducto,idTicket,cantidad) VALUES (38,235,38);
INSERT INTO registrar(idProducto,idTicket,cantidad) VALUES (1,210,15);
INSERT INTO registrar(idProducto,idTicket,cantidad) VALUES (3,129,81);
INSERT INTO registrar(idProducto,idTicket,cantidad) VALUES (24,111,61);
INSERT INTO registrar(idProducto,idTicket,cantidad) VALUES (22,81,37);
INSERT INTO registrar(idProducto,idTicket,cantidad) VALUES (32,39,65);
INSERT INTO registrar(idProducto,idTicket,cantidad) VALUES (13,97,39);
INSERT INTO registrar(idProducto,idTicket,cantidad) VALUES (17,134,17);
INSERT INTO registrar(idProducto,idTicket,cantidad) VALUES (18,86,12);
INSERT INTO registrar(idProducto,idTicket,cantidad) VALUES (15,217,25);
INSERT INTO registrar(idProducto,idTicket,cantidad) VALUES (35,205,19);
INSERT INTO registrar(idProducto,idTicket,cantidad) VALUES (39,157,97);
INSERT INTO registrar(idProducto,idTicket,cantidad) VALUES (30,153,58);
INSERT INTO registrar(idProducto,idTicket,cantidad) VALUES (4,177,42);
INSERT INTO registrar(idProducto,idTicket,cantidad) VALUES (39,188,35);
INSERT INTO registrar(idProducto,idTicket,cantidad) VALUES (38,62,54);
INSERT INTO registrar(idProducto,idTicket,cantidad) VALUES (32,78,69);
INSERT INTO registrar(idProducto,idTicket,cantidad) VALUES (13,45,74);
INSERT INTO registrar(idProducto,idTicket,cantidad) VALUES (22,37,22);
INSERT INTO registrar(idProducto,idTicket,cantidad) VALUES (16,97,46);
INSERT INTO registrar(idProducto,idTicket,cantidad) VALUES (21,71,15);
INSERT INTO registrar(idProducto,idTicket,cantidad) VALUES (40,162,47);
INSERT INTO registrar(idProducto,idTicket,cantidad) VALUES (35,166,65);
INSERT INTO registrar(idProducto,idTicket,cantidad) VALUES (25,96,68);
INSERT INTO registrar(idProducto,idTicket,cantidad) VALUES (30,84,94);
INSERT INTO registrar(idProducto,idTicket,cantidad) VALUES (41,297,20);
INSERT INTO registrar(idProducto,idTicket,cantidad) VALUES (19,256,17);
INSERT INTO registrar(idProducto,idTicket,cantidad) VALUES (24,194,35);
INSERT INTO registrar(idProducto,idTicket,cantidad) VALUES (37,54,26);